Incident ID,Year,State,City Or County,Victims Killed,Victims Injured
271363,2014,Louisiana,New Orleans,0,4
269679,2014,California,Los Angeles,1,3
270036,2014,California,Sacramento,0,4
269167,2014,Illinois,East St. Louis,1,3
268598,2014,Missouri,Saint Louis,1,3
267792,2014,Kentucky,Winchester,1,3
268282,2014,Michigan,Detroit,1,3
282186,2014,New York,Webster,3,2
267721,2014,Illinois,Chicago,0,5
266570,2014,Florida,Sarasota,2,2
268910,2014,Mississippi,Waynesboro,1,4
266424,2014,Illinois,Calumet City,1,8
266407,2014,Illinois,Rockford,4,0
264901,2014,New Jersey,Elizabeth,0,4
263556,2014,Pennsylvania,Lansdale,6,0
263376,2014,Florida,Miami,1,4
263382,2014,Florida,Tampa,0,5
262202,2014,Oregon,Portland,0,4
259935,2014,Indiana,South Bend,0,4
227011,2014,Missouri,Saint Louis,1,3
226983,2014,Virginia,Newport News,0,5
226534,2014,Tennessee,Chattanooga,0,5
226388,2014,New York,Brooklyn,0,4
226150,2014,New Jersey,Newark,1,3
225903,2014,Georgia,Atlanta,3,2
225830,2014,Tennessee,Memphis,0,4
226018,2014,Texas,Georgetown,2,3
225036,2014,California,San Francisco,0,6
224362,2014,Virginia,Parksley,0,4
224131,2014,Colorado,Denver,1,4
223651,2014,Ohio,Cleveland,4,1
223799,2014,South Dakota,Sisseton,3,1
223729,2014,Ohio,Springfield,1,3
223582,2014,Pennsylvania,Pittsburgh,0,6
222792,2014,Illinois,Chicago,1,3
222393,2014,Nevada,North Las Vegas,0,4
221554,2014,Ohio,Akron,1,4
224746,2014,Texas,El Paso,0,5
221347,2014,Missouri,Springfield,4,0
221577,2014,Florida,Miami,1,3
217831,2014,California,Pomona,0,5
218054,2014,California,Los Angeles,0,4
217401,2014,California,Compton,0,4
216533,2014,California,San Francisco,0,4
212884,2014,Tennessee,Memphis,0,5
211348,2014,Kentucky,Cadiz,4,0
210363,2014,Washington,Marysville,4,1
209134,2014,New York,Queens,0,4
207145,2014,South Carolina,Graniteville,1,3
207687,2014,New York,Brooklyn,0,4
206303,2014,Michigan,Detroit,1,3
205726,2014,Georgia,Peachtree Corners,2,2
205298,2014,Georgia,Atlanta,0,4
204310,2014,California,Stockton,3,1
204477,2014,Georgia,Atlanta,1,3
204236,2014,New York,Utica,0,4
202981,2014,Georgia,Atlanta,0,4
204254,2014,New York,Guilderland,4,0
201052,2014,Michigan,Detroit,1,5
201630,2014,Florida,Jacksonville,3,1
201648,2014,Tennessee,Memphis,2,2
201502,2014,California,Pomona,0,4
198051,2014,South Carolina,Walterboro,1,6
198527,2014,California,Fresno,0,4
197416,2014,Pennsylvania,Philadelphia,0,4
197384,2014,Florida,Miami,0,15
197287,2014,Missouri,Saint Louis,0,5
198064,2014,South Carolina,Florence,1,4
194945,2014,Ohio,East Liverpool,0,4
193960,2014,Mississippi,Batesville,2,2
193570,2014,New York,Queens,0,4
192851,2014,Florida,Bell,7,0
191416,2014,Louisiana,New Orleans,0,5
190874,2014,Texas,Flour Bluff,3,1
2172621,2014,Texas,Corpus Christi,3,1
190599,2014,Alaska,Anchorage,0,6
189562,2014,Michigan,Detroit,1,7
188332,2014,Florida,Orlando,0,4
186488,2014,Georgia,Macon,0,5
185393,2014,Michigan,Flint,0,5
185430,2014,California,Los Angeles,0,6
185196,2014,Mississippi,Jackson,2,3
184507,2014,California,Highland,0,5
183432,2014,California,Livermore,0,5
182974,2014,Florida,Brooksville,3,1
181947,2014,Michigan,Detroit,1,3
180007,2014,California,San Fernando,4,5
180018,2014,Illinois,Chicago,1,3
180580,2014,Georgia,Augusta,1,3
178425,2014,Tennessee,Memphis,0,5
178006,2014,Louisiana,Saint Martinville,0,4
177770,2014,California,East Palo Alto,1,3
175943,2014,Massachusetts,Boston,0,4
175911,2014,New York,Queens,0,4
175839,2014,Nevada,Las Vegas,0,4
175788,2014,Utah,Salt Lake City,0,6
175779,2014,New Jersey,Plainfield,1,3
174560,2014,Tennessee,Memphis,1,3
174544,2014,Tennessee,Clarksville,0,4
175767,2014,Louisiana,New Orleans,0,4
173369,2014,New York,Buffalo,1,3
173628,2014,Georgia,Cartersville,1,3
172304,2014,Louisiana,New Orleans,2,5
172205,2014,District of Columbia,Washington,0,6
172288,2014,Georgia,Wrightsville,0,6
172180,2014,California,Moreno Valley,0,7
171802,2014,Minnesota,Minneapolis,1,8
173786,2014,District of Columbia,Washington,0,4
171823,2014,New Mexico,Albuquerque,1,3
171778,2014,Wisconsin,Milwaukee,0,4
170704,2014,California,Bakersfield,3,1
169326,2014,Georgia,Atlanta,0,5
168844,2014,Virginia,Culpeper,5,0
168551,2014,Texas,Humble,0,7
169024,2014,Tennessee,Columbia,0,5
168786,2014,Missouri,Saint Louis,0,5
167872,2014,Texas,Dallas,3,1
168307,2014,Pennsylvania,Pittsburgh,1,5
168169,2014,Massachusetts,New Bedford,0,7
167649,2014,Pennsylvania,Philadelphia,1,3
176329,2014,North Carolina,Hope Mills,2,4
165856,2014,Pennsylvania,Philadelphia,1,4
165089,2014,Missouri,Saint Louis,0,5
164513,2014,Maine,Saco,4,0
166970,2014,Arkansas,Pine Bluff,1,3
163930,2014,Georgia,Sylvester,0,8
163874,2014,Illinois,Chicago,1,6
162687,2014,Pennsylvania,Braddock,0,4
161302,2014,New Jersey,Irvington,0,6
162008,2014,Tennessee,Memphis,0,4
161063,2014,Nevada,Las Vegas,1,3
160998,2014,Illinois,East Saint Louis,1,3
160488,2014,Illinois,Chicago,0,4
159291,2014,District of Columbia,Washington,0,4
158387,2014,California,Sacramento,1,4
158589,2014,Connecticut,Stamford,0,5
158306,2014,Washington,Skyway,0,5
157857,2014,California,Pasadena,3,2
157580,2014,Illinois,Chicago,1,3
156670,2014,Texas,Spring,6,1
156468,2014,Rhode Island,Providence,0,5
162305,2014,Kentucky,Stopover,0,4
155943,2014,California,San Bernardino,1,4
156125,2014,Florida,Miami,2,2
155412,2014,Missouri,Saint Louis,0,4
155755,2014,New York,Buffalo,0,4
154971,2014,Oregon,Portland,1,4
154803,2014,Texas,Houston,0,6
154834,2014,Virginia,Norfolk,0,7
154721,2014,Indiana,Indianapolis,0,7
158055,2014,Illinois,Centreville,0,5
154844,2014,Virginia,Norfolk,0,5
156834,2014,Pennsylvania,Chester,0,5
153275,2014,Kentucky,Lexington,1,3
152468,2014,Louisiana,New Orleans,1,9
153648,2014,Missouri,Saint Louis,0,4
152693,2014,California,Los Angeles,1,5
152960,2014,California,Antioch,0,7
153578,2014,New York,Manhattan,0,4
152722,2014,California,San Diego,1,3
157018,2014,Michigan,Detroit,2,2
151659,2014,Wisconsin,Milwaukee,0,5
151475,2014,Massachusetts,Lowell,0,5
150299,2014,Florida,Miami,2,7
154136,2014,California,Windsor,1,3
150344,2014,Tennessee,Memphis,0,5
149954,2014,District of Columbia,Washington,0,4
157013,2014,Maryland,Seat Pleasant,0,4
146565,2014,Indiana,Kokomo,0,4
146586,2014,Illinois,Park Forest,0,4
149706,2014,California,Los Angeles,3,1
156245,2014,New Jersey,Paterson,0,6
144524,2014,Florida,Fort Myers,4,0
144565,2014,Alabama,Opp,1,4
143979,2014,Michigan,Oak Park,1,3
143723,2014,South Carolina,Moncks Corner,1,5
142822,2014,Illinois,Chicago,1,3
142818,2014,Georgia,Atlanta,1,4
142076,2014,Illinois,Chicago,0,7
141792,2014,California,Sacramento,0,4
141382,2014,Illinois,Chicago,1,5
153532,2014,California,San Bernardino,1,3
139281,2014,Ohio,Toledo,1,3
138567,2014,Michigan,Detroit,0,4
138645,2014,South Carolina,Myrtle Beach,3,1
138282,2014,California,Goleta,3,7
140185,2014,Louisiana,New Orleans,1,7
138370,2014,California,Bellflower,2,2
142123,2014,Texas,Dallas,1,3
135904,2014,Ohio,Sandusky,0,7
136567,2014,California,Coachella,1,3
136163,2014,District of Columbia,Washington,0,5
134823,2014,Georgia,Atlanta,0,5
134591,2014,Illinois,Chicago,0,4
134238,2014,Tennessee,Memphis,0,7
156823,2014,California,Sacramento,1,6
134044,2014,Georgia,Stone Mountain,1,3
134052,2014,Georgia,Decatur,2,3
132897,2014,Colorado,Wheat Ridge,0,4
131697,2014,Illinois,Chicago,1,3
131998,2014,Arkansas,Jonesboro,3,4
132405,2014,Texas,Houston,0,6
130933,2014,Illinois,Chicago,0,4
130232,2014,Georgia,Kennesaw,0,6
129730,2014,New York,Troy,0,5
128871,2014,Tennessee,Memphis,2,3
173109,2014,California,Los Angeles,1,3
127045,2014,Illinois,Montgomery,0,6
127413,2014,Illinois,Chicago,0,5
127381,2014,Florida,Tampa,2,2
156828,2014,District of Columbia,Washington,0,4
125028,2014,Louisiana,New Orleans,1,3
124146,2014,Indiana,Richmond,0,4
124131,2014,Illinois,Rockford,0,5
123891,2014,Tennessee,Lookout Valley,3,1
123008,2014,Louisiana,New Orleans,0,4
123666,2014,Massachusetts,Springfield,0,4
125863,2014,Oklahoma,Oklahoma City,0,4
122136,2014,Illinois,Chicago,1,5
122612,2014,Arizona,Phoenix,1,3
122672,2014,California,Fairfield,0,4
121031,2014,Texas,Fort Hood,3,16
120621,2014,Mississippi,Starkville,0,5
120303,2014,North Carolina,Charlotte,0,5
117818,2014,Texas,Arlington,1,3
172722,2014,California,Long Beach,1,3
117914,2014,California,San Francisco,0,7
117642,2014,South Carolina,North Charleston,0,4
117591,2014,Texas,Beaumont,3,1
125855,2014,Georgia,Waynesboro,0,4
115012,2014,New York,Brooklyn,0,4
113156,2014,Ohio,Fremont,3,1
113247,2014,Texas,Austin,0,6
113214,2014,Illinois,Chicago,0,6
113255,2014,California,Richmond,1,3
112415,2014,South Carolina,Pelzer,3,1
111095,2014,Pennsylvania,Pittsburgh,1,4
109957,2014,Virginia,Glade Spring,3,1
109142,2014,California,Wilmington,0,4
108649,2014,California,Alturas,4,1
108691,2014,Indiana,Indianapolis,4,0
107417,2014,Florida,Orlando (Pine Hills),1,6
108659,2014,Texas,Fort Worth,1,4
107673,2014,Indiana,Fort Wayne,0,5
107519,2014,Texas,Dallas,1,7
107433,2014,Florida,Jacksonville,1,4
107403,2014,Nevada,Las Vegas,0,5
106243,2014,California,Stockton,1,3
106394,2014,Indiana,Gary,0,4
106481,2014,California,Oakland,1,3
104721,2014,Florida,Miami,0,5
105010,2014,Louisiana,New Orleans,0,4
104218,2014,Illinois,Chicago,1,3
103698,2014,Indiana,Franklin,2,2
140117,2014,Texas,Cypress,4,0
101301,2014,North Carolina,Rocky Mount,0,4
113665,2014,Washington,Seattle,1,4
100434,2014,Illinois,Chicago,1,4
100568,2014,Florida,Belle Glade,0,4
98836,2014,New Jersey,Newark,2,3
104902,2014,Virginia,Manassas,0,4
97407,2014,Oklahoma,Ardmore,1,4
97365,2014,Utah,Spanish Fork,4,0
96792,2014,California,Los Angeles,0,4
96185,2014,Michigan,Detroit,0,4
95579,2014,Illinois,Elgin,0,5
95500,2014,Louisiana,Tallulah,0,6
95550,2014,Alabama,Huntsville,0,5
95146,2014,Mississippi,Jackson,0,4
94514,2014,Pennsylvania,Erie,1,3
92704,2014,New York,Queens,1,3
92194,2014,Virginia,Norfolk,2,2
476321,2015,Louisiana,New Orleans,0,5
473882,2015,Tennessee,Jackson,0,4
472268,2015,Pennsylvania,Philadelphia,0,4
471867,2015,Florida,Jacksonville,0,4
471860,2015,Alabama,Mobile,0,4
469468,2015,California,San Leandro,0,4
468968,2015,North Carolina,Wilmington,1,4
469614,2015,Florida,North Miami Beach,0,4
468787,2015,Florida,Miami,1,4
464665,2015,California,Los Angeles,1,3
464945,2015,California,Huntington Beach,0,4
465117,2015,Illinois,Lovejoy (Brooklyn),1,3
464002,2015,Georgia,Savannah,0,4
463642,2015,Maryland,Baltimore,1,3
463734,2015,Pennsylvania,Pittsburgh,0,4
461476,2015,Ohio,Cincinnati,1,3
460049,2015,Louisiana,Raceland,1,3
460386,2015,Nebraska,Omaha,2,3
456893,2015,California,San Bernardino,14,19
457037,2015,Georgia,Savannah,1,3
455394,2015,Illinois,Kankakee,0,5
454059,2015,Colorado,Colorado Springs,3,9
455684,2015,California,Sacramento,2,2
454788,2015,South Carolina,Conway,0,4
452120,2015,Minnesota,Minneapolis,0,5
452007,2015,Ohio,Columbus,3,1
451305,2015,New York,Newburgh,0,5
452362,2015,South Carolina,North Charleston,1,3
451349,2015,Illinois,Chicago,0,4
451495,2015,Louisiana,New Orleans,0,17
451338,2015,Washington,Seattle,0,4
453317,2015,Texas,Brownsville,0,4
451057,2015,Maryland,Baltimore,1,3
450505,2015,Pennsylvania,Pittsburgh,1,3
449814,2015,California,Fresno,0,5
448653,2015,Alabama,Cedar Bluff,3,1
448419,2015,Texas,Tennessee Colony,5,0
448286,2015,Pennsylvania,Philadelphia,0,4
447462,2015,Pennsylvania,Johnstown,0,4
446996,2015,Florida,Jacksonville,3,1
444458,2015,Indiana,Indianapolis,2,2
443821,2015,Iowa,Des Moines,1,3
444168,2015,Michigan,Warren,0,4
443652,2015,Colorado,Denver,1,3
444406,2015,California,Bakersfield,0,4
441681,2015,Florida,Jacksonville,2,3
440743,2015,South Carolina,Pendleton,4,0
438651,2015,Louisiana,Houma,1,3
437836,2015,Texas,Fort Worth,0,5
436234,2015,Arizona,Phoenix,1,4
436240,2015,District of Columbia,Washington,0,5
436202,2015,North Carolina,Four Oaks,0,5
436219,2015,South Carolina,Bamberg,0,4
435144,2015,Tennessee,Nashville,1,3
433146,2015,Illinois,Calumet City,0,6
432711,2015,Louisiana,New Orleans,0,4
432466,2015,Florida,Fort Myers,1,4
432072,2015,Indiana,Elkhart,0,4
429410,2015,Georgia,Decatur,0,4
428215,2015,Tennessee,Memphis,0,6
428247,2015,North Carolina,Charlotte,0,4
429614,2015,Illinois,Peoria,1,3
427621,2015,Arizona,Flagstaff,1,3
426256,2015,Maryland,Baltimore,0,5
424224,2015,Maryland,Baltimore,1,4
423223,2015,Oregon,Roseburg,9,9
422064,2015,Illinois,Chicago,3,2
422035,2015,Illinois,Chicago,2,3
422020,2015,Ohio,Dayton,0,4
421650,2015,Ohio,Cincinnati,0,5
421014,2015,Georgia,Greenville,0,10
421358,2015,Illinois,Chicago,0,4
420855,2015,Missouri,Kansas City,0,4
426559,2015,Illinois,Danville,0,4
419718,2015,Illinois,Chicago,0,5
418964,2015,Florida,Fort Myers,0,4
419250,2015,Louisiana,Shreveport,0,5
419826,2015,Georgia,Norcross,1,3
417013,2015,Oklahoma,Tulsa,0,6
417284,2015,Pennsylvania,Philadelphia,1,3
416872,2015,Illinois,Chicago,1,5
416812,2015,Indiana,Indianapolis,1,3
418318,2015,South Dakota,Geddes,5,0
415687,2015,Michigan,Albion,0,4
414580,2015,New Jersey,Newark,0,4
413001,2015,Florida,Ocala,1,5
412996,2015,Louisiana,Shreveport,0,4
412487,2015,New York,Rochester,2,3
412529,2015,Minnesota,Minneapolis,0,6
412539,2015,Minnesota,Minneapolis,1,3
412557,2015,North Carolina,Charlotte,0,4
409856,2015,Illinois,Chicago,0,4
411888,2015,Georgia,Berlin,0,4
409732,2015,Indiana,Gary,2,4
409601,2015,Colorado,Denver,0,4
412040,2015,Minnesota,Excelsior,4,0
408449,2015,North Carolina,Charlotte,1,3
408276,2015,Florida,Daytona Beach,0,4
409101,2015,Nevada,Las Vegas,1,3
408256,2015,Missouri,Columbia,0,4
404167,2015,Tennessee,Memphis,1,4
404238,2015,Tennessee,Bristol,3,1
405133,2015,Texas,Tyler,1,3
403069,2015,New York,Brooklyn,1,3
402623,2015,Florida,Saint Augustine,2,2
403669,2015,California,Salinas,2,2
401884,2015,Minnesota,Minneapolis (Brooklyn Center),0,4
402113,2015,Illinois,Chicago,2,2
402051,2015,Florida,West Palm Beach,2,2
402108,2015,Louisiana,New Orleans,1,3
400091,2015,California,Modesto,1,7
399564,2015,New Mexico,Roswell,3,1
399883,2015,Florida,Orlando,0,4
399212,2015,North Carolina,Durham,0,8
399367,2015,Ohio,Cincinnati,1,5
398361,2015,New York,Rochester,3,3
395844,2015,Texas,Fort Worth,0,6
395757,2015,Illinois,Chicago,0,4
395718,2015,South Carolina,Bennettsville,0,5
395837,2015,Pennsylvania,Pittsburgh,1,3
395694,2015,California,Los Angeles,0,4
395549,2015,South Carolina,Orangeburg,1,3
392131,2015,California,Long Beach,0,4
391263,2015,Mississippi,Forest,1,3
391219,2015,Michigan,Detroit,1,3
391014,2015,Missouri,Kansas City,0,4
390914,2015,North Carolina,Gastonia,1,3
390774,2015,Arkansas,Blytheville,1,11
390526,2015,Texas,Houston,8,0
390050,2015,Vermont,Barre,4,0
389057,2015,South Carolina,Columbia,0,4
389149,2015,Missouri,Saint Louis,1,4
387194,2015,New York,Brooklyn,0,5
385779,2015,New York,Brooklyn,0,9
386140,2015,Maryland,Baltimore,0,7
385824,2015,Illinois,Chicago,1,4
386066,2015,Georgia,Savannah,0,5
401742,2015,Illinois,Chicago,0,4
386937,2015,Florida,Orlando,0,4
384662,2015,Pennsylvania,Pittsburgh,0,4
382459,2015,Illinois,Rockford,0,5
381814,2015,Missouri,Kansas City,2,3
382170,2015,Louisiana,New Orleans,0,4
381433,2015,Virginia,Hopewell,0,4
382413,2015,Pennsylvania,Erie,2,3
380162,2015,Louisiana,Lafayette,2,9
382230,2015,Missouri,Saint Louis,0,6
379166,2015,Georgia,Suwanee,4,0
378452,2015,Florida,Miami Gardens,1,3
377878,2015,New York,Bronx,0,6
377189,2015,Virginia,Suffolk,0,4
377047,2015,Kentucky,Louisville,0,6
377181,2015,North Carolina,Rocky Mount,0,4
378102,2015,California,San Diego,0,4
390936,2015,California,Santa Paula,0,4
376702,2015,Oregon,Salem,1,4
377423,2015,Louisiana,Baton Rouge,2,2
376211,2015,Illinois,Chicago,0,5
376823,2015,District of Columbia,Washington,1,3
376203,2015,Ohio,Cincinnati,0,4
375773,2015,Texas,Dallas,0,4
375022,2015,Tennessee,Chattanooga,5,2
375322,2015,Maryland,Baltimore,1,3
375412,2015,Ohio,Cleveland,0,7
374630,2015,South Carolina,Holly Hill,4,1
374602,2015,Georgia,Atlanta,0,4
374965,2015,Michigan,Detroit,0,4
374292,2015,Missouri,Saint Louis,0,4
373993,2015,California,Norwalk,0,4
373768,2015,California,Stockton,1,4
373095,2015,Illinois,River Forest,1,3
373063,2015,New Jersey,Jersey City,0,4
370187,2015,Ohio,Cleveland,1,3
370474,2015,Maryland,Baltimore,3,1
369014,2015,Louisiana,Shreveport,0,5
368732,2015,Indiana,Fort Wayne,0,9
369196,2015,New Jersey,East Orange,1,3
369410,2015,Kentucky,Louisville,0,4
368987,2015,Massachusetts,Pittsfield,1,4
368867,2015,District of Columbia,Washington,1,3
368995,2015,New York,Syracuse,0,4
369127,2015,Texas,San Antonio,0,4
367780,2015,Indiana,Indianapolis,1,3
366046,2015,Florida,Opa Locka,0,4
367099,2015,Illinois,Venice,0,6
365391,2015,Michigan,Detroit,0,5
365399,2015,Delaware,Harrington,0,6
364872,2015,Massachusetts,Taunton,1,3
364789,2015,Michigan,Detroit,0,4
364210,2015,Louisiana,New Orleans,0,4
363418,2015,New York,New York (Manhattan),0,4
361948,2015,Pennsylvania,Philadelphia,0,7
361708,2015,Kentucky,Lexington,1,4
361198,2015,Pennsylvania,Philadelphia,0,10
360895,2015,North Carolina,Morven,0,4
361212,2015,Michigan,Detroit,1,11
361014,2015,Rhode Island,Woonsocket,0,4
359830,2015,South Carolina,Charleston,9,0
359215,2015,Florida,Miami Gardens,0,4
358117,2015,New York,Brooklyn,0,4
357597,2015,New Jersey,Camden,1,3
357667,2015,Oklahoma,Tulsa,0,4
357611,2015,Missouri,Saint Louis,0,4
357732,2015,Georgia,Fayetteville,1,4
357590,2015,Oklahoma,Oklahoma City,0,4
357770,2015,Georgia,Milledgeville,1,3
357701,2015,New York,Bronx,0,5
357164,2015,Ohio,Columbus,4,1
357220,2015,Florida,Allapattah,0,4
356065,2015,Connecticut,Bridgeport,1,8
355883,2015,Texas,Houston,1,3
355644,2015,California,Los Angeles,1,3
355267,2015,Missouri,Saint Louis,1,3
353854,2015,Montana,Deer Lodge,4,0
353536,2015,New York,Buffalo,1,4
353037,2015,Illinois,Chicago,0,5
353382,2015,Iowa,Davenport,0,5
352779,2015,Louisiana,New Orleans,1,3
351936,2015,New York,Wyandanch,3,1
350182,2015,Georgia,Conyers,2,2
350021,2015,Maryland,Springdale,1,3
349976,2015,Connecticut,New Haven,0,5
349289,2015,California,San Diego,0,4
348606,2015,Nebraska,Omaha,0,4
348620,2015,Illinois,Chicago,0,5
348673,2015,Pennsylvania,Chester,1,3
346725,2015,Louisiana,New Orleans,2,2
346097,2015,Illinois,Decatur,1,4
345681,2015,Massachusetts,Brockton,0,5
345749,2015,Michigan,Flint,0,7
346320,2015,Alabama,Montgomery,1,3
346179,2015,Missouri,Saint Louis,0,4
346202,2015,California,Fresno,2,2
344302,2015,Maryland,Baltimore,1,3
343106,2015,Missouri,Kinloch,0,4
342589,2015,Florida,Miami,1,4
341622,2015,Texas,Waco,9,18
341465,2015,Wisconsin,Milwaukee,0,5
341162,2015,New York,Rochester,0,4
341232,2015,Maryland,Baltimore,0,5
339229,2015,Arizona,Tucson,4,0
340280,2015,Maryland,Capitol Heights,1,4
337855,2015,Ohio,Cleveland,1,4
338034,2015,New Jersey,Jersey City,0,4
337767,2015,New Jersey,Newark,1,3
335903,2015,Ohio,Cincinnati,0,4
336622,2015,Michigan,Detroit,0,4
334681,2015,New York,Buffalo,1,3
334033,2015,Indiana,South Bend,0,4
334047,2015,New York,Bronx,0,4
333576,2015,Ohio,Dayton,1,6
333584,2015,Texas,Houston,0,6
333750,2015,Wisconsin,Menasha,3,1
332732,2015,Wisconsin,Milwaukee,2,3
330611,2015,New York,Brooklyn,2,4
330750,2015,Arizona,Gila Bend,2,2
329463,2015,New Jersey,Trenton,0,4
329322,2015,New York,Gates,1,6
326792,2015,Texas,Killeen,2,3
325862,2015,Virginia,Richmond,0,4
327341,2015,Alabama,Montgomery,0,5
325445,2015,Pennsylvania,Williamsport,0,5
325166,2015,North Carolina,Lumberton,1,3
325207,2015,North Carolina,Charlotte,0,4
325618,2015,New Jersey,Paterson,1,3
324424,2015,Arizona,Phoenix,4,0
319808,2015,Georgia,Rome,1,3
318125,2015,Pennsylvania,Pittsburgh,1,3
318221,2015,Kentucky,Louisville,1,4
318297,2015,Indiana,Indianapolis,0,5
318531,2015,Michigan,Benton Harbor,0,4
317165,2015,Florida,Daytona Beach,0,4
316795,2015,Maryland,Baltimore,0,5
314044,2015,Florida,Panama City Beach,0,7
313304,2015,Texas,Amarillo,0,4
312119,2015,Indiana,Indianapolis,4,0
311922,2015,Tennessee,Clarksville,1,4
311348,2015,New Mexico,Albuquerque,1,6
310573,2015,Florida,Tampa,0,4
310356,2015,Oklahoma,Oklahoma City,0,4
468151,2015,Texas,Lancaster,1,5
308839,2015,New Jersey,Newark,1,3
308728,2015,Arizona,Mesa,1,5
308687,2015,California,Stockton,3,4
307512,2015,California,Compton,0,4
306897,2015,Georgia,Atlanta,0,5
308201,2015,California,Coachella,0,4
305907,2015,Mississippi,Brookhaven,2,3
304238,2015,Georgia,Columbus,0,5
303659,2015,Illinois,Chicago,1,3
302786,2015,South Carolina,Seneca,1,3
491864,2015,Missouri,Saint Louis,0,4
300860,2015,California,San Bernardino,3,4
300660,2015,Florida,Orlando,0,4
299344,2015,Michigan,Detroit,1,5
299190,2015,Maryland,Baltimore,1,3
298122,2015,Missouri,Tyrone,7,1
588835,2015,Florida,Daytona Beach,0,4
296215,2015,Texas,Killeen,3,1
296327,2015,South Carolina,Charleston,0,4
296121,2015,Georgia,Clarkesville,2,2
295871,2015,California,Sacramento,0,4
295502,2015,Arkansas,Little Rock,1,3
293883,2015,California,Long Beach,0,5
290626,2015,Florida,New Port Richey,3,1
290510,2015,Tennessee,Friendship,0,6
289811,2015,Georgia,Douglasville,4,2
290098,2015,Oklahoma,Tulsa,1,3
289146,2015,Ohio,Beachwood (Warrensville Heights),3,3
287529,2015,New York,Syracuse,0,6
287031,2015,New York,New York (Manhattan),1,4
286810,2015,Georgia,Lagrange,4,0
285549,2015,Georgia,Ellenwood,1,3
285123,2015,California,Stockton,1,3
282956,2015,New York,Arverne (Queens),3,1
283041,2015,Nebraska,Omaha,3,5
283115,2015,Massachusetts,Boston,0,6
281663,2015,Tennessee,Clarksville,1,3
281039,2015,Texas,San Antonio,2,5
278927,2015,Illinois,Rockford,2,2
298773,2015,Virginia,Portsmouth,0,5
276845,2015,North Carolina,Hope Mills,2,5
277480,2015,Florida,Lakeland,1,3
276766,2015,California,San Jose,0,5
276536,2015,Kansas,Wichita,2,2
276459,2015,California,San Francisco,4,0
275986,2015,Massachusetts,Boston,1,3
275064,2015,Tennessee,Chattanooga,1,3
274867,2015,Florida,Miami,1,3
273535,2015,Virginia,Roanoke,2,4
273397,2015,Texas,Dallas,3,1
273965,2015,Georgia,Savannah,1,4
272016,2015,Tennessee,Memphis,0,5
740447,2016,Georgia,Lenox (El Dorado),2,2
738749,2016,Texas,Houston,1,3
738041,2016,Ohio,Mansfield,0,5
738576,2016,Connecticut,Wallingford,2,3
736690,2016,Georgia,Columbus,1,4
734157,2016,Illinois,Chicago,3,4
735947,2016,Alabama,Ozark,0,4
733599,2016,New York,Mount Vernon,1,5
732927,2016,North Carolina,Madison,0,7
733176,2016,North Carolina,Wilson,4,0
732263,2016,Alabama,Birmingham,1,3
732574,2016,Illinois,Chicago,0,4
728286,2016,North Carolina,Charlotte,0,4
727759,2016,Illinois,Chicago (Roseland),5,0
727555,2016,Illinois,Chicago,0,4
727544,2016,Illinois,Chicago,2,2
724667,2016,California,Sacramento,1,3
723649,2016,New York,Brooklyn,0,4
723643,2016,Florida,Orlando (Pine Hills),1,4
723292,2016,Maryland,Baltimore,0,5
725338,2016,North Carolina,Rocky Mount,0,4
725323,2016,Texas,Channelview,4,0
722452,2016,California,Fresno,0,4
719128,2016,New Mexico,Albuquerque,3,1
717873,2016,California,Los Angeles,0,6
717616,2016,New Jersey,Bloomfield,0,6
716001,2016,California,Clearlake Oaks,1,3
715101,2016,Maryland,Baltimore,2,4
712796,2016,Texas,Mission (Palmview),1,3
712776,2016,California,Wilmington,0,4
713445,2016,California,San Pedro,0,4
711597,2016,Louisiana,New Orleans,1,9
711744,2016,Missouri,Kansas City,0,7
710732,2016,Illinois,Chicago,1,5
710467,2016,Louisiana,New Orleans,0,4
709370,2016,Kentucky,Louisville,2,4
709276,2016,New York,Albany,1,3
708777,2016,Mississippi,Olive Branch,0,4
708392,2016,Florida,Clewiston,1,4
704568,2016,Illinois,Chicago,0,4
703245,2016,Tennessee,Dyersburg,1,7
699605,2016,Florida,Jacksonville,3,2
699332,2016,Texas,San Antonio,0,4
700232,2016,California,San Diego,2,2
699316,2016,Florida,Orlando,0,4
699033,2016,California,Sacramento,1,5
700363,2016,Missouri,Kansas City,1,3
699303,2016,Connecticut,Bridgeport,0,5
699863,2016,Texas,Houston,0,4
698383,2016,Texas,Houston,1,3
697377,2016,Illinois,Chicago,1,3
696352,2016,Tennessee,Memphis,0,4
696917,2016,Washington,Seattle,0,5
693438,2016,Texas,San Antonio,0,4
693401,2016,South Carolina,Myrtle Beach,0,5
693624,2016,Florida,Fort Lauderdale (Lauderhill),1,3
693374,2016,California,Oakland,0,6
693290,2016,Illinois,Chicago,0,5
693307,2016,Pennsylvania,Philadelphia,0,4
692020,2016,Illinois,Chicago,2,2
692315,2016,New Jersey,Orange,2,2
692025,2016,Arkansas,Little Rock,1,4
691113,2016,Tennessee,Memphis,1,5
689518,2016,Louisiana,Shreveport,0,4
688979,2016,Ohio,Toledo,0,4
689020,2016,Maryland,Capitol Heights,3,3
688841,2016,New York,New York (Manhattan),0,4
688577,2016,New York,Newburgh,2,5
688592,2016,Texas,San Antonio,0,5
689009,2016,California,Los Angeles,0,5
687940,2016,Ohio,Dayton,1,3
688210,2016,California,Riverside,0,4
688429,2016,Mississippi,Jackson,0,6
687375,2016,Florida,Miami Gardens,0,4
686312,2016,Georgia,Jackson,4,0
685379,2016,Ohio,Dayton,1,3
684130,2016,Virginia,Roanoke,1,3
683142,2016,Oklahoma,Wellston,1,4
682298,2016,California,Oakland,0,7
679290,2016,California,San Francisco,0,4
678438,2016,Illinois,Chicago (Englewood),1,4
677293,2016,Alabama,Mobile,0,5
676686,2016,Illinois,Rockford,1,5
676663,2016,California,Los Angeles,4,11
676376,2016,Illinois,Chicago,1,6
675993,2016,Illinois,Chicago,0,4
672203,2016,Michigan,Grand Rapids,1,8
672217,2016,California,Sacramento,1,3
671717,2016,New York,Brooklyn,0,4
669777,2016,Louisiana,New Orleans,3,2
668407,2016,Minnesota,Minneapolis,0,4
667984,2016,Texas,San Antonio,1,4
668279,2016,Illinois,Pembroke Township,4,0
668352,2016,California,Fresno,0,4
665995,2016,California,San Francisco,1,3
663624,2016,North Carolina,Winston Salem (Winston-salem),0,4
663789,2016,Texas,Humble,0,4
663106,2016,Texas,Houston,0,6
662548,2016,Illinois,Champaign,1,3
662342,2016,Maryland,Baltimore,0,8
661703,2016,Washington,Burlington,5,0
657854,2016,Pennsylvania,Philadelphia,0,4
658226,2016,Pennsylvania,Pittsburgh,0,4
657863,2016,Virginia,Lynchburg,1,3
657634,2016,District of Columbia,Washington,2,7
659289,2016,Florida,Miami,0,6
657136,2016,Florida,Orlando,1,6
657151,2016,Indiana,Indianapolis,2,2
656991,2016,California,Los Angeles (Hollywood),2,2
657023,2016,Pennsylvania,Philadelphia,1,5
655512,2016,Texas,Humble,1,3
654087,2016,Indiana,Fort Wayne,3,2
653077,2016,Louisiana,New Orleans,1,5
652584,2016,Missouri,Kansas City,0,6
652561,2016,Michigan,Saginaw,0,5
652606,2016,North Carolina,New Bern,0,5
652642,2016,Indiana,Fort Wayne,3,1
652759,2016,New Jersey,Jersey City,1,3
652175,2016,Florida,Miami,1,3
651957,2016,Texas,Del Valle,4,0
651434,2016,Arkansas,Hot Springs National Park (Hot Springs),1,4
648884,2016,Illinois,Chicago,2,3
648490,2016,Pennsylvania,Reading,0,4
647865,2016,Virginia,Roanoke,1,10
646995,2016,North Carolina,Wilmington,1,3
646855,2016,Illinois,Chicago,0,4
644723,2016,Georgia,Atlanta,0,4
643824,2016,Illinois,Chicago (Englewood),0,4
641732,2016,New Jersey,Egg Harbor City,0,4
641419,2016,Texas,Lubbock,0,6
640677,2016,New York,Bronx,0,4
640689,2016,Missouri,Saint Louis,2,2
640861,2016,Alabama,Dadeville,0,5
640500,2016,Alabama,Bessemer (Brighton),1,6
640203,2016,Florida,Miami,2,4
640901,2016,New Jersey,Bridgeton,0,5
634889,2016,Massachusetts,Boston,0,4
634787,2016,Connecticut,Bridgeport,0,13
634238,2016,Connecticut,Hamden,0,4
634731,2016,Washington,Tacoma,0,5
634819,2016,Alabama,Citronelle,5,0
632747,2016,Connecticut,Waterbury,0,4
632753,2016,California,Oakland,0,4
630007,2016,Virginia,Norfolk,0,4
629415,2016,Minnesota,Minneapolis,0,5
629663,2016,California,Los Angeles,0,4
628570,2016,Wisconsin,Milwaukee,2,2
628623,2016,New York,Richmond Hill,0,4
628635,2016,Missouri,Joplin,0,4
628178,2016,Florida,Jacksonville,1,3
627519,2016,Texas,Dallas,1,3
627757,2016,Pennsylvania,Philadelphia,0,4
626153,2016,Illinois,Evanston,0,4
626960,2016,California,Sacramento,1,3
624273,2016,Florida,Jacksonville,0,7
625735,2016,New Mexico,Albuquerque,2,2
624156,2016,California,Los Angeles,1,3
623523,2016,Colorado,Arvada,2,2
624046,2016,Mississippi,Vicksburg,1,3
623439,2016,Illinois,Chicago,0,4
623195,2016,Pennsylvania,Reading (Sinking Spring),4,0
624057,2016,Michigan,Pontiac,1,3
622500,2016,California,Perris,2,2
621232,2016,Tennessee,Memphis,0,4
620247,2016,Georgia,Decatur,1,3
619708,2016,Florida,Hollywood (West Park),0,4
619408,2016,Indiana,Evansville,0,4
617789,2016,Florida,Miami,3,1
617607,2016,Texas,Austin,1,4
617712,2016,Missouri,Saint Louis,0,5
616948,2016,Washington,Mukilteo,3,1
618321,2016,Georgia,Townsend (Eulonia),0,5
617334,2016,Georgia,Athens,0,7
615109,2016,New York,Elmira,0,5
615328,2016,Maryland,Baltimore,0,4
615024,2016,Illinois,Chicago,2,2
611479,2016,Florida,Fort Myers,2,18
610584,2016,Ohio,Hamilton,1,7
610756,2016,South Carolina,North Charleston,0,4
610093,2016,Ohio,Cincinnati,2,2
613805,2016,New York,Brooklyn,0,4
610379,2016,Texas,Bastrop,3,1
610402,2016,Illinois,Kankakee,0,5
609402,2016,Illinois,Chicago,0,5
608787,2016,California,Fresno,0,4
607265,2016,Arkansas,West Memphis,0,4
605367,2016,Michigan,Detroit,0,4
605475,2016,Texas,Houston,1,3
604762,2016,Louisiana,Baton Rouge,4,2
604459,2016,Texas,Dallas,0,5
604275,2016,Ohio,Cleveland,0,5
604233,2016,California,Bakersfield,1,14
605005,2016,California,San Bernardino,0,4
604175,2016,Tennessee,Clarksville,0,6
604207,2016,Washington,Woodland,3,1
603475,2016,Texas,Crosby,3,1
603733,2016,California,Oakland,0,4
603738,2016,Ohio,Akron,1,3
602810,2016,Georgia,Warner Robins,0,5
602765,2016,Missouri,Saint Louis,2,2
600798,2016,Maryland,Baltimore,0,5
601119,2016,Michigan,Jackson,0,4
600398,2016,Michigan,Saint Joseph,2,2
601512,2016,District of Columbia,Washington,0,4
597366,2016,Louisiana,Baton Rouge,0,4
597756,2016,Texas,Dallas,5,9
597176,2016,Tennessee,Bristol,1,3
595557,2016,California,Los Angeles,0,4
595166,2016,New York,Brooklyn,0,7
595069,2016,Texas,Houston,3,2
595048,2016,Pennsylvania,Pittsburgh,0,4
595279,2016,Illinois,Chicago (Englewood),0,4
596159,2016,Ohio,Cleveland,0,4
595482,2016,Arizona,Phoenix,2,6
594051,2016,Louisiana,Monroe,2,3
594480,2016,Tennessee,Chattanooga,0,4
592724,2016,Illinois,Chicago,1,4
592207,2016,Nevada,Las Vegas,4,0
591975,2016,California,Los Angeles,1,3
591294,2016,Illinois,Chicago,0,4
589488,2016,Oregon,Woodburn,3,1
590233,2016,South Carolina,Bennettsville,0,4
589159,2016,North Carolina,Charlotte,0,5
588867,2016,Georgia,Atlanta,1,4
589165,2016,Texas,Houston,1,3
588918,2016,Texas,Corpus Christi,0,4
587755,2016,Texas,Fort Worth,2,5
589470,2016,Virginia,Norfolk,0,4
587983,2016,Illinois,Chicago,0,4
589046,2016,Kansas,Kansas City,0,4
587735,2016,Connecticut,Hartford,0,5
587769,2016,Maryland,District Heights,3,2
586122,2016,Georgia,Stone Mountain,1,3
585821,2016,Washington,Olympia,3,1
586058,2016,Illinois,Chicago,0,4
586044,2016,New Jersey,Willingboro,0,4
585615,2016,Kentucky,Louisville,2,2
583631,2016,Virginia,Roanoke,0,4
583537,2016,Georgia,Waycross,2,2
583584,2016,Virginia,Exmore,1,3
583362,2016,Illinois,Chicago,0,4
580791,2016,California,Oakland,1,3
580848,2016,Delaware,Wilmington,0,4
579517,2016,California,Fresno,0,4
579786,2016,New York,Brooklyn,0,5
580279,2016,Illinois,Chicago,0,5
577157,2016,Florida,Orlando,49,53
578238,2016,Minnesota,Webster,0,4
576774,2016,North Carolina,Charlotte,1,3
577938,2016,California,Stockton,1,3
577574,2016,New Mexico,Roswell,5,0
577073,2016,California,Panorama City,2,2
575607,2016,Florida,Fort Walton Beach,0,4
574850,2016,District of Columbia,Washington,0,4
574753,2016,Massachusetts,Boston,1,3
573327,2016,California,Visalia,0,4
572766,2016,Arizona,Phoenix,2,3
575061,2016,Minnesota,Minneapolis,0,4
572696,2016,Florida,Cape Coral,2,3
572513,2016,New York,Brooklyn,0,4
571859,2016,Colorado,Denver,3,1
569225,2016,Illinois,Chicago,0,4
569189,2016,Indiana,Fort Wayne,0,4
568528,2016,Maryland,Baltimore,0,5
568745,2016,California,Sacramento,0,5
567788,2016,Nevada,Las Vegas,0,4
567673,2016,New Jersey,Trenton,0,6
567494,2016,Indiana,Indianapolis,0,4
567614,2016,Texas,Houston,1,6
564470,2016,New Jersey,Newark,0,5
563829,2016,Louisiana,New Orleans,0,4
563514,2016,California,Stockton,1,3
563751,2016,Tennessee,Nashville,0,4
563630,2016,Georgia,Jackson,1,3
561912,2016,Indiana,Indianapolis,0,4
560782,2016,South Carolina,Ravenel,3,1
565244,2016,Georgia,Moultrie,5,0
559194,2016,Indiana,Evansville,0,4
559042,2016,Georgia,Atlanta,0,5
558796,2016,West Virginia,Charleston,1,3
557589,2016,Alabama,Birmingham,1,4
557479,2016,Illinois,Chicago,0,5
555126,2016,Texas,Austin,1,3
555873,2016,Michigan,Detroit,1,4
555886,2016,Alabama,Montgomery,1,3
554133,2016,Maryland,Bethesda,3,3
553803,2016,Louisiana,Shreveport,2,6
554027,2016,Florida,Miami,1,3
553570,2016,Minnesota,Minneapolis,1,7
551053,2016,Tennessee,Murfreesboro,0,5
550619,2016,California,Oakland,0,5
550445,2016,Missouri,Saint Louis (Ferguson),0,4
549507,2016,Louisiana,Baton Rouge,2,2
549071,2016,Mississippi,Kilmichael,3,1
548333,2016,Maryland,District Heights (Forestville),1,4
547639,2016,Tennessee,Nashville,0,4
547827,2016,Florida,Miami,0,5
546760,2016,Virginia,Halifax,0,4
547319,2016,Illinois,Chicago (Englewood),2,3
546818,2016,Colorado,Denver,0,4
546581,2016,Nevada,Las Vegas,1,3
546244,2016,Alabama,Auburn,3,1
546258,2016,New York,New York (Manhattan),0,4
546550,2016,Kansas,Topeka,0,4
546022,2016,Georgia,Appling,5,0
545525,2016,Ohio,Piketon,8,0
545501,2016,Maryland,Baltimore,0,4
543441,2016,Alabama,Blountsville,0,4
544080,2016,Illinois,Chicago,1,3
543132,2016,Illinois,Chicago,1,4
543244,2016,California,Long Beach,1,3
541996,2016,Pennsylvania,Philadelphia,3,1
543102,2016,South Carolina,Pelzer,1,3
543108,2016,Texas,Edinburg,1,6
542259,2016,Michigan,Detroit,1,4
541987,2016,Florida,Orlando,2,4
542362,2016,Alabama,Enterprise,0,4
537825,2016,Wisconsin,Milwaukee,1,3
537820,2016,California,Los Angeles,0,4
537311,2016,Tennessee,Memphis,0,4
539705,2016,Alabama,Anniston,0,4
537085,2016,New Mexico,Albuquerque,0,4
535927,2016,Illinois,Chicago,0,4
532604,2016,Illinois,Chicago (Englewood),0,4
530049,2016,Louisiana,Shreveport,0,4
528614,2016,Illinois,Chicago,0,4
529488,2016,Colorado,Denver,0,4
526380,2016,Illinois,Chicago,0,4
525464,2016,Florida,Plantation,1,4
525301,2016,Alabama,Wetumpka,2,2
523044,2016,Georgia,Atlanta,0,5
522122,2016,Florida,Fort Myers,0,4
521821,2016,Oregon,Portland,0,4
521074,2016,California,Oakland,0,4
520767,2016,Michigan,Detroit,2,2
520290,2016,New Jersey,Trenton,0,5
519541,2016,Pennsylvania,Pittsburgh (Wilkinsburg),6,2
518266,2016,Texas,San Antonio,2,3
517895,2016,Louisiana,Lafayette,0,4
518436,2016,Kansas,Kansas City,5,0
517058,2016,Massachusetts,Chelsea,1,6
517114,2016,Georgia,Roswell,0,4
517073,2016,California,Compton,1,8
516758,2016,Kansas,Wichita,0,4
516341,2016,Ohio,Columbus,1,3
513640,2016,California,Mira Loma,1,3
513549,2016,Michigan,Detroit,0,5
512880,2016,Virginia,Woodbridge (Lake Ridge),2,2
512073,2016,Washington,Belfair,4,0
511436,2016,Kansas,Hesston,3,14
509897,2016,Arizona,Glendale,4,0
510769,2016,Florida,Daytona Beach,0,4
509707,2016,Texas,Houston,0,5
508879,2016,Missouri,Hazelwood,1,3
508341,2016,Florida,Tampa,1,3
508640,2016,Michigan,Kalamazoo,6,2
508356,2016,Alabama,Bessemer,1,3
508510,2016,Florida,Orlando,0,4
508113,2016,Mississippi,Iuka,1,3
590221,2016,Missouri,Edgerton,4,0
507998,2016,California,Vallejo,1,3
505420,2016,Alabama,Eutaw,0,5
504879,2016,Texas,Houston,0,4
504996,2016,Louisiana,Marrero,0,4
501256,2016,Mississippi,Pass Christian,2,4
501233,2016,Florida,Orlando,2,10
501168,2016,New York,Rochester,1,7
501349,2016,Illinois,Chicago (Englewood),0,4
501267,2016,California,Los Angeles,1,3
500629,2016,Florida,Apopka,0,4
500556,2016,Florida,Tampa,2,6
499422,2016,District of Columbia,Washington,0,4
495940,2016,Arizona,Glendale,3,5
494378,2016,Virginia,Chesapeake,5,0
493536,2016,Washington,Seattle,2,3
493085,2016,California,Perris,1,4
491312,2016,California,Los Angeles,2,2
486728,2016,Virginia,Gloucester,1,3
483750,2016,Delaware,Wilmington,1,4
481849,2016,District of Columbia,Washington,0,4
481900,2016,Illinois,Chicago,1,4
481429,2016,Tennessee,Memphis,1,3
479613,2016,Florida,Lakeland,3,1
1017372,2017,Colorado,Littleton (Highlands Ranch),1,6
1017422,2017,Illinois,Chicago,0,4
1018118,2017,New Jersey,Long Branch,4,0
1015666,2017,Nevada,Las Vegas,2,2
1015336,2017,Florida,Miami,0,5
1013983,2017,Mississippi,Vicksburg,0,5
1014052,2017,Alabama,Troy,1,4
1014971,2017,Louisiana,Eunice,1,3
1013377,2017,Alabama,Birmingham,0,4
1012704,2017,Louisiana,Lafayette,0,4
1009629,2017,Mississippi,Mc Cool (Mccool),0,4
1008310,2017,California,Pacoima,0,5
1007054,2017,Ohio,Columbus,1,3
1006150,2017,Kentucky,Louisville,0,4
1006446,2017,Texas,Garland,0,4
1004454,2017,Massachusetts,Boston,0,4
1002514,2017,Illinois,Chicago,0,4
1001566,2017,Pennsylvania,Pittsburgh,2,2
1000479,2017,Tennessee,Memphis,1,3
999969,2017,Michigan,Detroit,0,4
998843,2017,Michigan,Detroit,1,4
994323,2017,Mississippi,Brookhaven,1,6
995015,2017,Ohio,Cleveland,1,5
991017,2017,Minnesota,Minneapolis,0,4
990974,2017,Louisiana,New Iberia,0,4
989838,2017,Georgia,Columbus,0,7
988824,2017,California,Richmond,2,2
987611,2017,California,Corning,5,12
986236,2017,Indiana,Gary,0,7
987134,2017,California,Fresno,0,5
986816,2017,Georgia,Atlanta,2,2
985582,2017,Texas,Dallas,1,3
985832,2017,North Carolina,Fayetteville,1,4
986092,2017,Louisiana,New Orleans,1,5
984822,2017,Ohio,Dayton (Trotwood),0,4
984455,2017,Pennsylvania,Philadelphia,0,4
980577,2017,Texas,Sutherland Springs,26,20
980269,2017,Texas,Austin,0,4
980192,2017,Ohio,Youngstown,0,4
980060,2017,California,Santa Monica,1,3
979651,2017,Minnesota,Minneapolis,0,4
980258,2017,California,Gardena,0,4
980004,2017,New York,Buffalo,0,4
980401,2017,Louisiana,Lacombe,0,4
975600,2017,Texas,Austin,1,3
975817,2017,Ohio,Toledo,0,4
974704,2017,Virginia,Petersburg,1,3
974051,2017,Kentucky,Louisville,0,6
974411,2017,California,San Francisco,0,4
966895,2017,California,Clearlake Oaks,2,3
966153,2017,Connecticut,Hartford,0,4
966178,2017,Alabama,Lanett,2,7
965066,2017,Florida,Tampa,0,4
965077,2017,Florida,Jacksonville,0,4
965756,2017,Tennessee,Nashville,0,4
965251,2017,Pennsylvania,Chester,0,4
962359,2017,Maryland,Edgewood,3,3
962155,2017,New York,Brooklyn,0,4
962623,2017,Mississippi,Meridian,1,3
960036,2017,Texas,Houston,2,2
959126,2017,Arizona,Phoenix,1,3
957980,2017,California,Aliso Viejo,2,2
957562,2017,Ohio,Pedro,4,0
956990,2017,California,Long Beach,2,2
956942,2017,California,San Francisco,0,4
955268,2017,Texas,Houston,0,5
954428,2017,Arizona,Phoenix,0,4
953156,2017,Illinois,Chicago,0,5
952720,2017,Arizona,Casa Grande,4,0
952220,2017,Florida,Miami,0,4
945990,2017,Kansas,Lawrence,3,2
946496,2017,Nevada,Las Vegas,58,441
946138,2017,Tennessee,Memphis,1,3
944448,2017,Louisiana,New Orleans,1,3
942628,2017,Pennsylvania,Philadelphia,1,3
942522,2017,Tennessee,Memphis,0,4
942830,2017,Maryland,Baltimore,2,2
941144,2017,Maryland,Baltimore,0,4
940554,2017,Tennessee,Antioch,1,7
940644,2017,New York,Syracuse,0,4
1974755,2017,Pennsylvania,Philadelphia,0,4
941257,2017,New Jersey,Mays Landing,1,3
939834,2017,California,Bakersfield,1,4
940068,2017,Illinois,Danville,0,5
940142,2017,Connecticut,Hartford,2,2
939482,2017,Indiana,Gary,0,5
936028,2017,Michigan,Detroit,1,3
935928,2017,Virginia,Petersburg,1,4
934036,2017,South Carolina,Columbia,0,7
933957,2017,Illinois,Chicago,4,0
932526,2017,Tennessee,Memphis,1,5
932181,2017,Washington,Rockford,1,3
932906,2017,Pennsylvania,York,0,4
932619,2017,Pennsylvania,Philadelphia,0,4
930569,2017,Texas,Plano,8,1
930266,2017,Louisiana,New Orleans,1,3
931139,2017,Alabama,Selma,0,4
928380,2017,Illinois,Chicago,0,4
927277,2017,Illinois,Bellwood,0,4
926766,2017,California,Inglewood,2,3
925809,2017,Kentucky,Louisville,0,4
925436,2017,Illinois,Chicago,1,3
922184,2017,New Mexico,Clovis,2,4
921733,2017,California,Sacramento,1,4
921653,2017,Indiana,Evansville,1,3
921289,2017,Florida,Gainesville,0,4
920513,2017,Missouri,Saint Louis,4,0
918204,2017,Illinois,Chicago,0,4
917793,2017,New Jersey,Newark,0,4
918061,2017,New Jersey,Newark,1,3
917820,2017,North Carolina,Whitakers,4,0
917713,2017,Maryland,Baltimore,1,3
917838,2017,Tennessee,Memphis,0,4
916808,2017,New York,Brooklyn,0,4
916848,2017,Illinois,Chicago,2,5
916551,2017,Ohio,Cleveland,1,4
914819,2017,New York,Wyandanch,0,4
913924,2017,California,North Hollywood,2,2
912805,2017,Pennsylvania,Philadelphia,0,5
912322,2017,California,Sacramento,0,4
912375,2017,Virginia,Suffolk,0,4
912093,2017,Missouri,Saint Louis,1,3
909423,2017,Illinois,Chicago,1,6
907555,2017,New York,Bronx,0,6
907546,2017,New York,Bronx,0,4
907857,2017,California,Oakland,0,7
907247,2017,New Jersey,Lakewood,0,4
907611,2017,South Carolina,Allendale,1,3
906568,2017,Florida,Tallahassee,1,3
906509,2017,Montana,Lodge Grass,3,2
906126,2017,District of Columbia,Washington,1,3
904329,2017,Maryland,Baltimore,0,4
903853,2017,Illinois,Chicago,0,4
904106,2017,Washington,Toppenish,0,6
904026,2017,California,Fresno,0,7
903090,2017,Illinois,Decatur,0,4
902187,2017,Texas,El Paso,1,3
901549,2017,Virginia,Norfolk,1,5
901083,2017,New York,Buffalo,1,4
901000,2017,North Carolina,Salisbury,2,3
900963,2017,Delaware,Wilmington,0,4
900387,2017,Illinois,Chicago,1,4
898631,2017,North Carolina,High Point,1,6
898448,2017,Florida,Jacksonville,1,3
896444,2017,Illinois,Chicago,1,3
896889,2017,Louisiana,Baton Rouge,0,4
896149,2017,Ohio,Cincinnati,0,5
893690,2017,Virginia,Richmond,0,5
894504,2017,California,Los Angeles,1,3
893726,2017,Wisconsin,Milwaukee,0,4
893712,2017,New Jersey,Trenton,1,3
893752,2017,Arizona,El Mirage,0,4
891291,2017,Pennsylvania,Philadelphia,1,3
891092,2017,Illinois,Chicago,0,4
886564,2017,Virginia,Lawrenceville,0,7
886002,2017,Illinois,Alton,0,4
886220,2017,Ohio,Cincinnati,1,8
884764,2017,Mississippi,Meridian,0,4
883052,2017,Georgia,Savannah,0,4
883282,2017,Illinois,Chicago (Roseland),2,2
883058,2017,Maine,Madison,3,1
882665,2017,Florida,Orlando (Pine Castle),0,4
882321,2017,Virginia,Hampton,1,4
883489,2017,North Carolina,Raleigh,1,3
882422,2017,Alabama,Prattville,3,1
881921,2017,Michigan,Pontiac,1,3
881700,2017,New Jersey,Jersey City,0,4
880738,2017,South Carolina,Greenwood,0,4
879953,2017,Arkansas,Little Rock,0,25
883656,2017,Illinois,Momence,0,4
880808,2017,New Jersey,Newark,2,2
880813,2017,California,Oakland,0,4
879412,2017,New York,Bronx,1,6
877295,2017,Illinois,Chicago,0,5
876010,2017,District of Columbia,Washington,0,4
875886,2017,Missouri,Saint Louis,1,3
874613,2017,Florida,Fort Lauderdale,1,4
875322,2017,New York,New York (Manhattan),0,5
876076,2017,New Jersey,Willingboro,0,4
873847,2017,Georgia,Atlanta,1,6
870095,2017,Missouri,Saint Louis,2,2
870222,2017,District of Columbia,Washington,0,4
869877,2017,Illinois,Chicago,0,4
869968,2017,South Carolina,Myrtle Beach,0,6
869838,2017,Illinois,Chicago,0,4
869357,2017,Ohio,Columbus,1,4
868042,2017,Virginia,Richmond,1,3
868363,2017,New Mexico,La Madera,5,0
866739,2017,Virginia,Alexandria,0,5
868147,2017,Ohio,Canton,0,4
866933,2017,California,San Francisco,3,2
866412,2017,Maryland,Baltimore,0,4
866448,2017,Maryland,Baltimore,2,2
869474,2017,Missouri,Saint Louis (University City),0,4
864743,2017,Illinois,Chicago,0,9
864852,2017,Tennessee,Chattanooga,0,4
865371,2017,Texas,Houston,0,4
865186,2017,Tennessee,Memphis,0,4
864370,2017,Texas,Fort Worth,2,5
863075,2017,Louisiana,New Orleans,0,6
861307,2017,Utah,Sandy,2,2
859875,2017,Florida,Orlando,5,0
858810,2017,Missouri,Saint Louis,2,2
858719,2017,Louisiana,New Orleans,3,2
858877,2017,California,Los Angeles,1,3
857443,2017,Missouri,Saint Louis,3,1
855764,2017,Ohio,Middletown,1,3
855113,2017,Kentucky,Louisville,1,3
853901,2017,Alabama,Phenix City,0,12
853796,2017,New Jersey,Paterson,1,5
853920,2017,Mississippi,Moss Point,0,5
853032,2017,New York,New York (Manhattan),0,4
853756,2017,Mississippi,Bogue Chitto,8,0
853119,2017,District of Columbia,Washington,1,7
852676,2017,Florida,Miami,0,4
848680,2017,Iowa,Des Moines,1,3
849215,2017,Arizona,Mesa,0,4
848292,2017,Pennsylvania,Philadelphia,0,10
845364,2017,South Carolina,Ruffin,3,1
843078,2017,Arkansas,Jonesboro,1,6
843045,2017,Illinois,Dolton,0,4
843172,2017,Florida,Avon Park,0,5
843590,2017,Texas,Fort Worth,0,4
840339,2017,New Jersey,Trenton,1,3
839846,2017,Kansas,Kansas City,3,1
838272,2017,Illinois,Chicago,2,8
835961,2017,Michigan,Flint,1,3
834832,2017,Florida,Jacksonville,1,3
833152,2017,Texas,Dallas,1,3
832679,2017,California,San Diego,1,6
832528,2017,Kansas,Topeka,3,1
833128,2017,Florida,Jacksonville,0,5
832309,2017,South Carolina,Loris,1,5
835459,2017,California,Los Angeles (Boyle Heights),1,3
831800,2017,California,Whittier,1,3
832290,2017,California,Sacramento,0,5
831667,2017,Maryland,Germantown,1,3
834788,2017,California,Compton,0,4
832063,2017,Virginia,Virginia Beach,0,4
831201,2017,Pennsylvania,Chester,0,4
830984,2017,New Jersey,Newark,1,3
829073,2017,Florida,Miami,0,4
825694,2017,Florida,Palm Bay,2,2
825111,2017,Kentucky,Louisville,0,4
821667,2017,California,Vallejo,0,4
821723,2017,North Carolina,Elizabeth City,0,4
821371,2017,Ohio,Columbus,0,9
821640,2017,Illinois,Rock Falls,0,4
821055,2017,Pennsylvania,Philadelphia,0,4
820565,2017,Indiana,Indianapolis,0,4
821400,2017,Alabama,Birmingham,0,6
821651,2017,Illinois,Harvey,0,4
822750,2017,California,Banning,0,4
818932,2017,Georgia,Atlanta,1,3
815227,2017,Texas,San Antonio,1,3
815246,2017,Indiana,Fort Wayne,1,3
813877,2017,North Carolina,Hickory,3,1
813943,2017,Minnesota,Saint Paul,3,1
814094,2017,Illinois,Chicago,1,5
813821,2017,Texas,Houston,4,0
813028,2017,Louisiana,Lake Charles,1,3
810756,2017,Pennsylvania,Philadelphia,3,1
811089,2017,Texas,Lubbock,0,7
809978,2017,Illinois,Chicago,2,4
809683,2017,Iowa,Des Moines,0,5
809815,2017,California,Pittsburg,0,5
809048,2017,Florida,Tampa,1,4
809499,2017,Oklahoma,Oklahoma City,2,3
807618,2017,Illinois,Chicago,4,0
804115,2017,Florida,Sanford,2,4
803689,2017,Ohio,Cleveland,2,2
803822,2017,Texas,Houston,2,4
803054,2017,Ohio,Cincinnati,1,15
802926,2017,Tennessee,Knoxville,1,4
803460,2017,Michigan,Detroit,1,3
802837,2017,Ohio,Cleveland,2,2
802425,2017,California,Fresno,1,4
802240,2017,Missouri,Saint Louis,1,6
800363,2017,Wisconsin,Rothschild,4,0
797553,2017,Kentucky,Louisville,1,5
797125,2017,Michigan,Detroit,3,1
794468,2017,Louisiana,Metairie,3,1
791298,2017,Illinois,Chicago,2,2
791274,2017,Louisiana,New Orleans (Gentilly),3,1
789798,2017,Illinois,Chicago,0,4
789424,2017,Georgia,Columbus,0,4
787875,2017,Kansas,Topeka,1,4
787801,2017,California,Sacramento,0,4
786876,2017,Pennsylvania,Philadelphia,0,4
787435,2017,California,Riverside,0,5
785262,2017,Ohio,Cincinnati,0,6
783963,2017,Virginia,Newport News,0,4
783623,2017,Indiana,Gary,1,4
783102,2017,Ohio,Warren,2,3
783090,2017,Florida,Jacksonville,1,4
780792,2017,New York,Rochester,0,4
780036,2017,Ohio,Cleveland,0,4
779582,2017,Mississippi,Toomsuba,4,0
778941,2017,Ohio,Cleveland,0,5
778182,2017,Virginia,Norfolk,1,3
777876,2017,Pennsylvania,Philadelphia,0,4
777410,2017,Indiana,South Bend,1,3
775903,2017,California,Salinas,0,4
775531,2017,Illinois,Chicago,3,1
773002,2017,Missouri,Caruthersville,1,5
773162,2017,New York,Newburgh,1,3
773908,2017,Florida,Greenville,0,5
772753,2017,Illinois,Chicago,1,3
772989,2017,Tennessee,Savannah,0,4
772067,2017,Louisiana,New Orleans,1,5
769889,2017,Ohio,Cleveland,1,4
769511,2017,South Carolina,Columbia,0,4
769859,2017,Arkansas,Little Rock,1,3
768243,2017,Mississippi,Yazoo City,4,0
765559,2017,Tennessee,Memphis,0,4
765153,2017,District of Columbia,Washington,0,4
764020,2017,Minnesota,Minneapolis (Crystal),0,4
763313,2017,Louisiana,Shreveport,1,3
1025158,2017,Washington,Bremerton,4,0
761973,2017,Tennessee,Brownsville,0,10
760482,2017,Georgia,Albany,2,3
760259,2017,Illinois,Chicago,0,6
757158,2017,Texas,Manvel,2,2
757032,2017,Illinois,Chicago (Englewood),0,4
757001,2017,Georgia,Atlanta,3,1
756801,2017,Georgia,Jonesboro,0,6
756526,2017,Florida,Boynton Beach,0,5
756504,2017,Tennessee,Memphis,2,2
757955,2017,Mississippi,Como,1,4
756015,2017,California,Fresno,0,4
752756,2017,Texas,Houston,0,4
752222,2017,Florida,Miami,0,8
752249,2017,Colorado,Capulin,3,1
751367,2017,Mississippi,Magnolia,1,4
749361,2017,Missouri,Kansas City,3,2
749769,2017,California,Salinas,2,2
748152,2017,New Jersey,Newark,1,3
748348,2017,Illinois,Chicago,1,3
745236,2017,Michigan,Flint,1,3
744799,2017,California,Pasadena,2,2
743995,2017,Florida,Fort Lauderdale,5,6
742542,2017,California,Fontana,3,1
742001,2017,Texas,Allen,0,4
743282,2017,Mississippi,Winstonville,0,5
739451,2017,Texas,Dallas,1,3
739766,2017,Florida,Miami,0,7
1289686,2018,Ohio,Cleveland,3,2
1288376,2018,Ohio,Lima,1,3
1287286,2018,Missouri,Saint Charles,4,0
1284586,2018,Louisiana,Lutcher,2,2
1283229,2018,Missouri,Springfield,1,6
1282704,2018,Nevada,Las Vegas,0,4
1279617,2018,Maryland,Baltimore,0,4
1277327,2018,Florida,Miami,0,5
1277411,2018,Colorado,Colorado Springs,1,3
1276091,2018,Pennsylvania,Philadelphia,0,4
1276298,2018,Louisiana,Natchitoches,1,3
1272855,2018,Wisconsin,Madison,0,4
1273161,2018,California,Inglewood,0,5
1272106,2018,New York,Corona (Queens),0,5
1267682,2018,Florida,Miami,0,5
1266937,2018,Tennessee,Powell,0,4
1262814,2018,Alabama,Demopolis,2,2
1263332,2018,California,Oakland,0,4
1263086,2018,Texas,Houston,1,3
1262013,2018,Florida,Miami,2,5
1261351,2018,Indiana,Fort Wayne,3,2
1260525,2018,Missouri,Saint Louis,0,4
1258777,2018,Colorado,Denver,1,3
1258804,2018,Pennsylvania,Philadelphia,4,0
1258009,2018,California,Los Angeles (Watts),1,3
1257508,2018,Arkansas,Little Rock,3,1
1256435,2018,Louisiana,Baton Rouge,3,1
1254225,2018,New Mexico,Gallup,3,1
1254084,2018,North Carolina,Dunn,3,1
1253361,2018,Arizona,Globe,3,1
1249561,2018,California,Thousand Oaks,12,2
1246727,2018,New York,Watertown,0,5
1247019,2018,California,Long Beach (North Long Beach),0,4
1246489,2018,Florida,Tallahassee,2,4
1245274,2018,Missouri,Springfield,3,2
1245703,2018,Minnesota,Minneapolis,0,5
1244754,2018,Michigan,Detroit,1,3
1246059,2018,California,Vallejo,2,3
1244424,2018,California,Los Angeles,0,5
1243331,2018,California,Riverside,0,7
1243010,2018,Arkansas,El Dorado,2,2
1242807,2018,Tennessee,Memphis,0,5
1241819,2018,Pennsylvania,Pittsburgh,11,6
1242443,2018,New Jersey,Jersey City,1,3
1240751,2018,Illinois,Chicago,0,5
1238603,2018,Illinois,Chicago,0,6
1237930,2018,Florida,Jacksonville,1,5
1238052,2018,Washington,Lakewood,1,3
1234087,2018,Georgia,Atlanta,0,4
1233663,2018,Tennessee,Columbia,4,0
1232554,2018,Texas,Fort Worth,0,4
1233563,2018,Nevada,Las Vegas,3,1
1233068,2018,California,Palo Alto (East Palo Alto),2,2
1232288,2018,Texas,Taft,4,1
1232018,2018,Missouri,Saint Louis,0,4
1232044,2018,South Carolina,Spartanburg,0,6
1231385,2018,Nevada,Las Vegas,0,4
1229738,2018,Alabama,Birmingham,0,4
1226923,2018,Oklahoma,Tulsa,0,4
1226853,2018,Texas,Houston,1,3
1226384,2018,California,Oakland,0,4
1226179,2018,New Mexico,Espanola (Española),1,3
1225631,2018,Georgia,Swainsboro,0,4
1223865,2018,South Carolina,Florence,2,6
1223755,2018,Pennsylvania,Philadelphia,1,4
1221758,2018,Illinois,Chicago,2,2
1221794,2018,California,Compton,1,3
1220912,2018,Florida,Orlando,1,4
1220331,2018,Pennsylvania,Philadelphia,2,2
1217150,2018,Tennessee,Memphis,3,2
1215987,2018,California,Bakersfield,1,4
1215954,2018,California,Baldwin Park,0,4
1215904,2018,New York,Hempstead,0,4
1215739,2018,District of Columbia,Washington,0,4
1213926,2018,Maryland,Aberdeen,3,3
1214298,2018,New York,Syracuse,0,5
1213223,2018,Wisconsin,Middleton,0,4
1213836,2018,Illinois,Chicago,0,4
1213293,2018,Pennsylvania,Masontown,0,4
1212984,2018,Louisiana,New Orleans (Algiers),0,4
1212567,2018,Tennessee,Memphis,0,4
1211659,2018,Maryland,Silver Spring,3,1
1210742,2018,Wisconsin,Milwaukee,0,4
1209006,2018,California,Bakersfield,5,0
1208397,2018,Illinois,Chicago,0,4
1206828,2018,Tennessee,Memphis,0,5
1206409,2018,Illinois,Elgin,1,3
1206375,2018,Alabama,Auburn,1,4
1206476,2018,Florida,Jacksonville,0,4
1206050,2018,Minnesota,Minneapolis,1,3
1204538,2018,Ohio,Cincinnati,3,2
1204486,2018,Georgia,Albany,0,4
1202134,2018,Texas,San Antonio,0,4
1202274,2018,New Jersey,Paterson,2,2
1202318,2018,Alabama,Birmingham,0,6
1201885,2018,Arkansas,Fort Smith,0,4
1202332,2018,California,San Bernardino,0,8
1202437,2018,New Jersey,Trenton,0,4
1201973,2018,Florida,Fort Lauderdale (Lauderhill),1,3
1201135,2018,Ohio,Cleveland,1,7
1200904,2018,Colorado,Aurora,2,2
1197278,2018,Arkansas,Pine Bluff,1,3
1196028,2018,Florida,Jacksonville,2,9
1195537,2018,Virginia,Richmond,0,5
1196051,2018,Tennessee,Nashville,1,4
1194315,2018,Pennsylvania,Philadelphia,0,4
1194598,2018,Maryland,Baltimore,0,4
1194057,2018,Missouri,Saint Louis,0,4
1192788,2018,Tennessee,Memphis,0,4
1191368,2018,Tennessee,Jackson,1,4
1192036,2018,Ohio,Cleveland,1,3
1191279,2018,Illinois,Chicago,0,5
1190035,2018,New York,Bronx,0,4
1189717,2018,Illinois,Chicago,0,7
1188597,2018,South Carolina,Greenwood,0,5
1186888,2018,Pennsylvania,Wyncote,0,5
1185622,2018,Pennsylvania,Pittsburgh,0,4
1185520,2018,California,Clearlake,3,1
1184607,2018,Colorado,Thornton,1,3
1186061,2018,California,San Francisco,1,4
1184992,2018,Missouri,Saint Louis,0,4
1184206,2018,Michigan,Detroit,0,4
1182893,2018,New Jersey,Paterson,0,4
1182717,2018,Pennsylvania,Philadelphia,2,4
1179935,2018,Illinois,Chicago,1,4
1179619,2018,Illinois,Chicago,1,5
1179607,2018,Illinois,Chicago,0,8
1179677,2018,Illinois,Chicago,0,4
1179644,2018,Illinois,Chicago,0,4
1179810,2018,Nevada,Las Vegas,0,6
1180161,2018,Missouri,Kansas City,0,6
1179805,2018,Illinois,Chicago,1,3
1179589,2018,Wisconsin,Milwaukee,0,4
1176169,2018,California,Gardena,2,3
1177024,2018,Georgia,Savannah,0,4
1175571,2018,Illinois,Chicago,0,4
1174423,2018,Pennsylvania,York,0,4
1174960,2018,Arizona,Phoenix,1,4
1174990,2018,Michigan,Lansing,0,4
1174190,2018,Louisiana,New Orleans,3,7
1174527,2018,California,Los Angeles,2,4
1173476,2018,Texas,Robstown,4,0
1173637,2018,Illinois,Chicago,0,4
1172224,2018,Ohio,Cleveland,1,6
1173069,2018,California,Oakland,2,2
1172403,2018,Texas,Dallas,0,6
1172333,2018,Louisiana,New Orleans,0,4
1170482,2018,Illinois,Chicago,0,5
1168828,2018,Maryland,Baltimore,0,4
1169103,2018,Illinois,Chicago,2,5
1169656,2018,Washington,Sunnyside,1,4
1167806,2018,New Jersey,Elizabeth,0,4
1166302,2018,Oklahoma,Oklahoma City,0,4
1165214,2018,Florida,Palm Beach Gardens (Riviera Beach),2,4
1165299,2018,Pennsylvania,Philadelphia,1,4
1165183,2018,District of Columbia,Washington,1,4
1164167,2018,Colorado,Denver,0,4
1164110,2018,Tennessee,Chattanooga,0,5
1163947,2018,Maryland,Fort Washington,0,4
1162785,2018,Virginia,Richmond,1,3
1162687,2018,Tennessee,Memphis,0,5
1162437,2018,Texas,Houston,0,4
1161230,2018,Florida,Reddick,0,4
1159820,2018,Florida,Orlando,1,4
1160253,2018,Delaware,Wilmington,4,0
1160418,2018,Alabama,Brandon,0,5
1159528,2018,Tennessee,Memphis,0,4
1158826,2018,Alabama,Wetumpka,2,2
1156480,2018,New York,Brooklyn,0,4
1157073,2018,New York,Albany,0,4
1156528,2018,California,Los Angeles,3,3
1156638,2018,Virginia,Virginia Beach,0,6
1157733,2018,Ohio,Lima,1,5
1155906,2018,Georgia,Atlanta,1,3
1155567,2018,Missouri,Saint Louis,1,5
1154998,2018,District of Columbia,Washington,0,4
1154558,2018,New York,Buffalo,2,2
1153997,2018,Illinois,Chicago,0,6
1153531,2018,Maryland,Baltimore,0,6
1153134,2018,Georgia,Ashburn,1,6
1153471,2018,New Jersey,Jersey City,0,5
1151584,2018,Maryland,Annapolis,5,0
1151355,2018,California,Oakland,1,3
1151527,2018,Texas,San Antonio,0,4
1151373,2018,Connecticut,Hartford,0,4
1149910,2018,Illinois,Chicago,0,6
1148468,2018,North Carolina,Sanford,1,5
1148678,2018,Florida,Punta Gorda,0,4
1148647,2018,Florida,Indiantown,0,4
1149173,2018,Florida,Palm Beach Gardens (Riviera Beach),1,3
1149463,2018,Indiana,Gary,1,3
1148596,2018,Ohio,Sandusky,0,5
1148042,2018,Kansas,Wichita,0,4
1147720,2018,Illinois,Chicago,1,4
1161366,2018,Tennessee,Covington,0,4
1147323,2018,Pennsylvania,Homestead (Munhall),1,3
1146968,2018,California,San Bernardino,1,3
1146760,2018,Louisiana,Morganza,0,4
1146547,2018,Illinois,Chicago,0,4
1145709,2018,California,Modesto,0,5
1145881,2018,Alabama,Huntsville,0,4
1144852,2018,Illinois,Bloomington,3,1
1143558,2018,Illinois,Chicago,2,3
1143135,2018,North Carolina,Charlotte,0,4
1142789,2018,New Jersey,Trenton,0,17
1143081,2018,Georgia,Macon,1,3
1143524,2018,Illinois,Chicago,0,4
1141645,2018,California,Union City,0,5
1141745,2018,New York,Buffalo,1,4
1141943,2018,California,Tracy,1,4
1141108,2018,Colorado,Westminster,1,3
1142145,2018,Pennsylvania,Philadelphia,0,4
1139320,2018,New York,Bronx,0,4
1139176,2018,Alabama,Montgomery,0,4
1138324,2018,Florida,Orlando,5,0
1137435,2018,California,Valley Village,0,6
1137586,2018,Indiana,Indianapolis (Lawrence),1,4
1137547,2018,Illinois,Aurora,0,7
1137600,2018,Florida,Bradenton,1,5
1137473,2018,Illinois,Chicago,1,5
1137848,2018,Illinois,Bloomington,2,2
1137737,2018,North Carolina,Kannapolis,0,4
1136928,2018,Massachusetts,Boston,0,4
1137402,2018,Pennsylvania,Philadelphia,1,4
1134378,2018,Florida,Jacksonville,3,1
1132408,2018,Texas,Dallas,0,5
1131909,2018,Illinois,Chicago,1,3
1131855,2018,Nebraska,Omaha,1,6
1132050,2018,New York,Buffalo,0,5
1129432,2018,South Carolina,Timmonsville,3,2
1126712,2018,Louisiana,Shreveport,0,4
1126434,2018,Colorado,Aurora,1,3
1124777,2018,Ohio,Cincinnati,0,4
1122728,2018,Indiana,Anderson,0,4
1121111,2018,Mississippi,Hazlehurst,1,7
1118785,2018,Texas,Santa Fe,10,13
1116705,2018,Texas,Ponder,4,1
1115110,2018,Maryland,Baltimore,0,4
1114725,2018,California,Los Angeles,2,2
1115051,2018,California,Stockton,3,2
1114402,2018,Mississippi,Byhalia,0,4
1114276,2018,Nebraska,Omaha,0,6
1113538,2018,New Jersey,Paulsboro,0,4
1113737,2018,Missouri,Saint Louis,0,4
1112948,2018,Oklahoma,Talihina,0,4
1111950,2018,Missouri,Saint Louis,0,4
1111649,2018,Nebraska,Omaha,0,4
1110399,2018,California,San Diego,0,5
1108856,2018,Oklahoma,Stillwater,0,4
1109322,2018,Tennessee,Memphis,2,4
1108879,2018,Georgia,Columbus,0,5
1110773,2018,North Carolina,Henderson,0,4
1109928,2018,Illinois,Chicago Heights,0,4
1106451,2018,Illinois,Chicago,1,4
1106432,2018,New York,Brooklyn,1,4
1106557,2018,Minnesota,Minneapolis,0,4
1105061,2018,Louisiana,New Orleans,0,5
1103454,2018,Florida,Pompano Beach,0,4
1103465,2018,District of Columbia,Washington,0,4
1103423,2018,Tennessee,Wartburg,0,4
1102808,2018,Washington,Seattle (Skyway),2,2
1103045,2018,North Carolina,Monroe,1,3
1102900,2018,Florida,West Palm Beach,1,3
1102559,2018,North Carolina,Maxton,0,5
1100691,2018,Arkansas,Pine Bluff,0,4
1100852,2018,Missouri,Saint Louis,3,1
1099516,2018,Michigan,Flint,0,4
1096826,2018,Tennessee,Antioch,4,3
1097700,2018,Louisiana,New Orleans,2,4
1096232,2018,Pennsylvania,Philadelphia,2,2
1096388,2018,California,San Francisco,1,5
1095043,2018,North Carolina,Asheville,3,3
1092279,2018,Louisiana,Shreveport,0,6
1088778,2018,California,Vallejo,0,4
1087153,2018,North Carolina,Hickory,1,3
1087021,2018,Florida,Miami,2,2
1086773,2018,Florida,Jacksonville,0,4
1086966,2018,Virginia,Virginia Beach,1,3
1084847,2018,Louisiana,New Orleans,2,2
1083552,2018,Texas,Houston,1,3
1082835,2018,Michigan,Saginaw,0,5
1083011,2018,Alabama,Mobile,1,4
1082273,2018,New Jersey,Asbury Park,0,5
1080234,2018,Texas,Plano,1,3
1080442,2018,New Jersey,Camden,0,4
1077180,2018,Utah,Salt Lake City (West Valley City),0,4
1074886,2018,California,San Francisco,0,5
1071427,2018,Kentucky,Louisville,0,7
1071381,2018,Illinois,Harvey,0,4
1078612,2018,Florida,Macclenny,0,4
1068615,2018,California,Modesto,0,4
1067061,2018,Indiana,South Bend,0,6
1067264,2018,Illinois,Champaign,1,3
1067296,2018,Michigan,Saginaw,1,4
1066594,2018,North Carolina,Wadesboro,3,1
1064514,2018,Alabama,Hurtsboro,2,2
1062466,2018,Illinois,Rockford,1,4
1061748,2018,New York,Brooklyn,1,3
1062123,2018,Florida,Miami,0,4
1059559,2018,Connecticut,Bridgeport,0,4
1057518,2018,Michigan,Detroit,4,0
1056240,2018,Florida,Palm Beach Gardens (Riviera Beach),1,3
1052372,2018,Texas,San Antonio,0,5
1052035,2018,Kansas,Kansas City,1,7
1051407,2018,Tennessee,Memphis,0,5
1051291,2018,Oklahoma,Oklahoma City,1,3
1049217,2018,Florida,Pompano Beach (Parkland),17,17
1049024,2018,Louisiana,New Orleans,2,3
1047761,2018,Michigan,Detroit,3,3
1046961,2018,Kentucky,Paintsville,4,0
1044234,2018,Florida,Lake Worth (Lantana),2,3
1043447,2018,Colorado,Colorado Springs,1,4
1042280,2018,Ohio,Cleveland (Garfield Heights),1,5
1040815,2018,Missouri,Saint Louis,0,4
1037529,2018,Pennsylvania,Melcroft,4,0
1037515,2018,Indiana,Indianapolis,2,2
1038429,2018,Pennsylvania,Reading,4,0
1037438,2018,Kentucky,Bowling Green,0,4
1037541,2018,California,Los Angeles,0,5
1035803,2018,District of Columbia,Washington,0,4
1033262,2018,Kentucky,Benton,2,14
1034205,2018,Pennsylvania,Philadelphia,0,4
1032393,2018,Florida,Orlando,0,4
1031851,2018,Illinois,Chicago,0,4
1029095,2018,District of Columbia,Washington,1,3
1042072,2018,Florida,Alachua,0,5
1026804,2018,Alabama,Eutaw,1,4
1027013,2018,Alabama,Madison,0,4
1025673,2018,Tennessee,Nashville,3,2
1025272,2018,Missouri,Saint Robert (St Robert),2,2
1022067,2018,Alabama,Union Springs,1,5
1022055,2018,Florida,Plantation,0,4
1021788,2018,Mississippi,Hattiesburg,0,6
1020574,2018,Arkansas,Brinkley,1,3
1018295,2018,Alabama,Huntsville,1,3
1582816,2019,Illinois,Danville,0,5
1582197,2019,New York,Buffalo,1,3
1583444,2019,California,Ceres,0,5
1581590,2019,California,Modesto,1,3
1581103,2019,Texas,Houston,2,7
1581476,2019,Georgia,Kennesaw,0,4
1580308,2019,Florida,Saint Petersburg,0,5
1579889,2019,California,Oakland,0,4
1579970,2019,Iowa,Coralville,1,3
1579856,2019,Virginia,Richmond,1,3
1579266,2019,Louisiana,New Orleans,0,4
1594317,2019,Illinois,Joliet,0,5
1579220,2019,North Carolina,High Point,0,6
1577577,2019,Maryland,Baltimore,0,7
1577688,2019,Minnesota,Minneapolis (Spring Lake Park),1,7
1577518,2019,Illinois,Chicago,0,12
1578711,2019,Louisiana,Edgard,0,4
1577046,2019,Mississippi,Waynesboro,1,6
1577438,2019,Alabama,Tuskegee,2,2
1575175,2019,Texas,San Antonio,0,4
1573754,2019,Montana,Great Falls,3,1
1572275,2019,Georgia,Columbus,1,4
1573471,2019,California,Ivanhoe,0,4
1571348,2019,Missouri,Saint Louis (Moline Acres),1,3
1568230,2019,New Jersey,Jersey City,4,3
1567932,2019,Texas,Desoto,2,3
1567231,2019,Louisiana,New Orleans,1,4
1565216,2019,Florida,Pensacola,3,8
1564524,2019,Alabama,Montgomery,2,2
1562685,2019,Michigan,Kalamazoo,1,3
1562043,2019,Louisiana,Cotton Valley,2,3
1561966,2019,Louisiana,New Orleans,2,2
1561813,2019,Illinois,Aurora,1,4
1561734,2019,Louisiana,New Orleans,0,11
1561398,2019,Arkansas,Hensley,0,5
1560645,2019,Texas,Amarillo,0,7
1559257,2019,New York,Bronx,0,5
1558067,2019,Florida,Brownsville,2,2
1557006,2019,Alabama,Birmingham,1,4
1556633,2019,California,Los Angeles,0,6
1556984,2019,Louisiana,Cottonport,2,2
1555879,2019,California,Los Angeles,0,4
1556002,2019,Louisiana,Tallulah,1,6
1554807,2019,Washington,Everett,0,4
1555135,2019,California,Long Beach,0,5
1554446,2019,California,Richmond,0,4
1552068,2019,New Jersey,Newark,1,4
1551531,2019,California,Fresno,4,6
1551162,2019,Ohio,Cleveland,0,4
1550546,2019,California,San Diego,5,0
1548689,2019,California,Santa Clarita,2,3
1547021,2019,Florida,Belle Glade,0,4
1546983,2019,Colorado,Aurora,0,6
1546102,2019,Missouri,Kansas City,0,4
1546038,2019,Tennessee,Memphis,1,4
1546155,2019,Arkansas,Little Rock,0,4
1545955,2019,Michigan,Detroit,0,4
1545152,2019,North Carolina,Charlotte,2,2
1546508,2019,Georgia,Vidalia,0,4
1543835,2019,Georgia,Conyers,1,3
1541774,2019,Texas,Houston,1,3
1540863,2019,Ohio,Toledo,0,4
1540841,2019,Texas,Nacogdoches,1,3
1540280,2019,Louisiana,Baton Rouge,0,4
1540240,2019,Michigan,Detroit,1,4
1539572,2019,Arizona,Tolleson,0,5
1539557,2019,Texas,San Angelo,0,4
1539347,2019,California,Orinda,5,3
1537992,2019,Pennsylvania,Philadelphia,4,0
1537044,2019,Maryland,Baltimore,1,3
1537672,2019,California,Long Beach,3,9
1536787,2019,Maryland,Baltimore,1,3
1536706,2019,Michigan,Detroit,0,4
1535629,2019,Michigan,Lansing,1,4
1535478,2019,Texas,Greenville,2,6
1534704,2019,Oklahoma,Oklahoma City,2,2
1533166,2019,Oklahoma,Oklahoma City (Midwest City),1,3
1531326,2019,South Carolina,Sumter,0,4
1530965,2019,Texas,Port Arthur,1,3
1530407,2019,Pennsylvania,Duquesne,0,4
1530276,2019,Texas,El Paso,1,4
1527528,2019,Ohio,Columbus,0,4
1525999,2019,Pennsylvania,Philadelphia,0,6
1526952,2019,Ohio,Akron,0,4
1525062,2019,New York,Brooklyn,3,3
1525476,2019,Illinois,Chicago,5,0
1525408,2019,Pennsylvania,Philadelphia,1,3
1525628,2019,Maryland,Baltimore,1,3
1525265,2019,Michigan,Eastpointe,1,5
1523606,2019,Florida,Tampa,2,2
1524264,2019,Pennsylvania,Philadelphia,0,5
1522979,2019,Massachusetts,Lowell,0,5
1523204,2019,Maryland,Baltimore,1,3
1521226,2019,Massachusetts,Abington,4,0
1520425,2019,Indiana,Evansville,0,5
1520499,2019,Colorado,Denver,0,4
1520330,2019,Kansas,Kansas City,4,5
1520547,2019,Missouri,Saint Louis,0,5
1519090,2019,North Carolina,Roxboro,1,3
1518859,2019,Missouri,Marshall,1,3
1517804,2019,Missouri,Saint Louis,0,4
1515312,2019,Illinois,Round Lake (Round Lake Park),1,3
1515242,2019,Wisconsin,Milwaukee,0,4
1515128,2019,Florida,Jacksonville,0,4
1517360,2019,Kansas,Claflin,0,4
1515327,2019,Texas,Beaumont,4,0
1511999,2019,Illinois,Chicago,1,3
1510411,2019,Indiana,Gary,2,2
1509721,2019,Missouri,Kansas City,0,5
1509411,2019,Louisiana,New Orleans,0,4
1508804,2019,South Carolina,Lancaster,2,8
1512486,2019,Ohio,Cleveland,4,0
1509510,2019,Indiana,Indianapolis,0,6
1508859,2019,Louisiana,New Orleans,1,5
1507939,2019,District of Columbia,Washington,1,5
1507156,2019,Illinois,Chicago,3,1
1507092,2019,California,Wilmington,2,2
1505354,2019,Wyoming,Cheyenne,2,2
1504030,2019,Missouri,Saint Louis,1,3
1504012,2019,California,Oakland,1,4
1504387,2019,Georgia,Lagrange,0,4
1503192,2019,New Mexico,Albuquerque,4,2
1501350,2019,Illinois,Chicago,0,4
1499460,2019,South Carolina,Sumter,2,2
1500098,2019,Louisiana,Alexandria,1,3
1499300,2019,North Carolina,Whiteville,3,1
1497180,2019,Florida,Jacksonville,0,4
1497702,2019,Louisiana,Marrero,2,2
1494697,2019,North Carolina,Greensboro,2,2
1495141,2019,Illinois,Chicago,0,4
1495192,2019,Alabama,Elkmont,5,0
1494113,2019,Connecticut,Hartford,1,3
1494669,2019,North Carolina,Rocky Mount,0,4
1494548,2019,Alabama,Valley,0,7
1493374,2019,Ohio,Toledo,0,4
1492778,2019,North Carolina,Charlotte,1,3
1492377,2019,South Carolina,Moncks Corner,0,4
1492441,2019,Texas,Odessa,7,23
1492264,2019,Pennsylvania,Philadelphia,2,2
1493429,2019,Maryland,Baltimore,0,4
1492297,2019,Maryland,Frederick,0,4
1493038,2019,Illinois,Chicago,2,3
1491495,2019,Maryland,Baltimore,1,3
1492087,2019,Alabama,Mobile,0,9
1490466,2019,Maryland,Baltimore,1,3
1487729,2019,New Mexico,Hobbs,3,4
1487573,2019,Illinois,Chicago,1,3
1487356,2019,Maryland,Temple Hills (Camp Springs),0,7
1487224,2019,Massachusetts,Lynn,1,3
1486232,2019,Texas,Houston,2,2
1489373,2019,Georgia,Dublin,0,4
1486675,2019,Missouri,Saint Louis,1,3
1485340,2019,South Carolina,Columbia,2,2
1485548,2019,California,Los Angeles,0,4
1484335,2019,Georgia,Atlanta,0,4
1482199,2019,Missouri,Kansas City,0,4
1481989,2019,Texas,Houston,0,6
1480326,2019,Alabama,Montgomery,2,3
1479894,2019,Pennsylvania,Philadelphia,0,5
1478869,2019,Pennsylvania,Philadelphia,0,6
1479395,2019,Washington,Tacoma,2,3
1478480,2019,Mississippi,Greenwood,0,4
1475924,2019,Illinois,Chicago,0,6
1475361,2019,Virginia,Richmond,0,4
1476271,2019,California,San Francisco,0,4
1475208,2019,Illinois,Chicago,0,4
1472641,2019,Missouri,Saint Louis,3,1
1469344,2019,New York,Brooklyn,0,4
1527721,2019,Louisiana,Lake Charles,0,4
1468190,2019,Illinois,Chicago,1,7
1468799,2019,Tennessee,Memphis,1,3
1468091,2019,Illinois,Chicago,0,7
1467828,2019,Ohio,Dayton,9,17
1466705,2019,Texas,El Paso,23,23
1467157,2019,Virginia,Suffolk,1,3
1462317,2019,Ohio,Columbus,0,5
1460630,2019,Pennsylvania,Philadelphia,1,5
1460448,2019,California,Gilroy,3,17
1461352,2019,Wisconsin,Chippewa Falls,4,2
1459941,2019,District of Columbia,Washington,0,4
1460726,2019,Illinois,Chicago,0,4
1459389,2019,Kansas,Wichita,1,3
1459718,2019,New York,Brooklyn,1,11
1459201,2019,Washington,Kennewick,1,3
1457165,2019,California,Canoga Park,4,2
1453327,2019,Illinois,Chicago,0,4
1453884,2019,District of Columbia,Washington,0,4
1452654,2019,Pennsylvania,Clairton,0,4
1452617,2019,Illinois,Chicago,0,7
1450767,2019,Illinois,Chicago,1,3
1450124,2019,Texas,Lubbock,1,3
1449602,2019,Texas,San Antonio,0,4
1448578,2019,Georgia,Atlanta,0,4
1447456,2019,Illinois,Chicago,0,4
1446611,2019,Illinois,Chicago,1,4
1447057,2019,Pennsylvania,Philadelphia,0,7
1445066,2019,Texas,Houston,0,4
1441967,2019,District of Columbia,Washington,2,2
1441565,2019,Michigan,Flint,0,6
1441613,2019,Missouri,Saint Louis,0,5
1441396,2019,Illinois,Chicago,0,4
1441296,2019,Illinois,Chicago,0,4
1441317,2019,New Mexico,Albuquerque,0,4
1441427,2019,California,San Jose,0,4
1441721,2019,Missouri,Saint Louis,5,0
1440510,2019,Massachusetts,Boston,0,6
1440879,2019,Nevada,Reno,1,3
1439593,2019,Illinois,Chicago,0,5
1440257,2019,New York,Brooklyn,0,4
1440765,2019,Illinois,Rockford,0,4
1439737,2019,California,Los Angeles,0,4
1438971,2019,Illinois,Chicago,1,3
1439765,2019,California,Fresno,1,3
1439042,2019,Texas,Katy,1,3
1438602,2019,Missouri,Saint Louis (Wellston),0,4
1437094,2019,Maryland,Baltimore,0,4
1435804,2019,California,Oakland,0,4
1436545,2019,California,Yucaipa,0,5
1436254,2019,Texas,Dallas,2,2
1435578,2019,New York,Bay Shore,0,6
1435041,2019,Connecticut,Hartford,0,4
1435297,2019,Louisiana,Gray,0,4
1434931,2019,Illinois,Chicago,0,5
1435028,2019,Louisiana,Baton Rouge,0,7
1434882,2019,New Jersey,Paterson,0,4
1434602,2019,Connecticut,Hamden,0,5
1434971,2019,Georgia,Atlanta,0,7
1434893,2019,New Jersey,Jersey City,0,4
1435217,2019,Minnesota,Saint Paul,0,5
1432989,2019,Georgia,Atlanta,0,7
1433857,2019,Wisconsin,Milwaukee,0,4
1432930,2019,Ohio,Akron,1,3
1429475,2019,California,La Jolla,1,3
1429810,2019,California,San Jose,4,0
1429047,2019,Indiana,South Bend,1,10
1429480,2019,Ohio,Columbus,0,5
1429338,2019,South Carolina,Abbeville,3,1
1429399,2019,Virginia,Hampton,0,4
1429022,2019,Pennsylvania,Philadelphia,0,4
1428595,2019,Maryland,Baltimore,1,4
1428788,2019,Michigan,Saginaw,1,3
1427483,2019,Illinois,Chicago,0,4
1428047,2019,California,Santa Maria,4,0
1428229,2019,California,Richmond,0,5
1426537,2019,Pennsylvania,Allentown,0,10
1425193,2019,New Jersey,Newark,1,4
1425161,2019,Texas,San Antonio,0,4
1424957,2019,Tennessee,Memphis,0,5
1423697,2019,Pennsylvania,Philadelphia,1,5
1423330,2019,Kentucky,Louisville,1,6
1423435,2019,Iowa,Des Moines,0,6
1422981,2019,Louisiana,Shreveport,0,4
1420933,2019,North Carolina,Charlotte,1,3
1419305,2019,Colorado,Aurora,0,4
1420432,2019,Georgia,Savannah,2,2
1418533,2019,Ohio,Cleveland,1,3
1418548,2019,New York,Buffalo,0,4
1418457,2019,Tennessee,Henning,1,3
1418180,2019,Washington,White Swan,5,2
1417570,2019,Illinois,Chicago,0,4
1417716,2019,Texas,Austin,0,5
1416374,2019,Illinois,Chicago,1,3
1415399,2019,California,Santa Rosa,0,4
1412419,2019,South Carolina,Allendale,0,5
1411598,2019,Illinois,Chicago,0,4
1411408,2019,Virginia,Portsmouth,1,3
1412243,2019,Illinois,Chicago,0,4
1411963,2019,Georgia,Atlanta,0,4
1412430,2019,Georgia,Macon,2,4
1410442,2019,Virginia,Virginia Beach,12,4
1411661,2019,California,West Covina,1,3
1410329,2019,Illinois,Robbins,0,5
1408289,2019,Texas,Cleveland,2,2
1409255,2019,Louisiana,Reserve,1,3
1407941,2019,Missouri,Saint Louis,2,2
1406330,2019,District of Columbia,Washington,0,5
1407189,2019,New Jersey,Trenton,1,5
1405445,2019,District of Columbia,Washington,1,3
1405749,2019,Virginia,La Crosse,0,5
1406070,2019,California,Stockton,1,3
1404417,2019,New Jersey,Trenton,0,9
1404580,2019,Michigan,Detroit,3,2
1405196,2019,Virginia,Chesapeake,1,9
1405317,2019,Maryland,Baltimore,0,4
1405221,2019,Oklahoma,Oklahoma City,0,5
1400095,2019,Oklahoma,Tulsa,2,2
1400146,2019,Louisiana,Alexandria,1,4
1400561,2019,Ohio,Columbus,0,4
1399820,2019,Oregon,Portland,0,5
1399017,2019,Mississippi,Cascilla,0,4
1398553,2019,Alabama,Atmore,1,8
1398593,2019,California,Long Beach,1,4
1398584,2019,Iowa,Cedar Rapids,2,2
1400934,2019,Nebraska,Omaha,0,4
1399346,2019,North Carolina,Winston Salem (Winston-salem),2,4
1398538,2019,Indiana,Muncie,1,6
1398876,2019,California,Sacramento,1,3
1397521,2019,Ohio,Cleveland,0,4
1396491,2019,Louisiana,Saint Rose,0,4
1395560,2019,California,Los Angeles,0,4
1393960,2019,Louisiana,New Orleans,0,4
1394330,2019,Missouri,Saint Louis,4,1
1392923,2019,Pennsylvania,Effort,0,4
1391971,2019,Pennsylvania,Philadelphia,0,5
1392313,2019,Missouri,Saint Louis,0,6
1390764,2019,Indiana,Indianapolis,0,4
1389220,2019,Colorado,Littleton (Highlands Ranch),1,8
1386962,2019,New Jersey,North Bergen,1,3
1387170,2019,California,Oceano,0,6
1386510,2019,Missouri,Saint Louis,1,4
1386929,2019,Indiana,Indianapolis,0,4
1387245,2019,California,Stockton,1,4
1386575,2019,Delaware,Wilmington,0,4
1386481,2019,Texas,Dallas,1,3
1386085,2019,Maryland,Baltimore,0,5
1385642,2019,Maryland,Baltimore,0,4
1384553,2019,Massachusetts,Boston,1,3
1383752,2019,North Carolina,Charlotte,2,4
1381857,2019,Tennessee,Nashville,0,7
1382099,2019,Alabama,Birmingham,0,4
1382711,2019,Ohio,West Chester,4,0
1381979,2019,Maryland,Baltimore,1,7
1381771,2019,Mississippi,Jackson,1,3
1381273,2019,California,Poway,1,3
1381734,2019,California,Los Angeles,0,6
1377519,2019,Pennsylvania,Philadelphia,0,4
1376873,2019,Tennessee,Memphis,0,6
1376883,2019,Kansas,Wichita,0,4
1375235,2019,Kentucky,Louisville,0,4
1373557,2019,Maryland,Germantown,1,3
1370795,2019,Florida,Miami,2,2
1371024,2019,California,Vallejo,1,3
1371065,2019,California,Stockton,0,4
1374920,2019,California,Moreno Valley,0,4
1370269,2019,Illinois,Carbondale,0,4
1368597,2019,Maryland,Baltimore,1,3
1369109,2019,California,Los Angeles,1,4
1369148,2019,Arizona,Phoenix,3,2
1367011,2019,Missouri,Kansas City,1,3
1365052,2019,North Carolina,Winston Salem (Winston-salem),0,7
1365077,2019,Indiana,Indianapolis,2,2
1365173,2019,Delaware,Wilmington,0,6
1365100,2019,Louisiana,Shreveport,0,4
1364443,2019,Florida,Tallahassee,0,4
1364540,2019,Illinois,Chicago,0,6
1363737,2019,Florida,Panama City,1,3
1362715,2019,Georgia,Stockbridge,2,2
1362364,2019,Mississippi,Hermanville,0,4
1362182,2019,Kentucky,Covington,0,5
1360333,2019,Georgia,Atlanta,1,4
1359599,2019,South Carolina,North Charleston,0,7
1359455,2019,Illinois,Chicago,1,4
1357591,2019,Maryland,Baltimore,0,4
1355275,2019,Nevada,North Las Vegas,0,5
1354049,2019,Arizona,Phoenix,0,7
1353714,2019,California,San Francisco,0,5
1350494,2019,Arizona,Phoenix,2,4
1348844,2019,Georgia,Augusta,0,4
1349256,2019,Georgia,Rochelle,1,3
1348793,2019,Nevada,Las Vegas,0,4
1347974,2019,New Jersey,Camden,1,3
1348291,2019,Alabama,Mobile,2,3
1347894,2019,Montana,Missoula,1,3
1344488,2019,New Jersey,Paterson,0,4
1343330,2019,Louisiana,Shreveport,0,4
1343274,2019,Colorado,Denver,1,4
1338860,2019,California,Oakland,0,4
1338765,2019,Illinois,Chicago,0,6
1338790,2019,Arkansas,Pine Bluff,1,4
1337498,2019,California,Oakland,1,3
1333480,2019,Alabama,Birmingham,2,2
1331974,2019,Maryland,Baltimore,1,4
1332507,2019,Kentucky,Elizabethtown,2,2
1332429,2019,Texas,Houston,2,2
1332181,2019,Tennessee,Covington,0,4
1329144,2019,Texas,Henderson,2,2
1328792,2019,Indiana,Evansville,0,5
1329075,2019,Louisiana,New Orleans,0,5
1328562,2019,Mississippi,Clinton,4,0
1327321,2019,Illinois,Aurora,5,6
1324279,2019,Texas,Livingston,4,0
1323448,2019,Virginia,Petersburg,0,4
1321021,2019,New York,Brooklyn,1,3
1321093,2019,Texas,San Antonio,2,2
1319333,2019,District of Columbia,Washington,0,5
1319325,2019,Louisiana,Baton Rouge,0,4
1320286,2019,California,Palm Springs,4,0
1318391,2019,Illinois,Chicago,2,5
1318187,2019,California,San Diego,0,4
1314253,2019,Alabama,Birmingham,0,5
1312391,2019,Georgia,Albany,0,4
1312463,2019,Indiana,Indianapolis,0,5
1313291,2019,New Jersey,Newark,1,3
1312284,2019,Louisiana,Gonzales,5,0
1310775,2019,Pennsylvania,State College,3,1
1310397,2019,Georgia,Rockmart,4,1
1309114,2019,Florida,Sebring,5,0
1306920,2019,Florida,Miami,0,4
1305563,2019,Pennsylvania,Lebanon,0,4
1305679,2019,South Carolina,Gaffney,1,4
1305516,2019,Illinois,Chicago,0,4
1305538,2019,Florida,Jacksonville,2,2
1303486,2019,Kentucky,Owensboro,3,1
1302060,2019,Florida,Jacksonville,1,5
1303303,2019,California,Palmdale,3,1
1301778,2019,Arkansas,Little Rock,1,3
1299680,2019,Arizona,Phoenix,1,4
1295294,2019,New Mexico,Roswell,0,4
1293054,2019,California,Torrance,3,4
1292684,2019,Virginia,Hurt,2,2
1291779,2019,Arkansas,Jonesboro,1,3
1289877,2019,South Carolina,Columbia,0,5
1289618,2019,Florida,Tallahassee,0,5
1891461,2020,Indiana,Indianapolis,1,3
1890946,2020,Oregon,Happy Valley,0,4
1886974,2020,Illinois,Rockford,3,3
1886913,2020,Florida,Tampa,2,2
1887059,2020,Massachusetts,Lynn,1,5
1886849,2020,Florida,Miami,1,3
1886721,2020,Arkansas,Atkins,4,0
1886372,2020,Florida,Boynton Beach,1,4
1886141,2020,Florida,Lakeland,1,4
1885251,2020,Mississippi,Meridian,4,0
1882214,2020,Connecticut,Bridgeport,2,2
1881213,2020,Illinois,Chicago,0,6
1876727,2020,West Virginia,Elkview,4,0
1877043,2020,California,San Bernardino,1,3
1876231,2020,New York,Copiague,2,2
1876039,2020,New York,Brooklyn,0,4
1876552,2020,Maryland,Hyattsville (Landover),2,2
1877628,2020,Georgia,Tifton,0,4
1877122,2020,Mississippi,Jackson,0,5
1908063,2020,West Virginia,Williamsburg,5,0
1873798,2020,Louisiana,Lacombe,0,1
1870827,2020,Texas,Venus,0,6
1871627,2020,California,Hayward,1,3
1870840,2020,North Carolina,Autryville,0,6
1869748,2020,Illinois,Chicago,0,4
1867006,2020,Pennsylvania,Morrisville,1,3
1866100,2020,Alaska,Palmer,4,0
1864683,2020,Mississippi,Grenada,0,11
1865110,2020,Tennessee,Memphis,2,2
1864205,2020,South Carolina,Conway,0,5
1863726,2020,South Carolina,Aiken,1,10
1864177,2020,Louisiana,New Orleans,0,4
1862947,2020,Georgia,Macon,1,5
1863099,2020,Ohio,Toledo,0,6
1862603,2020,Nevada,Henderson,1,4
1859390,2020,New York,Brooklyn,1,6
1859110,2020,New Jersey,Trenton,0,4
1858455,2020,Illinois,Chicago,1,3
1859186,2020,Louisiana,New Orleans,1,3
1857439,2020,Illinois,Chicago,0,6
1857947,2020,Arizona,Phoenix,1,4
1858965,2020,Nebraska,Bellevue,2,2
1857040,2020,Wisconsin,Milwaukee (Wauwatosa),0,8
1856417,2020,Florida,Haines City,1,3
1855276,2020,Texas,Houston,2,2
1856338,2020,South Carolina,Florence,0,4
1854207,2020,Tennessee,Jackson,0,4
1854149,2020,Florida,Miami,0,4
1853615,2020,Illinois,Chicago,0,4
1854076,2020,Illinois,Chicago,0,4
1852831,2020,Louisiana,Shreveport,0,5
1853089,2020,Georgia,Jonesboro,2,2
1852604,2020,South Carolina,Sumter,3,1
1852853,2020,Missouri,Fulton,0,4
1852161,2020,Ohio,Cincinnati,0,4
1852363,2020,California,Riverside,2,3
1850981,2020,Florida,Tampa,2,4
1850693,2020,North Carolina,Gastonia,0,6
1849308,2020,Florida,Tampa,1,7
1847840,2020,Texas,Fort Worth,0,4
1846712,2020,Virginia,Virginia Beach,0,4
1846494,2020,Tennessee,Nashville,0,8
1846764,2020,Kansas,Ogden,0,4
1845690,2020,South Carolina,Rock Hill,1,3
1845477,2020,Louisiana,New Orleans,2,2
1844573,2020,Ohio,Toledo,3,2
1843360,2020,Missouri,Jefferson City,0,4
1842362,2020,Nevada,Henderson,3,1
1842421,2020,Ohio,Mansfield,0,5
1840600,2020,Arizona,Tucson,2,2
1840534,2020,South Carolina,Hollywood,0,6
1840265,2020,Indiana,Evansville,0,4
1840364,2020,Oklahoma,Oklahoma City,1,3
1841432,2020,North Carolina,Winston Salem (Winston-salem),1,3
1840310,2020,New Jersey,Atlantic City,1,4
1839628,2020,California,Sacramento,0,4
1839576,2020,Washington,Sumner,0,5
1839462,2020,California,Anaheim,0,4
1840544,2020,Nevada,North Las Vegas,0,4
1840041,2020,Maryland,College Park,0,7
1839112,2020,Maryland,Waldorf,1,3
1839065,2020,Illinois,Chicago,1,3
1838368,2020,Florida,Winter Garden,0,4
1837146,2020,Virginia,Roanoke,0,4
1837429,2020,New Jersey,Newark,1,3
1834216,2020,Texas,Fort Worth,2,3
1835030,2020,Texas,San Antonio,1,3
1834280,2020,North Carolina,Raleigh,1,3
1834617,2020,Mississippi,Greenwood,2,8
1832977,2020,Louisiana,Rayne,0,5
1832014,2020,Florida,Miami,1,3
1831995,2020,Massachusetts,Boston,0,4
1831091,2020,Maryland,Baltimore,0,4
1830875,2020,New York,Brooklyn,1,5
1830822,2020,Mississippi,Canton,2,2
1830092,2020,Texas,Houston,3,1
1829132,2020,Ohio,Mansfield,0,5
1828796,2020,Louisiana,New Orleans,1,3
1827437,2020,Maryland,Annapolis,1,3
1828080,2020,Illinois,Chicago,1,4
1828019,2020,Tennessee,Nashville,0,4
1826680,2020,New York,Lockport,1,5
1826613,2020,South Carolina,Rock Hill,0,5
1826444,2020,California,San Jose,2,4
1825525,2020,Florida,Orlando,3,1
1826655,2020,Arizona,Mesa,1,6
1826675,2020,California,San Francisco,1,3
1824979,2020,Louisiana,Lafayette,2,2
1825896,2020,Maryland,Baltimore,0,7
1824073,2020,Pennsylvania,Philadelphia,0,4
1821574,2020,South Carolina,Myrtle Beach,2,3
1821496,2020,Georgia,Atlanta,0,4
1820156,2020,Illinois,Chicago,1,3
1823101,2020,South Carolina,Kingstree,0,8
1819955,2020,Missouri,Saint Louis (Jennings),2,2
1818055,2020,Pennsylvania,Philadelphia,1,6
1816799,2020,Alaska,Anchorage,1,4
1817184,2020,New York,Brooklyn,1,3
1815308,2020,District of Columbia,Washington,1,3
1814148,2020,Georgia,Atlanta,1,3
1813872,2020,Indiana,Indianapolis,3,4
1813583,2020,California,Sacramento,1,3
1813306,2020,Tennessee,Clarksville,0,5
1812972,2020,California,Los Angeles,0,4
1812838,2020,Washington,Seattle,0,4
1812049,2020,Michigan,Detroit,0,5
1810696,2020,North Carolina,Greensboro,0,4
1810881,2020,Florida,Jacksonville,0,4
1810358,2020,Wisconsin,Milwaukee,0,7
1809910,2020,Pennsylvania,Philadelphia,0,5
1809484,2020,Ohio,Painesville,2,2
1807325,2020,Michigan,Detroit,0,6
1806806,2020,Ohio,Sandusky,1,3
1808628,2020,California,San Bernardino,1,3
1807096,2020,Tennessee,Nashville,0,4
1807046,2020,Pennsylvania,Philadelphia,0,4
1806035,2020,Alabama,Enterprise,1,3
1806002,2020,Iowa,Waterloo,2,6
1805722,2020,Illinois,Chicago,0,4
1806368,2020,Missouri,Saint Louis,0,5
1806500,2020,Pennsylvania,Philadelphia,0,4
1804511,2020,Georgia,Hampton,1,3
1802862,2020,Minnesota,Minneapolis,0,5
1800886,2020,Ohio,Struthers,1,3
1800549,2020,New York,Corona (Queens),0,4
1800514,2020,Connecticut,Stamford,1,3
1800026,2020,New York,Buffalo,1,4
1799748,2020,Illinois,Chicago,0,4
1799703,2020,Illinois,Chicago,0,4
1800188,2020,New Jersey,Plainfield,0,4
1799307,2020,New York,Rochester,2,14
1800192,2020,New Jersey,Paterson,0,5
1800779,2020,Arkansas,West Memphis,0,5
1799160,2020,Arkansas,Little Rock,0,4
1797620,2020,Pennsylvania,Philadelphia,2,3
1796684,2020,California,San Jose,2,4
1796638,2020,Illinois,Chicago,0,5
1795391,2020,Louisiana,Baker,0,4
1793826,2020,Michigan,Grand Rapids,0,7
1794138,2020,Tennessee,Beechgrove,2,3
1793559,2020,Florida,Tampa,0,4
1794086,2020,Illinois,Chicago,1,3
1793521,2020,New Jersey,New Brunswick,2,7
1792650,2020,Illinois,Chicago,2,3
1793680,2020,North Carolina,Wilson,0,5
1793771,2020,Pennsylvania,Philadelphia,0,4
1792624,2020,Louisiana,Donaldsonville,0,5
1791482,2020,Louisiana,New Orleans,3,2
1788401,2020,Maryland,Baltimore,0,5
1788168,2020,Louisiana,New Orleans,0,4
1787655,2020,New York,Brooklyn,0,5
1788352,2020,California,Aguanga,7,0
1787222,2020,Indiana,Indianapolis,1,4
1786920,2020,Illinois,Chicago,0,4
1786829,2020,Colorado,Commerce City,0,4
1787977,2020,Tennessee,Memphis,0,4
1786855,2020,Georgia,Sparta,1,6
1787286,2020,Missouri,Kansas City,0,6
1786890,2020,Missouri,Saint Louis,1,3
1787006,2020,Louisiana,New Iberia,0,5
1787387,2020,Maryland,Baltimore,0,4
1786488,2020,Texas,Houston,0,4
1786449,2020,Maryland,Baltimore,1,3
1785713,2020,Florida,Williston,0,6
1786806,2020,Arkansas,Little Rock,0,4
1805455,2020,South Carolina,Anderson,1,3
1784592,2020,Arkansas,Pine Bluff,3,1
1785358,2020,Florida,Miami,1,3
1784570,2020,Arkansas,Hensley,1,3
1785108,2020,Pennsylvania,Philadelphia,0,6
1785593,2020,Arkansas,Little Rock,0,4
1783582,2020,Pennsylvania,Philadelphia,2,2
1784141,2020,Georgia,Albany,1,3
1783928,2020,California,Oakland,0,4
1825993,2020,Pennsylvania,Philadelphia,0,5
1782962,2020,Florida,Tallahassee,0,4
1780301,2020,Kentucky,Lexington,0,7
1780199,2020,Illinois,Zion,1,3
1780266,2020,Texas,San Antonio,2,2
1779981,2020,New York,Buffalo,1,4
1784122,2020,Pennsylvania,Philadelphia,0,4
1779718,2020,Illinois,Chicago,1,4
1780091,2020,Kentucky,Madisonville,0,5
1780228,2020,Nevada,Las Vegas,2,2
1778571,2020,Illinois,Rock Island,1,5
1778435,2020,Minnesota,Minneapolis,0,4
1778542,2020,Pennsylvania,Chester,1,3
1779023,2020,Texas,Dallas,1,4
1777607,2020,Oregon,Portland,1,3
1777180,2020,Michigan,Pontiac,3,1
1776905,2020,South Carolina,Hilton Head Island,0,4
1777400,2020,Pennsylvania,Philadelphia,0,4
1776189,2020,Virginia,Norfolk,0,5
1775249,2020,New York,Rochester,0,4
1774123,2020,Michigan,Detroit,0,4
1773194,2020,California,Sacramento,1,3
1774138,2020,Florida,West Palm Beach,0,4
1773996,2020,Virginia,Richmond,1,4
1772623,2020,Arkansas,Pine Bluff,0,7
1772513,2020,New York,Brooklyn,1,3
1772934,2020,Colorado,Pueblo,0,6
1772680,2020,Tennessee,Somerville,1,4
1772438,2020,Illinois,Champaign,0,4
1773006,2020,Illinois,Chicago,0,4
1772764,2020,Illinois,Rockford,1,3
1772174,2020,Alabama,Bessemer (Hueytown),1,3
1769444,2020,Pennsylvania,Philadelphia,0,4
1769489,2020,Illinois,Chicago,0,6
1768125,2020,Pennsylvania,Philadelphia,1,4
1767851,2020,New York,Corona (Queens),0,4
1767747,2020,Illinois,Rockford,0,4
1768683,2020,Ohio,Cleveland,0,5
1766574,2020,New York,Brooklyn,0,4
1767402,2020,Texas,Dayton,3,2
1765658,2020,Kentucky,Lexington,1,3
1765624,2020,Ohio,Cincinnati,1,3
1765636,2020,Ohio,Cincinnati,2,9
1766423,2020,Ohio,Cincinnati,1,3
1766380,2020,Colorado,Denver,2,4
1765920,2020,Oklahoma,Oklahoma City,0,4
1765336,2020,Michigan,Belleville,4,0
1765499,2020,Pennsylvania,Philadelphia,0,5
1765890,2020,New York,Rochester,0,5
1765705,2020,Connecticut,New Haven,1,5
1764756,2020,Alabama,Troy,2,3
1764619,2020,New York,New York (Manhattan),0,4
1762951,2020,New Jersey,Newark,1,4
1762997,2020,Ohio,Dayton,1,3
1761557,2020,California,Torrance,0,5
1759873,2020,Colorado,Denver,0,9
1759779,2020,Ohio,Toledo,0,6
1758966,2020,District of Columbia,Washington,1,21
1760207,2020,Mississippi,Jackson,0,4
1760261,2020,Texas,Houston,0,4
1759425,2020,Kentucky,Paducah,1,3
1759237,2020,Alabama,Birmingham,1,5
1758838,2020,Pennsylvania,Philadelphia,0,6
1759439,2020,Massachusetts,Brockton,0,5
1758774,2020,New York,Albany,1,3
1757380,2020,California,Oakland,1,3
1756248,2020,Illinois,Chicago,0,4
1755566,2020,Wisconsin,Madison,0,4
1755297,2020,District of Columbia,Washington,0,4
1754613,2020,California,Beverly Hills,1,4
1754640,2020,Missouri,Saint Louis,1,3
1754672,2020,Connecticut,Hartford,1,5
1754363,2020,New York,Bronx,0,4
1753320,2020,Pennsylvania,Philadelphia,0,4
1753561,2020,New Jersey,Newark,0,5
1752100,2020,Illinois,Chicago,1,4
1753235,2020,Texas,Pointblank,2,3
1751949,2020,Colorado,Denver,1,4
1752790,2020,Alabama,Montgomery,0,4
1752019,2020,Pennsylvania,Philadelphia,1,3
1750611,2020,Florida,Tampa,0,5
1750548,2020,Florida,Miami Gardens,0,5
1750250,2020,Michigan,Detroit,0,4
1749873,2020,Ohio,Elyria,4,0
1749746,2020,Missouri,Saint Louis,3,2
1749281,2020,Delaware,Wilmington,2,2
1749535,2020,Wisconsin,Milwaukee,0,4
1748134,2020,Washington,Federal Way,1,3
1747700,2020,Illinois,Chicago,1,4
1746658,2020,Texas,Mount Enterprise,0,4
1746441,2020,Michigan,Flint,1,3
1746282,2020,Kentucky,Louisville,1,3
1746417,2020,Colorado,Commerce City,1,3
1748023,2020,Arkansas,Magnolia,0,4
1746582,2020,Michigan,Flint,0,6
1745903,2020,North Carolina,Raleigh,0,4
1746160,2020,Florida,Miami,1,3
1746430,2020,Colorado,Denver,2,3
1746674,2020,Texas,Dallas,0,4
1745737,2020,California,Manteca,0,7
1744407,2020,Georgia,Atlanta,2,2
1743168,2020,Virginia,Fairfield,1,3
1743488,2020,Virginia,Petersburg,0,4
1744332,2020,Illinois,Chicago,2,4
1743108,2020,Michigan,Warren,0,4
1741838,2020,Illinois,Chicago,0,15
1740533,2020,Virginia,Richmond,1,4
1740615,2020,Illinois,Chicago,0,5
1739920,2020,Michigan,Detroit,1,3
1739571,2020,Nebraska,Omaha,0,8
1740013,2020,Illinois,Chicago,2,3
1739434,2020,Illinois,Peoria,0,13
1739658,2020,District of Columbia,Washington,1,8
1739917,2020,Michigan,Detroit,4,0
1738635,2020,Illinois,Chicago,1,4
1739097,2020,Ohio,Columbus,0,4
1739413,2020,Florida,Madison,0,4
1736508,2020,Tennessee,Nashville,0,5
1736383,2020,Louisiana,Shreveport,1,3
1735326,2020,New York,Brooklyn,1,5
1735573,2020,Missouri,Saint Joseph,0,5
1735470,2020,North Carolina,Durham,0,8
1733702,2020,New York,Brooklyn,0,6
1734064,2020,Kentucky,Louisville,1,3
1734058,2020,Washington,Kent,0,6
1732993,2020,New York,Brooklyn,1,3
1732485,2020,Louisiana,Baton Rouge,1,7
1732688,2020,Michigan,Lansing,0,5
1732365,2020,Florida,Fort Lauderdale,2,2
1733188,2020,Illinois,Chicago,1,3
1732229,2020,Illinois,Chicago,1,4
1732532,2020,Mississippi,Como,2,4
1731349,2020,New York,Rochester,0,6
1732321,2020,Delaware,Wilmington,0,5
1727743,2020,Virginia,Alexandria,0,5
1728683,2020,New Jersey,Paterson,4,3
1727567,2020,Illinois,Chicago,0,6
1725108,2020,South Carolina,Greenville,2,8
1725883,2020,Illinois,Chicago,0,4
1725802,2020,Iowa,Davenport,1,3
1725167,2020,New York,New York (Manhattan),0,5
1726770,2020,Arkansas,Helena,1,3
1725690,2020,Georgia,Atlanta,2,13
1725946,2020,Missouri,Columbia,2,3
1725379,2020,Wisconsin,Milwaukee,0,4
1726446,2020,Texas,Houston,0,4
1725327,2020,Maryland,Cambridge,0,4
1725145,2020,Illinois,Chicago,1,5
1725635,2020,Pennsylvania,Ephrata,0,4
1726034,2020,Illinois,Freeport,1,5
1727515,2020,Mississippi,Greenville,0,4
1725571,2020,Michigan,Detroit,2,4
1725025,2020,Maryland,Temple Hills (Marlow Heights),1,3
1725670,2020,Georgia,Atlanta,0,5
1724231,2020,Michigan,Detroit,2,3
1725735,2020,South Carolina,Barnwell,0,5
1725098,2020,Illinois,Chicago,1,3
1725081,2020,Illinois,Chicago,4,4
1725407,2020,Massachusetts,Lynn,1,4
1724219,2020,Mississippi,Jackson,1,3
1724887,2020,Louisiana,Baton Rouge,0,4
1723897,2020,Alabama,Birmingham (Hoover),1,3
1724273,2020,Maryland,Baltimore,0,4
1723184,2020,California,Delano,2,3
1723352,2020,Massachusetts,Somerville,0,4
1722839,2020,New Jersey,Paterson,1,4
1722142,2020,California,Oakland,0,4
1729506,2020,Louisiana,Lake Charles,0,4
1721964,2020,Iowa,Davenport,0,5
1720781,2020,Georgia,Atlanta,1,4
1721669,2020,Massachusetts,Boston,1,3
1720761,2020,Illinois,Chicago,0,4
1721572,2020,Ohio,Dayton,0,4
1722317,2020,Arkansas,Greenbrier,0,4
1720834,2020,California,Sylmar,0,4
1720655,2020,South Dakota,Sioux Falls,1,3
1719693,2020,Pennsylvania,Philadelphia,2,2
1719668,2020,Alabama,Akron,0,7
1718966,2020,Illinois,Chicago,2,2
1718847,2020,California,Red Bluff,2,4
1718463,2020,Illinois,Peoria,0,4
1718238,2020,New York,Brooklyn,0,4
1719645,2020,Arkansas,Blytheville,3,1
1717828,2020,Colorado,Aurora,0,5
1718292,2020,California,Fresno,0,4
1717173,2020,Arizona,Phoenix,0,4
1717543,2020,Pennsylvania,Philadelphia,0,4
1716944,2020,Connecticut,Bridgeport,1,3
1715616,2020,Tennessee,Jackson,0,4
1714504,2020,Illinois,Chicago,0,4
1715231,2020,Florida,Lake Worth,0,5
1712342,2020,North Carolina,Charlotte,4,5
1713075,2020,California,San Francisco,0,5
1713790,2020,New York,Brooklyn,0,5
1712876,2020,Minnesota,Minneapolis,0,4
1712898,2020,Minnesota,Minneapolis,0,4
1712408,2020,Illinois,Chicago,0,5
1712386,2020,Illinois,Chicago,0,4
1713668,2020,Ohio,Columbus,1,4
1711747,2020,New York,Buffalo,0,4
1711626,2020,Texas,Austin,0,5
1711410,2020,Minnesota,Minneapolis,0,11
1711690,2020,Alabama,Auburn,0,4
1713493,2020,Texas,Corpus Christi,1,3
1711605,2020,Wisconsin,Milwaukee,0,5
1711487,2020,Illinois,Chicago,1,3
1710537,2020,New York,Bronx,0,4
1711285,2020,New York,Syracuse,1,8
1711876,2020,Michigan,Detroit,0,4
1711272,2020,Michigan,Saginaw,1,3
1710849,2020,Wisconsin,Janesville,0,5
1710920,2020,North Carolina,Pinetops,2,2
1710680,2020,New Jersey,Jersey City,1,4
1711397,2020,Kansas,Wichita,0,5
1711134,2020,New York,Bronx,0,4
1708889,2020,New York,Albany,0,7
1708432,2020,Illinois,Chicago,0,4
1706994,2020,Iowa,Fort Dodge,2,2
1706710,2020,Illinois,Chicago,0,4
1704879,2020,Minnesota,Minneapolis,1,6
1704862,2020,Kentucky,Louisville,1,4
1704873,2020,Louisiana,Lafayette,0,5
1705050,2020,Louisiana,Lake Charles,0,4
1705346,2020,Louisiana,New Orleans,2,2
1705355,2020,Arkansas,Rison,0,4
1705440,2020,California,Hesperia,0,5
1704116,2020,Missouri,Saint Louis,2,4
1704176,2020,Maryland,Baltimore,0,5
1704580,2020,Georgia,Atlanta,2,5
1704727,2020,District of Columbia,Washington,2,5
1704415,2020,New York,Wyandanch,1,7
1703509,2020,Pennsylvania,Philadelphia,0,6
1704217,2020,New York,Bronx,1,3
1703985,2020,Texas,San Antonio,0,8
1702276,2020,Virginia,Richmond,0,4
1702172,2020,District of Columbia,Washington,0,7
1703044,2020,Louisiana,Monroe,5,0
1703055,2020,Texas,Houston,2,4
1701714,2020,California,Paso Robles,1,4
1702372,2020,California,Sacramento,1,4
1701382,2020,Ohio,Toledo,1,3
1700864,2020,North Carolina,Scotland Neck,0,5
1701426,2020,Pennsylvania,Philadelphia,1,6
1701491,2020,California,Vallejo,2,3
1700371,2020,New York,Brooklyn,0,4
1700250,2020,Tennessee,Memphis,0,4
1699193,2020,Tennessee,Dyersburg,0,5
1699577,2020,Arkansas,Hope,0,5
1700234,2020,Illinois,Robbins,1,3
1699211,2020,Missouri,Sikeston,2,7
1698987,2020,Illinois,Chicago,1,3
1699667,2020,Illinois,Chicago,0,6
1698868,2020,California,Sacramento,1,4
1698306,2020,Missouri,Kansas City,1,4
1700812,2020,Mississippi,Drew,0,5
1698276,2020,Ohio,Ironton,0,4
1697541,2020,Colorado,Denver,0,4
1697453,2020,Alabama,Valhermoso Springs,7,0
1695998,2020,Texas,Dallas,1,3
1695586,2020,Wisconsin,Racine,0,5
1695645,2020,Illinois,Chicago,0,4
1694735,2020,Missouri,Saint Louis,0,4
1693340,2020,Mississippi,Gulfport,1,5
1693580,2020,Pennsylvania,Philadelphia,0,4
1692513,2020,New Jersey,Paterson,0,4
1692912,2020,District of Columbia,Washington,0,4
1693064,2020,Texas,Houston,1,4
1693246,2020,Florida,Altha,1,4
1692496,2020,North Carolina,Gastonia,1,5
1692102,2020,Virginia,Portsmouth,0,5
1691221,2020,Kentucky,Louisville,0,7
1690922,2020,Tennessee,Memphis,0,4
1691440,2020,Pennsylvania,Philadelphia,1,3
1690369,2020,Massachusetts,Boston,1,4
1690524,2020,Ohio,Cleveland,1,3
1690439,2020,California,San Jose,0,5
1689419,2020,Pennsylvania,Philadelphia,0,4
1688610,2020,Mississippi,Vicksburg,0,4
1689252,2020,Pennsylvania,Philadelphia,0,4
1688917,2020,Illinois,Chicago,2,2
1689555,2020,California,Los Angeles,0,5
1688753,2020,South Carolina,Bowman,3,5
1687999,2020,Louisiana,Lake Charles,0,5
1687219,2020,Missouri,Saint Louis,0,4
1687037,2020,South Carolina,Myrtle Beach,0,4
1687414,2020,Alabama,Danville,3,1
1686222,2020,Texas,Houston,0,4
1686615,2020,Illinois,Rock Island,1,4
1687027,2020,South Carolina,Jonesville,2,5
1687108,2020,North Carolina,Charlotte,0,6
1687097,2020,Michigan,Flint,1,3
1686414,2020,Florida,Fort Lauderdale (Lauderhill),0,5
1686747,2020,Florida,Daytona Beach,0,6
1686685,2020,Illinois,Chicago,1,3
1687381,2020,Mississippi,Jackson,1,3
1686015,2020,Ohio,Cleveland,1,3
1683810,2020,Texas,Houston,1,3
1683653,2020,Illinois,Decatur,0,5
1682322,2020,California,Bakersfield,0,5
1681602,2020,South Carolina,Charleston,0,4
1682233,2020,South Carolina,Saint Matthews,3,1
1681588,2020,Louisiana,Bogalusa,0,13
1686369,2020,Florida,Gainesville,0,5
1850080,2020,Pennsylvania,Philadelphia,0,4
1680027,2020,New Mexico,Albuquerque,0,5
1679086,2020,Illinois,Rockford,1,4
1678589,2020,Kentucky,Garrison,1,4
1679356,2020,Tennessee,Memphis,0,4
1677566,2020,Alabama,Montgomery,0,4
1676515,2020,Louisiana,Baton Rouge,0,5
1676579,2020,Texas,Fort Worth,0,5
1676746,2020,Texas,Katy,0,5
1676121,2020,Missouri,Saint Louis,0,4
1674802,2020,Maryland,Baltimore,0,4
1673989,2020,Texas,Houston,3,1
1674299,2020,Tennessee,Memphis,2,2
1673633,2020,Georgia,Albany,1,3
1671289,2020,Ohio,Columbus,0,4
1671624,2020,Florida,Jacksonville,1,3
1671078,2020,Illinois,Chicago,0,5
1670970,2020,Pennsylvania,Philadelphia,0,4
1668470,2020,Indiana,Indianapolis,0,4
1666945,2020,Wisconsin,Milwaukee,5,0
1666461,2020,New York,Troy,0,4
1666600,2020,North Carolina,Salisbury,1,4
1666327,2020,Florida,Orlando,1,4
1665834,2020,Tennessee,Memphis,0,7
1664933,2020,Texas,Houston,3,1
1665735,2020,Indiana,Fort Wayne,0,4
1661537,2020,Maryland,Hyattsville,2,2
1660797,2020,North Carolina,Greensboro,1,3
1661218,2020,Massachusetts,Springfield,1,4
1659862,2020,Pennsylvania,Philadelphia,0,4
1659966,2020,Mississippi,Jackson,1,3
1656873,2020,California,Bakersfield,0,6
1656265,2020,Michigan,Muskegon,0,4
1654971,2020,South Carolina,Greenwood,1,3
1655674,2020,Michigan,Detroit,0,4
1656373,2020,Alaska,Anchorage,0,4
1654341,2020,Illinois,Chicago,1,3
1652642,2020,New York,Brooklyn,0,4
1652734,2020,California,Los Angeles,1,3
1653012,2020,South Carolina,Lancaster,1,4
1652073,2020,Texas,Lubbock,2,2
1652601,2020,Texas,Vidor,0,4
1652328,2020,Florida,Hialeah,0,4
1651742,2020,Kentucky,Louisville,0,4
1649473,2020,Georgia,Macon,3,1
1648832,2020,Pennsylvania,Philadelphia,0,5
1648205,2020,Georgia,Atlanta,0,4
1647661,2020,Maryland,Baltimore,1,3
1644111,2020,Texas,San Antonio,0,4
1643775,2020,South Carolina,Hanahan,0,4
1643157,2020,Virginia,Norfolk,0,4
1642826,2020,Missouri,Saint Louis,0,4
1641923,2020,Florida,Jacksonville,1,4
1641216,2020,Maryland,Baltimore,0,7
1640295,2020,North Carolina,Moncure,6,0
1640317,2020,Missouri,Springfield,4,2
1640007,2020,Michigan,Saginaw,2,2
1639542,2020,New Mexico,Albuquerque,1,3
1639413,2020,Illinois,Rockford,0,4
1640278,2020,Louisiana,New Orleans (Algiers),0,5
1637520,2020,Pennsylvania,Chester,2,2
1636471,2020,Illinois,South Holland,0,4
1635796,2020,Maryland,Rosedale,1,5
1636564,2020,California,Ceres,1,3
1635750,2020,Ohio,Cleveland,1,18
1635411,2020,Illinois,Chicago,0,7
1635118,2020,District of Columbia,Washington,0,6
1634128,2020,California,Tulare,1,5
1631040,2020,Missouri,Kansas City,1,4
1631831,2020,Colorado,Brighton,0,5
1629488,2020,Wisconsin,Milwaukee,5,0
1629042,2020,Illinois,Chicago,1,4
1627335,2020,North Carolina,Clarkton,3,1
1627713,2020,Texas,Houston,0,7
1625553,2020,Idaho,Caldwell,1,3
1625787,2020,North Carolina,Greensboro,0,4
1623696,2020,Mississippi,Port Gibson,2,2
1622406,2020,Connecticut,Hartford,1,4
1622962,2020,Florida,Pensacola,1,4
1622340,2020,Louisiana,New Orleans,0,4
1622233,2020,Tennessee,Memphis,0,7
1621821,2020,Illinois,Chicago,0,6
1619064,2020,Delaware,Dover,1,4
1616964,2020,Texas,Houston,1,3
1615155,2020,Indiana,Indianapolis,4,0
1613020,2020,Maine,Machias,3,1
1612716,2020,California,Lebec,1,5
1612597,2020,Mississippi,Philadelphia,0,4
1611037,2020,Florida,Boynton Beach,1,3
1611563,2020,California,Delano,1,4
1610782,2020,Louisiana,Shreveport,0,4
1610240,2020,California,Merced,0,4
1606554,2020,Connecticut,Bridgeport,0,4
1605948,2020,Missouri,Cape Girardeau,0,5
1605798,2020,New York,Newburgh,3,1
1605770,2020,North Carolina,Salisbury,0,6
1605752,2020,South Carolina,Hartsville,3,3
1606476,2020,North Carolina,Vanceboro,4,0
1603241,2020,Washington,Seattle,1,6
1600522,2020,Texas,San Antonio,2,5
1600787,2020,Missouri,Kansas City,1,15
1600221,2020,Tennessee,Memphis,1,4
1600350,2020,Texas,South Houston,2,2
1599331,2020,Utah,Grantsville,4,1
1598447,2020,Illinois,Chicago,0,5
1594173,2020,Colorado,Aurora,0,5
1592655,2020,Mississippi,Bay Saint Louis,2,2
1588919,2020,Georgia,Atlanta,0,4
1588308,2020,Florida,Ocala,1,3
1586839,2020,New York,Brooklyn,0,4
1585746,2020,Ohio,Cleveland,0,4
1585394,2020,West Virginia,Huntington,0,7
1585894,2020,Missouri,Saint Louis,3,2
2201535,2021,Maryland,Capitol Heights,0,4
2201716,2021,Mississippi,Gulfport,4,3
2201216,2021,California,Los Angeles,0,6
2200968,2021,Pennsylvania,Philadelphia,0,6
2201052,2021,Missouri,Kirksville,3,1
2198521,2021,Colorado,Denver,5,2
2200720,2021,Alabama,Mobile,1,3
2198014,2021,Ohio,Youngstown,1,3
2197178,2021,Virginia,Clear Brook,0,4
2197391,2021,Texas,Garland,3,1
2198071,2021,New York,Buffalo,0,4
2197421,2021,Mississippi,Fayette,1,6
2197328,2021,Pennsylvania,Philadelphia,0,4
2196827,2021,Louisiana,Lafayette,0,4
2196434,2021,Georgia,Roswell,1,3
2196267,2021,Pennsylvania,Pittsburgh,0,5
2196839,2021,New York,Brooklyn,0,4
2193049,2021,Illinois,Lovejoy (Brooklyn),1,3
2191752,2021,Maryland,Baltimore,1,3
2192046,2021,Maryland,Baltimore,1,4
2191683,2021,Virginia,Portsmouth,0,4
2188999,2021,California,Fresno,0,4
2188843,2021,Pennsylvania,Philadelphia,0,4
2188260,2021,North Carolina,Durham,2,4
2187939,2021,Mississippi,Bolton,0,6
2190367,2021,Florida,Tampa,0,5
2187990,2021,Texas,Baytown,1,13
2188066,2021,Virginia,Woodbridge,0,4
2187027,2021,Illinois,River Grove,1,3
2186517,2021,Michigan,Lansing,1,3
2187077,2021,Florida,Orlando,0,5
2186696,2021,North Carolina,Charlotte,0,5
2186858,2021,Maryland,Capitol Heights,0,4
2186246,2021,Wisconsin,Beloit,1,5
2183667,2021,Pennsylvania,Philadelphia,0,4
2182789,2021,Michigan,Detroit,2,2
2183120,2021,Texas,El Paso,1,3
2181840,2021,Tennessee,Memphis,2,2
2181096,2021,North Carolina,Elizabeth City,3,3
2179099,2021,Georgia,Rex,3,2
2178487,2021,Michigan,Oxford,4,7
2177268,2021,Pennsylvania,Philadelphia,0,4
2176922,2021,Maryland,Baltimore,0,7
2177300,2021,Illinois,Evanston,1,4
2177416,2021,California,Lancaster,5,0
2176653,2021,Colorado,Aurora,0,5
2176667,2021,New Jersey,Newark,1,3
2176058,2021,Tennessee,Nashville,2,4
2175329,2021,Texas,San Antonio,3,1
2175615,2021,South Carolina,Green Sea,0,4
2173531,2021,Florida,Lehigh Acres,0,4
2174033,2021,Texas,Marshall,1,3
2174685,2021,North Carolina,Warsaw,2,2
2172178,2021,New Jersey,Passaic,0,5
2172657,2021,Louisiana,Baton Rouge,1,4
2171568,2021,California,Fresno,2,2
2172018,2021,Illinois,Berwyn,0,4
2170438,2021,Maryland,Cambridge,1,3
2169719,2021,Illinois,East Saint Louis,1,3
2170140,2021,New York,Newburgh,0,4
2169494,2021,New York,Bronx,1,3
2168989,2021,Illinois,Chicago,0,4
2167778,2021,New York,New York (Manhattan),0,4
2167297,2021,Colorado,Aurora,0,6
2166673,2021,Pennsylvania,Philadelphia,0,6
2166768,2021,Missouri,Columbia,0,5
2166953,2021,Oregon,Chiloquin,2,2
2166817,2021,Alabama,Troy,1,5
2166055,2021,North Carolina,Winston Salem (Winston-salem),0,4
2167889,2021,Louisiana,Houma,0,4
2165535,2021,Alabama,Birmingham,2,2
2165600,2021,Virginia,Richmond,2,2
2163306,2021,New York,Rochester,0,4
2163772,2021,Louisiana,Hahnville (Killona),1,4
2163617,2021,South Dakota,Scotland,3,2
2162196,2021,Texas,Victoria,3,1
2162269,2021,Pennsylvania,Philadelphia,0,4
2161323,2021,Wisconsin,Kenosha,1,3
2161116,2021,California,Oakley,2,2
2160608,2021,Texas,Marshall,0,6
2161078,2021,California,Highland,0,4
2160838,2021,California,Oakland,1,3
2158417,2021,Virginia,Norfolk,3,2
2158524,2021,Iowa,Des Moines,0,4
2157991,2021,Alabama,Mobile,0,4
2157206,2021,Texas,San Antonio,0,4
2156175,2021,Florida,Orlando,0,4
2155369,2021,Kentucky,Louisville,2,2
2155517,2021,Colorado,Littleton (Lakewood),2,2
2155428,2021,Illinois,Flossmoor,1,3
2155282,2021,Texas,Houston,1,3
2155329,2021,Illinois,Joliet,3,11
2156001,2021,Texas,Fort Worth,1,3
2154851,2021,California,Gilroy,2,2
2154422,2021,Illinois,Decatur,0,4
2154441,2021,Oklahoma,Oklahoma City,0,4
2154873,2021,California,Sacramento,2,5
2155172,2021,Florida,Saint Petersburg,1,4
2155001,2021,Texas,Texarkana,1,9
2154283,2021,New York,Poughkeepsie,0,5
2155826,2021,Michigan,Kalamazoo,0,4
2153285,2021,Nevada,Las Vegas,0,4
2153779,2021,Tennessee,Nashville,1,3
2150274,2021,Idaho,Boise,2,3
2154085,2021,California,Gonzales,2,2
2150037,2021,Mississippi,Crenshaw,2,3
2148921,2021,South Carolina,Florence,0,6
2148891,2021,California,Ontario,1,4
2148633,2021,Georgia,Fort Valley,1,7
2148282,2021,Illinois,Chicago,0,5
2148946,2021,Washington,Renton,0,4
2148401,2021,Maryland,Baltimore,0,7
2147114,2021,New York,Brooklyn,0,4
2147301,2021,Washington,Tacoma,4,0
2147042,2021,Michigan,Farwell,4,0
2145931,2021,Wisconsin,Kenosha,2,2
2143277,2021,Louisiana,Grambling,1,7
2143113,2021,Missouri,Saint Louis,1,3
2143765,2021,Texas,Houston,0,7
2143889,2021,Colorado,Colorado Springs,0,5
2144160,2021,Wisconsin,Racine,0,6
2143479,2021,Arkansas,Pine Bluff,1,8
2143499,2021,Arkansas,Pine Bluff,1,3
2143605,2021,Mississippi,Jackson,3,3
2142402,2021,Texas,Killeen,1,3
2142296,2021,Alabama,Mobile,0,5
2142092,2021,Minnesota,Minneapolis,1,4
2155043,2021,Mississippi,Mccomb,0,6
2139048,2021,Florida,Naples,1,3
2139674,2021,Mississippi,Meridian,3,1
2139198,2021,Georgia,Atlanta,0,6
2137179,2021,Illinois,Chicago,0,4
2137321,2021,South Carolina,Mc Coll (Mccoll),2,3
2137561,2021,Iowa,Sioux City,0,4
2137198,2021,Minnesota,Saint Paul,1,12
2137555,2021,Delaware,Dover,1,4
2136907,2021,Louisiana,Livingston,2,3
2137291,2021,Texas,Dallas,0,4
2137575,2021,New York,Albany,1,6
2137464,2021,Colorado,Denver,1,3
2136230,2021,Maryland,Baltimore,0,4
2136270,2021,District of Columbia,Washington,1,3
2135536,2021,Alabama,Montgomery,1,3
2135508,2021,Wisconsin,Milwaukee,3,1
2134657,2021,Illinois,Chicago,0,4
2135498,2021,Wisconsin,Milwaukee,0,5
2135666,2021,Louisiana,New Orleans,1,4
2134217,2021,Maryland,Baltimore,1,5
2134359,2021,Louisiana,New Orleans,2,2
2136132,2021,Ohio,Cleveland,0,4
2135659,2021,Ohio,Cleveland,0,4
2133962,2021,Illinois,Rockford,1,3
2133137,2021,Minnesota,Saint Paul,0,4
2132656,2021,Minnesota,Minneapolis,0,4
2131471,2021,South Carolina,Bishopville,1,4
2131406,2021,Texas,San Antonio,1,3
2130634,2021,Colorado,Aurora,1,3
2130763,2021,Iowa,Cedar Rapids,0,6
2130370,2021,District of Columbia,Washington,1,5
2128682,2021,Illinois,Chicago,0,4
2128023,2021,Minnesota,Minneapolis,1,3
2127374,2021,Illinois,Chicago,1,3
2126747,2021,New York,New York (Manhattan),0,4
2126450,2021,Illinois,Chicago,1,3
2125790,2021,Illinois,Chicago,0,6
2125953,2021,California,Oakland,0,4
2126261,2021,Washington,Seattle (Des Moines),3,3
2125613,2021,New York,Utica,0,4
2125444,2021,Tennessee,Athens,4,1
2126241,2021,Tennessee,Chattanooga,2,5
2125227,2021,California,Riverside,0,6
2124396,2021,South Carolina,Aiken,3,1
2124887,2021,California,Los Angeles,0,4
2123395,2021,Tennessee,Collierville,1,14
2123301,2021,Pennsylvania,Philadelphia,0,4
2122565,2021,North Carolina,Fayetteville,2,2
2121381,2021,District of Columbia,Washington,0,5
2120940,2021,Pennsylvania,Philadelphia,1,5
2121031,2021,Missouri,Saint Louis,1,3
2119583,2021,New York,Rochester,2,2
2119701,2021,Florida,Miami,0,4
2119736,2021,California,Oakland,1,3
2119745,2021,Texas,Dallas,2,4
2119609,2021,Illinois,Chicago,0,5
2119950,2021,South Carolina,Yemassee,1,7
2119470,2021,New York,Bronx,1,3
2119101,2021,Illinois,Danville,2,2
2119478,2021,Louisiana,Opelousas,0,5
2118451,2021,Georgia,Augusta,0,4
2116343,2021,Maryland,Baltimore,0,4
2116205,2021,Ohio,Cleveland,0,6
2115522,2021,Wisconsin,Milwaukee,0,5
2115947,2021,Minnesota,Saint Paul,4,0
2114626,2021,Texas,Temple,0,4
2122103,2021,Illinois,Blue Island,2,2
2114481,2021,Michigan,Detroit,2,4
2114510,2021,Alabama,Dothan,0,5
2114583,2021,New York,Utica,1,3
2113623,2021,Illinois,Chicago,1,3
2113841,2021,Illinois,Chicago,2,4
2113769,2021,New Jersey,Paterson,0,4
2112450,2021,Florida,Orlando,0,4
2111858,2021,Illinois,East Saint Louis,0,7
2112252,2021,Alabama,Montgomery,1,3
2111895,2021,Missouri,Saint Louis,0,4
2110346,2021,Delaware,Wilmington,0,4
2110077,2021,Kansas,Wichita,1,5
2109075,2021,Georgia,Atlanta,0,5
2108892,2021,Missouri,Independence,0,4
2108560,2021,New York,Bronx,0,4
2108414,2021,Texas,Houston,4,0
2108378,2021,Georgia,Athens,0,6
2115336,2021,Missouri,Wyatt,0,4
2108302,2021,Florida,Lakeland,4,1
2109384,2021,Ohio,Cincinnati,0,4
2107828,2021,Louisiana,Monroe,1,3
2107916,2021,Alabama,Birmingham,2,2
2108406,2021,Georgia,Warner Robins,1,4
2107875,2021,Pennsylvania,Pittsburgh,0,4
2107476,2021,Illinois,Chicago,0,5
2107930,2021,District of Columbia,Washington,3,3
2107621,2021,Texas,Austin,1,3
2107168,2021,New York,Syracuse,0,4
2107467,2021,Louisiana,New Iberia,1,3
2107198,2021,New York,Niagara Falls,0,4
2104725,2021,North Carolina,Elm City,2,2
2104181,2021,Illinois,Normal,2,3
2103256,2021,Tennessee,Nashville,0,5
2102991,2021,Nevada,Las Vegas,1,3
2103311,2021,Wisconsin,Milwaukee,0,4
2103132,2021,New York,Albany,0,5
2103035,2021,California,San Diego,0,4
2102694,2021,Illinois,Chicago,0,4
2102082,2021,Pennsylvania,Sharon Hill,1,4
2101199,2021,California,Los Angeles,0,4
2101774,2021,West Virginia,Huntington,2,2
2100578,2021,Minnesota,Minneapolis,0,7
2100397,2021,Washington,Kennewick,3,1
2098246,2021,Illinois,Chicago,0,4
2097075,2021,Illinois,Chicago,1,4
2097481,2021,Illinois,Carbondale,1,3
2097494,2021,Colorado,Denver,1,5
2097271,2021,Michigan,Grand Rapids,1,3
2098321,2021,Oregon,Portland,0,5
2096687,2021,Illinois,Chicago,0,4
2097063,2021,Illinois,Chicago,1,5
2095800,2021,Michigan,Flint,1,3
2095116,2021,Illinois,Chicago,0,4
2095394,2021,Maryland,Edgewood,1,3
2095087,2021,Pennsylvania,Philadelphia,1,4
2094421,2021,Maryland,Germantown,1,3
2094457,2021,North Carolina,Durham,1,3
2094071,2021,Ohio,Youngstown,2,4
2094035,2021,California,Los Angeles,0,4
2093581,2021,New York,Brooklyn,0,5
2092469,2021,New York,Brooklyn,0,8
2092227,2021,Michigan,Detroit,1,3
2091597,2021,Texas,San Antonio,3,2
2091489,2021,Illinois,Chicago,0,4
2091531,2021,Indiana,Indianapolis,1,3
2090949,2021,New York,Brooklyn,0,4
2090971,2021,Ohio,Akron,0,5
2090777,2021,Indiana,Indianapolis,1,4
2090924,2021,New Jersey,Trenton,0,4
2092110,2021,Texas,Wichita Falls,0,4
2089972,2021,Nevada,Las Vegas,0,6
2088659,2021,Pennsylvania,Philadelphia,1,4
2089557,2021,Mississippi,Coahoma,2,2
2087433,2021,Oregon,Portland,2,4
2086148,2021,Massachusetts,Boston,1,5
2086236,2021,Michigan,Flint,2,4
2085396,2021,New York,Brooklyn,3,2
2085388,2021,Illinois,Chicago,1,5
2085401,2021,Illinois,Chicago,1,4
2085489,2021,Texas,Houston,1,5
2085438,2021,District of Columbia,Washington,0,4
2085542,2021,Louisiana,New Orleans,0,5
2085256,2021,Alabama,Montgomery,0,4
2085071,2021,Illinois,Chicago,0,4
2084884,2021,Virginia,Norfolk,0,4
2084889,2021,Tennessee,Nashville,0,4
2082957,2021,Pennsylvania,Philadelphia,0,4
2081884,2021,Illinois,Urbana,1,3
2081131,2021,South Carolina,Greenwood,3,1
2080733,2021,South Carolina,Columbia,0,9
2080390,2021,Texas,Nacogdoches,1,3
2080536,2021,Rhode Island,Providence,0,5
2079920,2021,Louisiana,New Orleans,1,3
2079913,2021,Louisiana,New Orleans,0,4
2079044,2021,Ohio,Columbus,1,5
2078897,2021,Illinois,Chicago,1,3
2079271,2021,Indiana,Indianapolis,0,5
2080006,2021,Michigan,Saginaw,2,2
2079516,2021,New York,Corona (Queens),0,10
2081480,2021,Ohio,Cleveland,0,5
2079533,2021,Kentucky,Lexington,0,5
2078540,2021,Iowa,Davenport,0,4
2077587,2021,Pennsylvania,Pittsburgh,2,2
2077018,2021,District of Columbia,Washington,0,4
2077549,2021,Alabama,Montgomery,1,3
2076889,2021,South Carolina,Charleston,1,4
2074353,2021,Michigan,Detroit,0,6
2074406,2021,California,Wasco,4,1
2073472,2021,Illinois,Chicago,0,5
2073597,2021,Washington,Seattle,2,3
2072782,2021,Ohio,Columbus,0,4
2072962,2021,Texas,Amarillo,0,6
2072761,2021,Georgia,Macon,2,3
2072342,2021,South Carolina,Spartanburg,2,2
2071982,2021,South Carolina,Darlington,0,4
2072896,2021,California,San Rafael,2,4
2071343,2021,Texas,Houston,1,5
2070329,2021,Illinois,Chicago,0,5
2069490,2021,Maryland,Hyattsville (Adelphi),1,4
2070645,2021,Illinois,Chicago,0,8
2070310,2021,Illinois,Chicago,2,3
2068568,2021,Texas,Jacksonville,4,0
2067728,2021,New Jersey,Perth Amboy,0,6
2068061,2021,Illinois,Chicago,0,4
2066335,2021,Ohio,Toledo,1,3
2067135,2021,Florida,Gainesville,1,4
2066680,2021,North Carolina,Burlington,0,4
2066905,2021,Arizona,Tucson,3,3
2066812,2021,California,Walnut Creek,1,3
2067290,2021,Texas,Houston,2,2
2065252,2021,Oregon,Portland,1,6
2066189,2021,Illinois,Chicago,0,6
2065634,2021,California,Sacramento,2,4
2065009,2021,Pennsylvania,Philadelphia,1,4
2066249,2021,South Carolina,Greenville,1,3
2064260,2021,New Hampshire,Manchester,0,4
2064992,2021,District of Columbia,Washington,1,5
2065118,2021,Illinois,Chicago,1,4
2063495,2021,Texas,Levelland,1,4
2065533,2021,Massachusetts,Boston,0,4
2062097,2021,Illinois,Chicago,0,5
2062359,2021,Illinois,Chicago,0,5
2060865,2021,Indiana,Indianapolis,1,3
2060949,2021,Michigan,Detroit,1,5
2060706,2021,Pennsylvania,Beaver Falls,2,3
2060293,2021,New Jersey,Iselin,0,4
2060605,2021,New York,Corona (Queens),0,4
2059440,2021,Texas,El Paso (Socorro),1,5
2059404,2021,Pennsylvania,Philadelphia,0,6
2058950,2021,Massachusetts,Boston,0,4
2058837,2021,Ohio,Springfield,1,3
2058421,2021,California,Los Angeles,0,4
2057427,2021,Connecticut,Hartford,0,4
2053262,2021,Ohio,Toledo,1,11
2053500,2021,California,Santa Rosa,1,3
2055252,2021,New York,Buffalo,1,3
2053048,2021,Illinois,Chicago,2,4
2052524,2021,California,Thermal,0,4
2054233,2021,Ohio,Cleveland,0,4
2054132,2021,Illinois,Peoria,1,3
2053508,2021,Nevada,North Las Vegas,2,7
2053563,2021,Illinois,Rantoul,0,5
2052689,2021,Illinois,Danville,0,4
2053786,2021,Missouri,Kansas City,0,4
2053346,2021,Texas,Dallas,3,3
2053365,2021,Texas,Dallas,0,5
2052353,2021,Texas,Fort Worth,0,8
2052342,2021,Nebraska,Omaha,1,4
2052058,2021,North Carolina,Chadbourn,3,1
2051763,2021,Pennsylvania,Lancaster,0,4
2052471,2021,Georgia,Swainsboro,1,3
2052346,2021,Illinois,Chicago,0,4
2050836,2021,Virginia,Norfolk,0,4
2051190,2021,Pennsylvania,Philadelphia,1,4
2050972,2021,Illinois,Champaign,1,4
2050593,2021,Illinois,Chicago,0,7
2050151,2021,South Carolina,Spartanburg,1,4
2050353,2021,Virginia,Chesapeake,2,2
2049419,2021,Illinois,Chicago,0,4
2049907,2021,Louisiana,Marrero,0,4
2049845,2021,Texas,Houston,3,1
2050167,2021,Delaware,Dover,1,3
2046714,2021,Illinois,Chicago,1,5
2046574,2021,Illinois,Saint Charles,1,3
2046897,2021,Illinois,Chicago,1,10
2047170,2021,Tennessee,Memphis,3,1
2047726,2021,North Carolina,Greensboro,0,4
2046781,2021,Texas,Houston,1,3
2045579,2021,Illinois,Chicago,1,3
2047787,2021,Alabama,Fort Deposit,1,3
2045043,2021,Ohio,Columbus,0,4
2045564,2021,Illinois,Chicago,0,4
2044701,2021,New York,Bronx,0,5
2044733,2021,Florida,Gainesville,1,4
2043834,2021,Alabama,Montgomery,2,2
2043465,2021,New York,Buffalo,0,4
2043898,2021,Illinois,Chicago,0,4
2043715,2021,Illinois,Chicago,0,4
2041726,2021,Missouri,Saint Louis,3,3
2041555,2021,District of Columbia,Washington,0,4
2040643,2021,Virginia,Richmond,1,3
2041297,2021,California,Richmond,3,5
2040265,2021,Colorado,Aurora,1,4
2041363,2021,Florida,Wildwood,1,10
2040374,2021,Texas,Dallas,0,8
2040732,2021,Ohio,Cincinnati,1,3
2040243,2021,Indiana,Granger,1,4
2040991,2021,New Jersey,Atlantic City,1,3
2039457,2021,Alaska,Anchorage,1,4
2039346,2021,Louisiana,Baton Rouge,2,4
2040013,2021,New Jersey,Newark,0,4
2039964,2021,California,Oakland,1,7
2039441,2021,Minnesota,Minneapolis,0,5
2037813,2021,Virginia,Petersburg,0,4
2037887,2021,North Carolina,Durham,2,2
2038622,2021,Ohio,Cincinnati,1,3
2038152,2021,New Jersey,Paterson,0,4
2036635,2021,Maryland,Baltimore,1,5
2036121,2021,Illinois,Chicago,0,5
2035452,2021,Illinois,Chicago,5,3
2035313,2021,Alabama,Albertville,2,2
2035733,2021,Georgia,Columbus,2,2
2034408,2021,Michigan,Lansing,2,2
2034470,2021,Florida,Boynton Beach,1,3
2033905,2021,Ohio,West Salem,1,5
2033605,2021,Kentucky,Louisville,1,3
2032220,2021,Texas,Austin,1,13
2032486,2021,Ohio,Cleveland,3,4
2032203,2021,Illinois,Chicago,1,9
2031976,2021,Georgia,Savannah,2,6
2032580,2021,North Carolina,Winston Salem (Winston-salem),1,3
2031801,2021,Washington,Seattle,2,2
2032282,2021,Texas,Dallas,0,5
2030720,2021,Michigan,Detroit,1,3
2030639,2021,New York,Yonkers,0,4
2030708,2021,Illinois,Chicago,1,4
2029078,2021,Tennessee,Nashville,1,3
2028745,2021,Tennessee,Memphis,1,4
2028928,2021,Texas,Houston,0,5
2027736,2021,Ohio,Cleveland,0,6
2027046,2021,Florida,Homestead,2,3
2026802,2021,Missouri,Saint Louis,0,4
2026651,2021,North Carolina,Snow Hill,0,4
2027725,2021,Ohio,Cleveland,0,8
2027375,2021,California,Oakland,0,5
2026123,2021,Florida,Miami (Kendall),3,6
2026713,2021,Utah,Salt Lake City,1,4
2026112,2021,Illinois,Chicago,0,8
2026257,2021,Louisiana,New Orleans,0,9
2025260,2021,Indiana,Indianapolis,2,2
2025891,2021,Michigan,Muskegon,1,3
2022821,2021,Ohio,Toledo,0,4
2025254,2021,Arkansas,Magnolia,0,4
2022391,2021,Ohio,Springfield,0,6
2021130,2021,New York,Brooklyn,0,4
2021398,2021,Missouri,Saint Louis,0,4
2022129,2021,Ohio,Cleveland (Garfield Heights),1,5
2019751,2021,Alabama,Aliceville,1,4
2019622,2021,Florida,Hialeah,3,20
2020535,2021,Illinois,Chicago,0,4
2019155,2021,Texas,San Antonio,2,2
2019384,2021,Missouri,Saint Louis,1,3
2018931,2021,Florida,Miami,1,6
2018495,2021,North Carolina,Durham,0,5
2015849,2021,Illinois,Chicago,1,3
2015730,2021,California,San Jose,9,0
2014343,2021,Michigan,Inkster,2,2
2014381,2021,Ohio,West Jefferson,4,0
2012971,2021,Illinois,Chicago,0,4
2013595,2021,New York,Bay Shore,0,4
2013059,2021,New Jersey,Paterson,0,5
2013096,2021,Virginia,Norfolk,0,4
2012765,2021,South Carolina,North Charleston,1,14
2012345,2021,Delaware,Wilmington,0,4
2011569,2021,Minnesota,Minneapolis,2,7
2013043,2021,Ohio,Columbus,1,5
2011610,2021,Indiana,Fort Wayne,1,3
2012633,2021,New Jersey,Bridgeton,3,11
2011077,2021,New York,Albany,1,5
2011482,2021,New Jersey,Jersey City,2,4
2010083,2021,Indiana,Evansville,1,3
2007722,2021,California,Oakland,2,5
2008415,2021,California,Hemet,1,4
2005991,2021,Ohio,Cincinnati,1,3
2005776,2021,Georgia,Atlanta,0,4
2005671,2021,Michigan,East Lansing,0,5
2006621,2021,Georgia,Columbus,0,4
2006204,2021,Georgia,Stone Mountain,1,5
2005813,2021,Alabama,Birmingham,0,4
2005238,2021,District of Columbia,Washington,1,3
2004666,2021,Illinois,Chicago,2,3
2005196,2021,New York,Bronx,1,4
2004413,2021,Pennsylvania,Philadelphia,0,4
2003383,2021,Georgia,Augusta,2,2
2003167,2021,District of Columbia,Washington,1,3
2003334,2021,Rhode Island,Providence,0,4
2002269,2021,Pennsylvania,Philadelphia,1,3
2002286,2021,Georgia,Buford,2,2
2001137,2021,Maryland,Baltimore,0,4
2001362,2021,Alabama,Montgomery,0,7
1999417,2021,Pennsylvania,Philadelphia,2,3
1999125,2021,Colorado,Colorado Springs,6,0
1999193,2021,Arizona,Phoenix,1,7
1999909,2021,California,Los Angeles,1,3
2000132,2021,South Carolina,Charleston,0,5
1999423,2021,New Jersey,Newark,0,4
1998865,2021,California,Citrus Heights,0,4
1998693,2021,California,Oakland,0,4
1998476,2021,Maryland,Gwynn Oak (Woodlawn),3,1
1998537,2021,Michigan,Detroit,0,4
1999307,2021,California,Compton,2,2
1998602,2021,Wisconsin,Milwaukee,0,4
1998067,2021,Missouri,Saint Louis (Kinloch),2,3
1999434,2021,New Jersey,Paterson,0,5
1996236,2021,Illinois,Chicago,0,4
1993551,2021,Michigan,Saginaw,1,4
1993090,2021,Ohio,Columbus,0,4
1993664,2021,Pennsylvania,Philadelphia,1,3
1993221,2021,Maryland,Baltimore,1,3
1993280,2021,Illinois,Chicago,0,5
1992570,2021,Minnesota,Saint Paul,0,4
1992127,2021,Delaware,Wilmington,0,4
1992534,2021,Louisiana,New Orleans,2,4
1992410,2021,New York,New Rochelle,1,4
1992490,2021,Massachusetts,Holyoke,0,5
1992469,2021,Florida,Clewiston,1,3
1990821,2021,Georgia,Atlanta,1,5
1990600,2021,Florida,Miami,0,5
1989840,2021,North Carolina,Boone,4,0
1988688,2021,Virginia,Richmond,2,3
1989023,2021,Alabama,Fairfield,1,4
1987241,2021,Louisiana,Houma,0,5
1988326,2021,Oregon,Gresham,0,7
1991347,2021,Texas,Palestine,0,4
1986770,2021,Missouri,Kansas City,1,3
1987235,2021,Alabama,Phenix City,0,4
1986593,2021,Arkansas,Little Rock,1,3
1985432,2021,Louisiana,New Orleans,0,5
1984807,2021,California,San Diego,1,4
1981805,2021,Texas,Houston,2,3
1982260,2021,Georgia,Atlanta,0,5
1980689,2021,Wisconsin,Kenosha,3,3
1981521,2021,Michigan,Detroit,0,5
1981353,2021,Louisiana,Shreveport,0,6
1982020,2021,Alabama,Montgomery,1,4
1980492,2021,Ohio,Columbus,1,5
1980971,2021,Louisiana,La Place (Laplace),0,9
1979684,2021,Michigan,Detroit,0,4
1978635,2021,Indiana,Indianapolis,8,7
1979869,2021,Louisiana,Lake Charles,1,3
1978561,2021,District of Columbia,Washington,0,4
1978616,2021,Florida,Pensacola,0,6
1978652,2021,Illinois,Chicago,0,4
1976538,2021,Maryland,Baltimore,0,4
1974943,2021,Kansas,Wichita,1,3
1975004,2021,Washington,Seattle,0,4
1974088,2021,Tennessee,Memphis,1,3
1973809,2021,Michigan,Allendale,0,4
1973692,2021,Missouri,Koshkonong,1,3
1975405,2021,Connecticut,Waterbury,0,4
1973844,2021,Texas,Fort Worth,1,5
1972187,2021,Texas,Bryan,1,5
1971410,2021,South Carolina,Rock Hill,6,0
1970937,2021,Wisconsin,Milwaukee,2,2
1973435,2021,Ohio,Dayton,0,4
1969899,2021,District of Columbia,Washington,0,4
1970245,2021,Michigan,Detroit,1,3
1970378,2021,Illinois,Chicago,0,7
1969065,2021,Maryland,Baltimore,0,5
1969505,2021,Louisiana,Monroe,0,6
1968887,2021,Alabama,Birmingham,1,5
1969633,2021,Texas,Beaumont,0,4
1967914,2021,North Carolina,Wilmington,3,4
1967893,2021,Alabama,Tuscaloosa,0,4
1969221,2021,Texas,Allen,4,0
1968553,2021,Florida,Quincy,0,7
1966181,2021,California,Orange,4,1
1965890,2021,District of Columbia,Washington,2,3
1963556,2021,Ohio,Cleveland,0,7
1963598,2021,Maryland,Essex,4,1
1964030,2021,Texas,San Antonio,0,4
1964085,2021,Illinois,Chicago,0,4
1963052,2021,Illinois,Chicago,0,4
1962934,2021,Mississippi,Yazoo City,0,6
1962686,2021,Illinois,River Grove,1,3
1962562,2021,Virginia,Virginia Beach,0,9
1964271,2021,Virginia,Norfolk,0,4
1962890,2021,Tennessee,Memphis,3,2
1961753,2021,Illinois,Chicago,1,7
1962507,2021,Pennsylvania,Philadelphia,0,7
1960283,2021,Alabama,Aliceville,2,2
1958652,2021,Colorado,Boulder,10,0
1959549,2021,Michigan,Detroit,1,3
1957188,2021,Texas,Houston,0,5
1957226,2021,Texas,Dallas,1,7
1957252,2021,Pennsylvania,Philadelphia,1,5
1956081,2021,Oregon,Gresham,0,4
1955948,2021,Louisiana,New Orleans,0,4
1956001,2021,California,Stockton,0,5
1954379,2021,Georgia,Acworth,8,1
1954950,2021,Arizona,Phoenix,3,1
1953309,2021,Indiana,Indianapolis,1,4
1952662,2021,Illinois,Chicago,0,4
1953202,2021,Florida,Tampa,0,4
1952281,2021,Illinois,Chicago,2,13
1952151,2021,New York,Brooklyn,0,5
1951681,2021,Florida,Orlando,1,3
1951738,2021,Virginia,Richmond,2,4
1952161,2021,Indiana,Indianapolis,4,1
1951476,2021,North Carolina,Greensboro,1,3
1951383,2021,Texas,Austin,0,4
1950471,2021,Pennsylvania,Philadelphia,2,2
1950346,2021,New Mexico,Ohkay Owingeh,1,3
1949977,2021,Texas,Houston,3,1
1948233,2021,Florida,Clearwater,1,3
1948470,2021,Mississippi,Edwards,0,4
1947241,2021,California,Yuba City,2,3
1945999,2021,North Carolina,Fayetteville,1,4
1946991,2021,California,Compton,1,4
1944507,2021,District of Columbia,Washington,0,5
1943986,2021,Pennsylvania,Erie,2,3
1941382,2021,Ohio,Cincinnati,3,2
1941669,2021,Indiana,East Chicago,0,4
1940791,2021,Delaware,Dover,0,4
1941647,2021,South Carolina,Mccormick,0,4
1941444,2021,Louisiana,Shreveport,0,5
1941210,2021,Texas,Houston,0,4
1943271,2021,Mississippi,Columbus,0,4
1940190,2021,Mississippi,Pattison,2,3
1939789,2021,Louisiana,Baton Rouge,0,4
1940069,2021,Texas,Houston,1,5
1939958,2021,California,San Diego,1,3
1934704,2021,Missouri,Kennett,1,4
1935235,2021,North Carolina,Teachey,0,4
1934077,2021,Louisiana,Metairie,2,2
1933975,2021,Colorado,Grand Junction,1,3
1934181,2021,Illinois,Springfield,1,4
1934225,2021,Pennsylvania,Norristown (East Norriton),1,4
1932479,2021,Louisiana,Baton Rouge,1,3
1931288,2021,Pennsylvania,Philadelphia,0,8
1930463,2021,Florida,Saint Petersburg,3,1
1928557,2021,California,San Francisco,0,6
1928594,2021,Indiana,Indianapolis,0,4
1928149,2021,California,Oakland,0,6
1928205,2021,North Carolina,Cary,1,3
1926742,2021,Georgia,Columbus,1,4
1926701,2021,Georgia,Atlanta,0,4
1924338,2021,Minnesota,Buffalo,1,4
1924892,2021,Texas,Houston,0,4
1921939,2021,Tennessee,Murfreesboro,1,4
1921768,2021,Illinois,Bloomingdale,1,5
1923786,2021,Louisiana,Thibodaux,0,4
1922354,2021,Washington,Tacoma,1,3
1921641,2021,Pennsylvania,Mohnton,1,3
1924951,2021,Mississippi,Benoit,3,1
1920771,2021,North Carolina,High Point,1,3
1919696,2021,Colorado,Oak Creek,2,2
1919399,2021,Tennessee,Memphis,1,3
1917918,2021,Florida,Fort Lauderdale (Sunrise),2,3
1917909,2021,Oklahoma,Muskogee,6,1
1917661,2021,New York,Rochester,1,3
1916374,2021,New York,Albany,1,4
1914798,2021,Pennsylvania,Mc Kees Rocks (Mckees Rocks),2,2
1914942,2021,Michigan,Flint,1,4
1913708,2021,California,Santa Ana,0,4
1911026,2021,District of Columbia,Washington,1,3
1910136,2021,Indiana,Indianapolis,5,1
1910619,2021,Nevada,Las Vegas,0,5
1909849,2021,Kentucky,Covington,0,5
1905423,2021,Pennsylvania,Tobyhanna,0,4
1904063,2021,Arizona,Phoenix,0,5
1904036,2021,Arizona,Phoenix,1,6
1905360,2021,Illinois,Kankakee,0,4
1903058,2021,Pennsylvania,Philadelphia,0,4
1899819,2021,Florida,Miami,0,4
1898261,2021,Illinois,Evanston,5,2
1897878,2021,Texas,Houston,1,3
1896774,2021,District of Columbia,Washington,0,5
1896384,2021,Texas,Livingston,2,2
1896252,2021,Virginia,Manassas,2,3
1894822,2021,Louisiana,New Orleans,0,4
1894979,2021,Florida,Tampa,0,4
1894941,2021,Florida,Fort Lauderdale (Lauderhill),0,7
1893953,2021,Oregon,Gresham,0,4
1893327,2021,Texas,Houston,1,3
1893754,2021,Florida,Miami,0,6
1893601,2021,Louisiana,Shreveport,2,3
1893877,2021,California,Santa Barbara,2,2
1893744,2021,Florida,Miami,0,8
1892034,2021,Arkansas,Fort Smith,0,6
1892704,2021,Texas,Amarillo,1,3
1891720,2021,Illinois,Galesburg,0,4
1892114,2021,Iowa,Sioux City,1,4
2492253,2022,Alabama,Mobile,1,7
2491656,2022,Arizona,Phoenix,0,9
2491054,2022,Tennessee,Memphis,1,3
2490925,2022,Texas,Humble,2,3
2489614,2022,New York,Bronx,1,3
2490150,2022,Texas,Dallas,0,6
2488952,2022,District of Columbia,Washington,0,4
2489345,2022,Ohio,Columbus,0,5
2489124,2022,California,Eureka,2,2
2488209,2022,Louisiana,New Orleans,2,4
2487989,2022,Mississippi,Columbus,1,3
2487517,2022,Kansas,Wichita,2,2
2485011,2022,Florida,Lake City,0,5
2484083,2022,California,Santa Ana,1,3
2483594,2022,Oklahoma,Oklahoma City,0,4
2483489,2022,Georgia,Atlanta,2,3
2483188,2022,Georgia,Valdosta,2,2
2482288,2022,Illinois,Chicago,2,2
2483108,2022,Texas,Dallas,0,5
2482711,2022,Tennessee,Memphis,0,5
2480430,2022,New York,Rochester,1,4
2479678,2022,New York,Bronx,0,4
2478664,2022,Illinois,Chicago,3,1
2478061,2022,Arizona,Phoenix,1,3
2477622,2022,Michigan,Detroit,0,4
2477404,2022,Louisiana,New Orleans,0,4
2475554,2022,New York,Bronx,0,4
2475546,2022,Georgia,Macon,3,1
2474143,2022,Illinois,Zion,0,5
2472924,2022,Texas,San Antonio,0,4
2471298,2022,Louisiana,Lake Charles,0,8
2468642,2022,Alabama,Mobile,0,4
2469354,2022,Florida,Tallahassee,1,4
2468894,2022,Louisiana,New Orleans,0,5
2468745,2022,Georgia,Atlanta,2,4
2468325,2022,Illinois,Chicago,2,2
2467661,2022,Texas,Houston,2,2
2467743,2022,California,Costa Mesa,1,4
2466835,2022,Maryland,Temple Hills,0,4
2466431,2022,Pennsylvania,Philadelphia,0,4
2465761,2022,Virginia,Chesapeake,6,6
2465213,2022,Florida,West Palm Beach,2,2
2464943,2022,Oklahoma,Hennessey,4,1
2464272,2022,Texas,Dallas,0,4
2464352,2022,Illinois,Washington Park,1,3
2463882,2022,Mississippi,Philadelphia,1,6
2463465,2022,Colorado,Colorado Springs,5,19
2462457,2022,Virginia,Richmond,4,0
2458727,2022,Pennsylvania,Philadelphia,0,4
2458676,2022,North Carolina,Enfield,1,5
2459150,2022,Virginia,Charlottesville,3,2
2458863,2022,Nebraska,Omaha,1,6
2458933,2022,California,Sacramento,0,4
2459005,2022,Texas,Fort Worth,0,4
2459259,2022,California,Indio,1,3
2458467,2022,New Jersey,Paterson,0,4
2459156,2022,Tennessee,Memphis,0,4
2458086,2022,New Jersey,Jersey City,0,4
2455710,2022,Texas,Mcallen (McAllen),0,4
2453865,2022,Illinois,Chicago,1,3
2453892,2022,Illinois,Chicago,0,5
2454565,2022,California,Tulare,0,5
2455484,2022,Florida,Gainesville,0,4
2454281,2022,New York,Buffalo,0,4
2453744,2022,Pennsylvania,Philadelphia,0,9
2452673,2022,Florida,Orlando,4,1
2452798,2022,Maryland,La Plata,4,0
2452501,2022,Illinois,Chicago,0,4
2451028,2022,Texas,Houston,0,4
2451550,2022,Mississippi,Hattiesburg,2,3
2450360,2022,Colorado,Denver,1,5
2450917,2022,Maryland,Baltimore,0,4
2449986,2022,Kansas,Kansas City,1,6
2450557,2022,Illinois,East Saint Louis,2,3
2449653,2022,Illinois,Chicago,1,13
2448898,2022,Tennessee,Memphis,1,3
2448366,2022,Colorado,Aurora,4,0
2448287,2022,Pennsylvania,Philadelphia,0,6
2448361,2022,California,Covina,2,2
2448372,2022,South Carolina,Charleston,0,4
2448015,2022,Florida,Orlando,0,6
2448330,2022,Florida,Tallahassee,1,8
2447980,2022,Ohio,Toledo,2,2
2447379,2022,Pennsylvania,Pittsburgh,0,5
2447217,2022,Oklahoma,Broken Arrow,7,0
2445686,2022,Ohio,Hamilton,2,2
2445939,2022,North Carolina,Greensboro,2,4
2443879,2022,Missouri,Saint Louis,2,4
2443849,2022,Illinois,Chicago,1,3
2443627,2022,Texas,Brownsville,0,5
2443194,2022,Illinois,Chicago,3,2
2443276,2022,Wisconsin,Milwaukee,0,4
2442695,2022,Wisconsin,Milwaukee,0,6
2443257,2022,North Carolina,Oxford,0,6
2443287,2022,Georgia,Cordele,0,4
2443231,2022,Arizona,Phoenix,1,7
2450590,2022,Mississippi,Cleveland,1,3
2442632,2022,Louisiana,New Orleans,1,3
2442008,2022,Louisiana,Baton Rouge,0,11
2444683,2022,Wisconsin,Hartland,4,0
2441540,2022,Ohio,Cleveland,0,5
2439423,2022,Virginia,Woodbridge,4,0
2438904,2022,Texas,El Paso,1,3
2438505,2022,Georgia,Atlanta,0,4
2439294,2022,California,Lancaster,0,4
2438461,2022,Virginia,Harrisonburg,0,8
2438121,2022,Colorado,Denver,1,7
2438154,2022,Massachusetts,Worcester,0,6
2438723,2022,Mississippi,Itta Bena,2,7
2438494,2022,New York,Freeport,0,4
2438482,2022,Pennsylvania,Pittsburgh,3,1
2437284,2022,Pennsylvania,Philadelphia,0,4
2436826,2022,North Carolina,Raleigh,5,2
2437177,2022,North Carolina,New Bern,0,4
2437630,2022,Alabama,Lanett,0,6
2434847,2022,California,Delano,1,3
2434247,2022,South Carolina,Inman,5,0
2434128,2022,Florida,Miami,1,3
2439284,2022,Oklahoma,Henryetta,4,0
2434326,2022,Arkansas,Jacksonville,1,3
2433539,2022,Florida,Tampa,1,6
2434062,2022,Texas,Beaumont,0,5
2440211,2022,Alabama,Hurtsboro,2,2
2434151,2022,Missouri,Saint Joseph,0,4
2433352,2022,California,Berkeley,1,3
2432772,2022,Oregon,Portland,0,4
2432893,2022,Texas,Fort Worth,4,0
2431842,2022,Kentucky,Louisville,0,4
2431594,2022,District of Columbia,Washington,1,3
2431069,2022,Texas,Baytown,4,2
2428950,2022,Tennessee,Nashville,0,4
2428715,2022,Washington,Seattle,0,4
2427999,2022,Pennsylvania,Philadelphia,0,4
2428678,2022,California,Oakland,2,2
2427775,2022,Oklahoma,Tulsa,1,3
2428456,2022,Mississippi,Marks,0,5
2426627,2022,Texas,Mc Gregor,5,0
2426042,2022,California,Oakland,1,5
2425825,2022,Ohio,Columbus,0,5
2425799,2022,Maryland,Baltimore,0,4
2426382,2022,Alabama,Uniontown,0,4
2425393,2022,New York,Corona (Queens),0,4
2426137,2022,New York,New York (Manhattan),0,4
2426061,2022,North Carolina,Goldsboro,0,4
2425839,2022,Florida,Jacksonville,0,4
2425199,2022,Pennsylvania,Philadelphia,1,4
2423747,2022,Pennsylvania,Harrisburg,0,4
2423338,2022,Indiana,Hammond,1,3
2423538,2022,Ohio,Columbus,1,3
2423331,2022,Georgia,Louisville,1,3
2424602,2022,California,Castroville,0,4
2421430,2022,Illinois,Chicago,0,4
2420406,2022,New York,Mount Vernon,0,4
2420637,2022,Michigan,Niles,2,3
2419473,2022,Georgia,Swainsboro,1,3
2417634,2022,New York,Corona (Queens),1,3
2417641,2022,Wisconsin,Kenosha,2,2
2417863,2022,Nevada,Las Vegas,0,5
2417696,2022,Michigan,Allendale,0,4
2417293,2022,Missouri,Blue Springs,0,5
2416762,2022,Minnesota,Minneapolis,0,5
2416625,2022,Wisconsin,Milwaukee,0,4
2414276,2022,Wisconsin,Milwaukee,0,4
2415614,2022,Florida,Miami (North Miami),0,5
2414858,2022,California,Los Angeles,0,4
2414080,2022,Illinois,Chicago,2,7
2415479,2022,California,Oakland,0,4
2413596,2022,Oklahoma,Oklahoma City,0,4
2412198,2022,Michigan,Detroit,0,4
2412164,2022,New Mexico,Santa Fe,0,5
2412289,2022,Michigan,Grand Rapids,0,4
2412487,2022,North Carolina,Durham,1,3
2411871,2022,Kentucky,Lexington,0,4
2411801,2022,Indiana,Plainfield,2,2
2411007,2022,New York,Bronx,0,4
2410446,2022,Maryland,Elk Mills,4,0
2411901,2022,Minnesota,Minneapolis,1,3
2410704,2022,Minnesota,Minneapolis,0,4
2410269,2022,California,Los Angeles,0,4
2408990,2022,Tennessee,Memphis,3,3
2406998,2022,Georgia,Hartwell,2,2
2407734,2022,Missouri,Kansas City,2,2
2406862,2022,Ohio,Cleveland,1,10
2407739,2022,Missouri,Saint Louis,1,3
2406852,2022,Pennsylvania,Philadelphia,2,4
2406108,2022,Virginia,Norfolk,2,5
2406123,2022,South Carolina,Charleston,0,7
2406656,2022,Florida,Fort Lauderdale (Lauderdale Lakes),0,4
2406597,2022,Minnesota,Saint Paul,3,2
2406651,2022,Illinois,Chicago,2,2
2405689,2022,California,Chico,0,5
2405866,2022,Illinois,Yorkville,0,4
2406042,2022,Alabama,Birmingham,2,2
2405859,2022,Maryland,Capitol Heights,1,3
2405239,2022,California,Fresno,2,2
2405020,2022,Minnesota,Minneapolis,0,4
2404930,2022,New York,Brooklyn,0,4
2400998,2022,Missouri,Saint Louis (Jennings),0,4
2399774,2022,Wisconsin,Clinton,0,4
2400434,2022,Oregon,Bend,2,2
2399820,2022,New York,Albany,0,6
2399670,2022,Colorado,Denver,1,3
2399839,2022,California,Los Angeles,0,6
2400026,2022,Michigan,Detroit,3,1
2400492,2022,Arizona,Phoenix,2,5
2399755,2022,Texas,Houston,3,2
2399576,2022,New York,Brooklyn,1,4
2399000,2022,Washington,Spokane,1,3
2398877,2022,Kentucky,Lexington,0,7
2398004,2022,Kentucky,Henderson,2,2
2397504,2022,Washington,Spokane,0,4
2398118,2022,Alabama,Birmingham,1,3
2396803,2022,Illinois,Chicago,0,4
2396536,2022,District of Columbia,Washington,2,3
2397033,2022,Wisconsin,Milwaukee,2,2
2396567,2022,Maryland,Baltimore,1,6
2396124,2022,Pennsylvania,Philadelphia,2,2
2393474,2022,Delaware,Wilmington,0,4
2393051,2022,North Carolina,Asheville,0,4
2392698,2022,Illinois,Chicago,0,5
2392494,2022,Illinois,Chicago,1,4
2391779,2022,Illinois,Chicago,0,4
2391353,2022,Virginia,Norfolk,3,2
2390519,2022,Illinois,Chicago,0,4
2391042,2022,Pennsylvania,Philadelphia,0,4
2398608,2022,Michigan,Paw Paw,0,4
2389775,2022,Pennsylvania,Philadelphia,0,5
2388884,2022,Tennessee,Memphis,0,6
2386954,2022,Arizona,Phoenix,1,4
2386871,2022,Illinois,Chicago,1,4
2386878,2022,Maryland,Baltimore,1,3
2388144,2022,Ohio,Cleveland,1,4
2386032,2022,North Carolina,Raleigh,0,6
2387010,2022,Georgia,Atlanta (College Park),1,4
2386151,2022,Washington,Renton,0,4
2385789,2022,Pennsylvania,Philadelphia,1,3
2385846,2022,Missouri,Saint Louis,1,3
2383958,2022,Mississippi,Winona,1,3
2382827,2022,Virginia,Richmond,0,4
2380747,2022,Ohio,Cincinnati,0,8
2381371,2022,Pennsylvania,Pittsburgh,1,3
2381321,2022,Georgia,Atlanta,2,4
2381000,2022,Alabama,Birmingham,1,4
2380361,2022,Michigan,Detroit,1,4
2380869,2022,Michigan,Detroit,1,6
2380783,2022,Pennsylvania,Duquesne,0,4
2379316,2022,Virginia,Norfolk,0,4
2379499,2022,Ohio,Dayton,4,0
2380017,2022,Wisconsin,Milwaukee,0,4
2378851,2022,Tennessee,Nashville,1,3
2379020,2022,Nebraska,Laurel,4,0
2377855,2022,California,Panorama City,1,4
2377529,2022,Florida,Miami,0,5
2376380,2022,New York,Albany,0,5
2377338,2022,Florida,Orlando,4,0
2375725,2022,California,Paramount,1,3
2375886,2022,District of Columbia,Washington,1,5
2376028,2022,Ohio,Columbus,2,2
2374750,2022,Indiana,South Bend,0,4
2374430,2022,Florida,Orlando,0,7
2374337,2022,Michigan,Detroit,2,6
2374401,2022,Indiana,Indianapolis,0,4
2374990,2022,Illinois,Decatur,1,3
2375097,2022,Connecticut,Hartford,0,4
2373924,2022,Louisiana,Monroe,1,3
2373692,2022,Illinois,Wheeling,0,5
2373859,2022,Georgia,Girard,1,4
2373050,2022,Maryland,Baltimore,2,2
2373646,2022,New Mexico,Albuquerque,1,4
2373607,2022,Ohio,Cleveland,1,3
2373111,2022,Florida,Miami,0,4
2370760,2022,Georgia,Macon,2,2
2371416,2022,Louisiana,Hahnville,1,3
2369720,2022,Louisiana,New Orleans,0,4
2368110,2022,South Carolina,Bennettsville,1,3
2368575,2022,California,San Pedro,2,6
2368029,2022,Georgia,Atlanta,0,8
2368308,2022,Texas,Fort Worth,1,3
2367984,2022,Virginia,Richmond,0,5
2367664,2022,Texas,El Paso,0,4
2367289,2022,North Carolina,Pinebluff,1,4
2367193,2022,Washington,Renton,1,6
2368018,2022,Illinois,Chicago,0,4
2367176,2022,Illinois,Chicago,0,4
2367157,2022,Illinois,Rockford,2,2
2367972,2022,Michigan,Kalamazoo,0,9
2366273,2022,California,Los Angeles,0,5
2363589,2022,Nebraska,Lincoln,0,4
2362912,2022,Georgia,Atlanta,1,4
2362595,2022,Washington,Mount Vernon,0,5
2362141,2022,New York,Brooklyn,0,4
2361849,2022,Michigan,Detroit,0,4
2362011,2022,Indiana,Greenwood,3,2
2362215,2022,Indiana,Beech Grove,1,3
2361609,2022,Michigan,Grand Rapids,0,4
2361654,2022,Georgia,Milledgeville,0,5
2362282,2022,New Jersey,Newark,0,4
2362562,2022,Washington,Vancouver,2,2
2361532,2022,District of Columbia,Washington,1,3
2360953,2022,Ohio,Columbus,2,2
2361097,2022,South Carolina,North Charleston,0,4
2361614,2022,Texas,Houston,4,0
2362355,2022,Louisiana,Monroe,0,5
2361490,2022,Pennsylvania,Philadelphia,0,4
2359843,2022,Illinois,Chicago,0,4
2359229,2022,Pennsylvania,Philadelphia,0,4
2358938,2022,Pennsylvania,Philadelphia,0,4
2358861,2022,Indiana,Indianapolis,1,3
2358856,2022,Minnesota,Minneapolis,0,4
2358329,2022,Massachusetts,Boston,0,4
2358053,2022,Mississippi,Jackson,0,4
2356705,2022,Illinois,Crest Hill,1,4
2356327,2022,Missouri,Kansas City,1,5
2355580,2022,California,Downey,3,2
2355398,2022,New York,Brooklyn,0,5
2356813,2022,Texas,Alvin,1,3
2355438,2022,Illinois,Chicago,0,4
2355962,2022,Alabama,Jacksons Gap,0,4
2354111,2022,North Carolina,Greensboro,0,4
2354825,2022,Michigan,Detroit,0,4
2353847,2022,Illinois,Chicago,0,4
2352780,2022,Florida,Tampa,0,4
2352444,2022,Illinois,Chicago,0,4
2352349,2022,Minnesota,Saint Cloud,0,4
2352342,2022,Ohio,Steubenville,0,4
2349853,2022,Indiana,Gary,3,7
2349723,2022,New York,Rochester,1,3
2348163,2022,Massachusetts,Boston,0,4
2349746,2022,Wisconsin,Kenosha,1,4
2350033,2022,Minnesota,Minneapolis,0,7
2348230,2022,California,Sacramento,1,4
2348384,2022,Illinois,Highland Park,7,30
2348750,2022,Missouri,Kansas City,0,4
2349545,2022,Colorado,Denver,1,3
2349758,2022,New York,Corona (Queens),0,4
2348204,2022,Illinois,Chicago,0,5
2348167,2022,Virginia,Richmond,0,6
2348191,2022,Virginia,Manassas,0,4
2347373,2022,South Carolina,Mullins,0,4
2348303,2022,Arizona,Surprise,2,4
2348263,2022,Washington,Tacoma,0,4
2347060,2022,Texas,Haltom City,2,4
2347228,2022,New York,Corona (Queens),1,3
2347297,2022,North Carolina,Clinton,0,6
2346422,2022,Illinois,Chicago,0,4
2346406,2022,Mississippi,Greenwood,1,7
2345410,2022,Illinois,Chicago,2,3
2345144,2022,Kentucky,Allen,3,5
2344954,2022,New Jersey,Newark,0,9
2344008,2022,New Jersey,Jersey City,0,4
2344201,2022,Pennsylvania,Philadelphia,0,4
2341725,2022,North Carolina,Charlotte,0,5
2340458,2022,Georgia,Blakely,1,6
2340720,2022,Virginia,Sutherlin,1,7
2340685,2022,New Jersey,Paterson,0,5
2340473,2022,Texas,San Antonio,1,3
2340696,2022,Texas,Winona,0,5
2340409,2022,Washington,Tacoma,0,8
2340297,2022,New York,Brooklyn,0,4
2339761,2022,Texas,Houston,2,2
2340347,2022,Minnesota,Minneapolis,0,4
2339866,2022,Virginia,Hopewell,2,2
2338874,2022,Pennsylvania,Philadelphia,2,2
2338902,2022,Illinois,Chicago,1,3
2335052,2022,New York,New York (Manhattan),1,8
2335872,2022,New York,Staten Island,0,5
2334920,2022,District of Columbia,Washington,1,3
2334512,2022,Florida,Miami,0,5
2334936,2022,Michigan,Detroit,1,3
2334374,2022,Michigan,Grand Rapids,0,4
2334620,2022,South Carolina,Walterboro,2,2
2333675,2022,Florida,Pensacola,0,5
2334359,2022,Texas,San Antonio,2,5
2334096,2022,Maryland,Baltimore,0,4
2333667,2022,Illinois,Chicago,0,5
2333154,2022,California,Oakland,1,4
2328374,2022,California,Los Angeles,3,4
2328532,2022,Michigan,Roseville,0,4
2328265,2022,Indiana,Gary,2,4
2328215,2022,Indiana,Indianapolis,0,4
2328117,2022,Louisiana,New Orleans,0,4
2328342,2022,Colorado,Denver,2,4
2360288,2022,New Mexico,Alamogordo,0,4
2327598,2022,Michigan,Detroit,0,4
2327645,2022,Illinois,Chicago,1,4
2328482,2022,Georgia,Atlanta (College Park),0,7
2328108,2022,Tennessee,Antioch,2,2
2327991,2022,Kentucky,Louisville,0,6
2327247,2022,Georgia,Decatur,1,3
2325498,2022,Maryland,Smithsburg,3,2
2325328,2022,Arizona,Yuma,0,4
2323642,2022,Virginia,Portsmouth,4,0
2324475,2022,Illinois,Chicago,0,4
2324435,2022,Maryland,Baltimore,2,2
2324496,2022,Illinois,Chicago,0,4
2321772,2022,Michigan,Saginaw,3,1
2321440,2022,Arizona,Mesa,2,2
2321532,2022,Tennessee,Chattanooga,2,11
2321693,2022,Michigan,Grand Rapids,1,3
2322804,2022,South Carolina,Andrews,0,5
2321193,2022,Michigan,Ecorse,0,4
2320673,2022,Texas,El Paso (Socorro),0,5
2321266,2022,Pennsylvania,Philadelphia,2,10
2321500,2022,Georgia,Macon,2,2
2320618,2022,Arizona,Phoenix,1,8
2321593,2022,South Carolina,Summerton,1,7
2321698,2022,New York,Hempstead,1,3
2320361,2022,Virginia,Chester,1,5
2320862,2022,Nebraska,Omaha,1,3
2319567,2022,Texas,Centerville,5,0
2318310,2022,Oklahoma,Tulsa,4,0
2318046,2022,Texas,Waco,0,4
2316616,2022,Michigan,Benton Harbor,1,6
2315903,2022,Pennsylvania,Philadelphia,2,2
2317016,2022,South Carolina,Charleston,0,9
2315150,2022,Oklahoma,Taft,1,7
2315361,2022,Nevada,Henderson,0,7
2315892,2022,Illinois,Chicago,1,3
2316364,2022,Texas,Houston,0,4
2315605,2022,Arizona,Phoenix,1,5
2315074,2022,Illinois,Chicago,0,5
2314991,2022,Tennessee,Chattanooga,0,6
2315338,2022,California,Fresno,1,3
2315417,2022,Florida,Malabar,0,4
2315190,2022,Colorado,Colorado Springs,1,3
2315333,2022,California,Merced,1,3
2314951,2022,Tennessee,Memphis,0,4
2313988,2022,Alabama,Anniston,0,6
2313970,2022,Michigan,Stanwood,4,0
2312678,2022,Pennsylvania,Philadelphia,0,4
2310278,2022,Texas,Uvalde,21,17
2309711,2022,South Carolina,North Charleston,0,5
2311123,2022,Ohio,Cleveland,0,5
2308096,2022,Indiana,Goshen,1,3
2308395,2022,Washington,Tacoma,0,4
2308017,2022,California,Highland,1,8
2307631,2022,Florida,Kissimmee,1,3
2307813,2022,Louisiana,New Orleans,1,3
2307044,2022,Illinois,Chicago,2,7
2306277,2022,Pennsylvania,Philadelphia,0,5
2305208,2022,California,Palo Alto (East Palo Alto),1,3
2302847,2022,California,Laguna Woods,1,5
2303130,2022,North Carolina,Winston Salem (Winston-salem),0,7
2304029,2022,North Carolina,Elizabeth City,0,4
2302740,2022,Texas,Houston,2,3
2303337,2022,Texas,Amarillo,1,4
2301751,2022,New York,Buffalo,10,3
2354757,2022,Louisiana,Napoleonville,0,5
2301494,2022,Wisconsin,Milwaukee,0,11
2300713,2022,Arkansas,Hot Springs National Park (Hot Springs),1,3
2299660,2022,Illinois,Chicago,0,4
2299126,2022,Indiana,Indianapolis,0,5
2299793,2022,Missouri,Saint Louis,1,3
2300830,2022,New Jersey,Paterson,1,4
2298872,2022,Maryland,Baltimore,0,5
2298836,2022,Illinois,Chicago,1,4
2299407,2022,Illinois,Chicago,0,6
2298519,2022,Pennsylvania,Philadelphia,0,4
2298591,2022,Maryland,Baltimore,1,3
2299176,2022,Texas,Brookshire,1,3
2297823,2022,Michigan,Detroit,0,4
2298092,2022,Alabama,Tuscaloosa,0,5
2297261,2022,Georgia,Clarkston,3,3
2296224,2022,Florida,Miami,0,4
2296191,2022,Kentucky,Lexington,2,3
2296808,2022,Texas,Garland,2,2
2296037,2022,Louisiana,New Orleans,2,4
2296064,2022,Washington,Sunnyside,0,5
2294515,2022,Kansas,Cowley (county),0,4
2293603,2022,Louisiana,Baton Rouge,0,5
2294477,2022,Texas,Beaumont,0,5
2291712,2022,Louisiana,Lafayette,0,11
2291578,2022,Ohio,Springfield,1,4
2292452,2022,Florida,Tarpon Springs,0,6
2292613,2022,South Carolina,North Charleston,1,3
2291618,2022,Georgia,Atlanta,0,4
2291470,2022,Mississippi,Jackson,0,5
2291185,2022,Tennessee,Jackson,2,2
2290903,2022,Louisiana,New Orleans,0,6
2291534,2022,Mississippi,Laurel,0,4
2290026,2022,Alabama,Bessemer,1,3
2288928,2022,Illinois,Chicago,0,4
2288842,2022,Mississippi,Biloxi,4,0
2289610,2022,Texas,San Antonio,0,5
2289308,2022,Louisiana,Opelousas,2,3
2289382,2022,Arizona,Phoenix,0,4
2287581,2022,Alabama,Birmingham,1,3
2286363,2022,South Carolina,Myrtle Beach,1,3
2286061,2022,Indiana,Lafayette,2,3
2285772,2022,Illinois,Chicago,2,2
2285612,2022,North Carolina,Rocky Mount,0,4
2285860,2022,Georgia,Atlanta,0,5
2286089,2022,California,San Bernardino,1,4
2285158,2022,Virginia,Petersburg,1,5
2284819,2022,District of Columbia,Washington,0,4
2285242,2022,Ohio,Cincinnati,0,4
2285267,2022,Arkansas,Mountain View,4,0
2283535,2022,Minnesota,Duluth,4,0
2281171,2022,Pennsylvania,Philadelphia,0,4
2281541,2022,Oregon,Portland,1,3
2280875,2022,South Carolina,Furman,0,9
2281164,2022,California,Sacramento,1,3
2281483,2022,Florida,Miami,1,3
2280711,2022,Pennsylvania,Pittsburgh,2,9
2282256,2022,Louisiana,Baldwin,0,5
2280204,2022,South Carolina,Columbia,0,9
2280495,2022,Maryland,Baltimore,1,3
2281244,2022,Nevada,North Las Vegas,0,4
2281410,2022,Texas,Daingerfield,1,6
2280017,2022,New York,Syracuse,1,4
2280504,2022,California,Stockton,2,2
2276339,2022,New York,Brooklyn,0,10
2277011,2022,New York,Bronx,1,3
2275242,2022,Louisiana,Baton Rouge,0,4
2274790,2022,Iowa,Cedar Rapids,3,9
2274803,2022,Illinois,Elgin,2,4
2275283,2022,California,Willowbrook,2,5
2274783,2022,Indiana,Indianapolis,1,5
2274296,2022,Florida,Miami,0,4
2274855,2022,District of Columbia,Washington,0,4
2272394,2022,Pennsylvania,Philadelphia,0,4
2270747,2022,Kentucky,Covington,0,4
2270578,2022,Connecticut,Hartford,1,3
2269429,2022,New York,Buffalo,0,4
2269100,2022,Texas,Dallas,1,16
2269745,2022,California,San Francisco,2,2
2269082,2022,California,Sacramento,6,11
2268723,2022,North Carolina,Shelby,1,3
2268762,2022,Louisiana,Monroe,1,4
2269059,2022,Colorado,Colorado Springs,0,4
2269034,2022,Louisiana,Shreveport,1,3
2269259,2022,South Carolina,Walterboro,0,4
2264094,2022,California,Hollister,2,3
2265029,2022,Ohio,Cleveland,0,4
2263608,2022,Colorado,Colorado Springs,2,2
2260129,2022,California,Stockton,1,3
2259262,2022,Connecticut,Waterbury,0,4
2259413,2022,Illinois,Chicago,2,2
2258324,2022,Wisconsin,Milwaukee,0,4
2258156,2022,Texas,Austin,0,4
2258224,2022,Texas,Houston,1,3
2257316,2022,Virginia,Norfolk,3,2
2258012,2022,North Carolina,Fayetteville,3,3
2257739,2022,Arkansas,Dumas,1,26
2257674,2022,Virginia,Madison Heights,1,4
2258182,2022,Texas,Dallas,1,9
2256453,2022,Texas,Fort Worth,1,3
2257778,2022,Louisiana,New Iberia,0,5
2257132,2022,Michigan,Lansing,0,4
2256398,2022,Illinois,Chicago,0,4
2255816,2022,Florida,Fort Lauderdale,2,2
2255832,2022,New Jersey,Irvington,1,3
2256080,2022,New Jersey,Irvington,1,3
2254579,2022,Alabama,Ozark,0,5
2253714,2022,Pennsylvania,Reading,1,3
2252873,2022,Illinois,Chicago,0,7
2252500,2022,New York,Rochester,2,2
2252792,2022,South Carolina,Columbia,1,4
2252719,2022,Maryland,Baltimore,3,1
2253654,2022,Alabama,Autaugaville,1,3
2251416,2022,Ohio,Columbus,2,2
2250540,2022,Colorado,Aurora,1,3
2250151,2022,Florida,Jacksonville,1,4
2249608,2022,Tennessee,Knoxville,0,4
2247617,2022,Minnesota,Minneapolis,1,3
2248066,2022,Pennsylvania,Hazleton,1,4
2247842,2022,Kentucky,Louisville,0,4
2247828,2022,Texas,Lubbock,0,4
2247622,2022,South Carolina,Chester,2,3
2248613,2022,Louisiana,Monroe,0,4
2247747,2022,Arizona,Glendale,1,3
2247025,2022,Georgia,Atlanta,0,4
2246387,2022,Nevada,Las Vegas,1,6
2245620,2022,Maryland,Baltimore,1,3
2243861,2022,California,Sacramento,4,0
2243285,2022,Louisiana,Alexandria,0,4
2242345,2022,South Carolina,North Charleston,1,3
2242153,2022,Nevada,Las Vegas,1,13
2244673,2022,Louisiana,Bogalusa,0,9
2241857,2022,Louisiana,Baton Rouge,2,2
2241299,2022,Texas,San Antonio,0,4
2238575,2022,Minnesota,Saint Paul,1,3
2238165,2022,Iowa,Des Moines,0,4
2238312,2022,Mississippi,Mccomb,1,3
2238657,2022,Nebraska,Omaha,0,4
2238403,2022,Oregon,Portland,1,3
2237697,2022,Oregon,Portland,1,5
2237593,2022,Missouri,Charleston,2,14
2237196,2022,California,Turlock,0,7
2237058,2022,North Carolina,Durham,2,2
2236857,2022,Maryland,Temple Hills (Marlow Heights),2,2
2236155,2022,Pennsylvania,Philadelphia,0,4
2235778,2022,Texas,Houston,0,5
2235366,2022,Florida,Miami,1,3
2234868,2022,Illinois,Joliet,1,3
2232854,2022,Wisconsin,Racine,0,5
2232351,2022,Tennessee,Murfreesboro,1,4
2232287,2022,California,West Hollywood,0,4
2232476,2022,Arkansas,Little Rock,1,3
2231921,2022,Missouri,Springfield,0,4
2231371,2022,Arizona,Phoenix,1,9
2227759,2022,Florida,Fort Lauderdale,0,4
2228979,2022,Illinois,Romeoville,0,5
2228510,2022,California,Fresno,2,2
2228660,2022,North Carolina,Wilmington,0,4
2227058,2022,Texas,Corsicana,7,0
2227187,2022,New Mexico,Las Cruces,1,3
2227035,2022,Virginia,Blacksburg,1,4
2225493,2022,California,Oroville,1,4
2224788,2022,Wisconsin,Milwaukee,0,5
2224013,2022,North Carolina,Raleigh,1,3
2222953,2022,Florida,Winter Haven,1,3
2223019,2022,Georgia,Augusta,1,3
2222557,2022,Missouri,Saint Louis,3,1
2222383,2022,Georgia,Atlanta,1,3
2222766,2022,California,Bakersfield,0,4
2220985,2022,District of Columbia,Washington,1,4
2217882,2022,California,Inglewood,4,1
2218159,2022,Wisconsin,Milwaukee,6,0
2215955,2022,Maryland,Baltimore,3,1
2215256,2022,Louisiana,New Orleans,0,4
2214013,2022,Florida,Miami,0,4
2214306,2022,Texas,San Antonio,1,4
2213456,2022,Georgia,Savannah,1,3
2212018,2022,Georgia,Brunswick,1,5
2212203,2022,Tennessee,Knoxville,0,4
2211746,2022,Oregon,Eugene,0,6
2210480,2022,New York,Brooklyn,1,3
2209840,2022,Illinois,Chicago,0,4
2207435,2022,California,Fresno,0,4
2207931,2022,California,Los Angeles,1,4
2207469,2022,Alabama,Montgomery,1,6
2207406,2022,Colorado,Colorado Springs,2,3
2206813,2022,Texas,Houston,1,3
2205024,2022,Mississippi,Jackson,1,3
2202976,2022,Texas,Corsicana,2,2
2202727,2022,Texas,San Antonio,2,2
2202025,2022,Missouri,Columbia,0,4
2202001,2022,Illinois,Peoria,2,2
2201629,2022,Pennsylvania,Philadelphia,1,4
2201641,2022,Wisconsin,Kenosha,1,3
2201848,2022,Indiana,South Bend,0,4
2201876,2022,South Carolina,Dillon,0,5
2201677,2022,Colorado,Denver,2,2
