Incident ID,Incident Date,State,City Or County,Address,Victims Killed,Victims Injured,Suspects Killed,Suspects Injured,Suspects Arrested,Operations,Latitude,Longitude
271363,"December 29, 2014",Louisiana,New Orleans,Poydras and Bolivar,0,4,0,0,0,,29.9542981,-90.08391019999999
269679,"December 27, 2014",California,Los Angeles,8800 block of South Figueroa Street,1,3,0,0,0,,33.95718,-118.2825
270036,"December 27, 2014",California,Sacramento,4000 block of May Street,0,4,0,0,0,,38.6404106,-121.443272
269167,"December 26, 2014",Illinois,East St. Louis,2500 block of Summit Avenue,1,3,0,0,0,,38.6196187,-90.1254295
268598,"December 24, 2014",Missouri,Saint Louis,18th and Pine,1,3,0,0,0,,38.6304582,-90.2059719
267792,"December 23, 2014",Kentucky,Winchester,260 Oxford Dr,1,3,0,0,2,,38.00357839999999,-84.2094759
268282,"December 22, 2014",Michigan,Detroit,Charlevoix and Philip,1,3,0,0,0,,42.38359519999999,-82.94866119999999
282186,"December 22, 2014",New York,Webster,191 Lake Rd,3,2,1,0,0,,43.2367011,-77.5253783
267721,"December 22, 2014",Illinois,Chicago,5700 block of South Green Street,0,5,0,0,0,,41.79049,-87.646624
266570,"December 21, 2014",Florida,Sarasota,4034 N Washington Blvd,2,2,0,0,0,,27.3688478,-82.52997169999999
268910,"December 21, 2014",Mississippi,Waynesboro,Central Avenue,1,4,0,0,2,,31.6782332,-88.6584091
266424,"December 21, 2014",Illinois,Calumet City,600 block of Escanba,1,8,0,0,0,,41.6180821,-87.553163
266407,"December 20, 2014",Illinois,Rockford,3200 block of Montrose Avenue,4,0,0,0,1,,42.2938571,-89.1071791
264901,"December 16, 2014",New Jersey,Elizabeth,Anna Street,0,4,0,0,0,,40.668426,-74.2032351
263556,"December 15, 2014",Pennsylvania,Lansdale,100 block of West 5th St,6,0,1,0,0,,40.2459256,-75.2819669
263376,"December 14, 2014",Florida,Miami,1311 Northwest 2nd Avenue,1,4,0,0,0,,25.7871407,-80.1984688
263382,"December 13, 2014",Florida,Tampa,810 E. Skagway Ave.,0,5,0,0,0,,28.0324324,-82.45242979999999
262202,"December 12, 2014",Oregon,Portland,717 North Killingsworth Court,0,4,0,0,3,,45.5620252,-122.6742858
259935,"December 7, 2014",Indiana,South Bend,16000 block of Roosevelt Road,0,4,0,0,0,,41.59005399999999,-86.1812968
227011,"December 2, 2014",Missouri,Saint Louis,6000 block of Virginia Avenue,1,3,0,2,0,,38.561641,-90.2492382
226983,"December 2, 2014",Virginia,Newport News,6128 Jefferson Ave ,0,5,0,0,0,,37.0232336,-76.44616359999999
226534,"November 30, 2014",Tennessee,Chattanooga,2412 East 13th Street ,0,5,0,0,0,,35.0246967,-85.27112129999999
226388,"November 30, 2014",New York,Brooklyn,375 Remsen Avenue,0,4,0,0,0,,40.6564708,-73.9236281
226150,"November 29, 2014",New Jersey,Newark,348 S Orange Ave,1,3,0,0,0,,40.7398404,-74.1999668
225903,"November 29, 2014",Georgia,Atlanta,1600 block of Richmond Avenue,3,2,0,0,0,,33.7100097,-84.37986690000001
225830,"November 28, 2014",Tennessee,Memphis,1849 East Brooks Road ,0,4,0,0,0,,35.0604544,-90.0021517
226018,"November 27, 2014",Texas,Georgetown,Pvt Rd 934,2,3,0,0,0,,30.6777088,-97.592544
225036,"November 26, 2014",California,San Francisco,Mission and 13th streets,0,6,0,0,0,,37.7701286,-122.4199406
224362,"November 23, 2014",Virginia,Parksley,Parksley Road,0,4,0,0,0,,37.7789204,-75.6464828
224131,"November 23, 2014",Colorado,Denver,Federal Boulevard and 16th Avenue,1,4,0,0,0,,39.742746,-105.025229
223651,"November 22, 2014",Ohio,Cleveland,1443 E 92nd St,4,1,0,0,1,,41.516892,-81.6231565
223799,"November 22, 2014",South Dakota,Sisseton,Fourth Avenue,3,1,1,0,0,,45.6641114,-97.0560985
223729,"November 22, 2014",Ohio,Springfield,Clifton Avenue and Rice Street,1,3,0,0,0,,39.9095886,-83.8077328
223582,"November 21, 2014",Pennsylvania,Pittsburgh,600 block of Miller Avenue,0,6,0,0,0,,40.38793,-79.90782840000001
222792,"November 19, 2014",Illinois,Chicago,700 block of North St. Louis Avenue,1,3,0,0,0,,41.8936596,-87.71382469999999
222393,"November 18, 2014",Nevada,North Las Vegas,Englestad Street,0,4,0,0,0,,36.2103795,-115.1473473
221554,"November 16, 2014",Ohio,Akron,1891 E Market St,1,4,0,0,1,,41.061734,-81.46023799999999
224746,"November 16, 2014",Texas,El Paso,115 S. Durango,0,5,0,1,0,,31.7570483,-106.4936451
221347,"November 15, 2014",Missouri,Springfield,2555 N. Glenstone,4,0,0,0,1,,37.2436912,-93.2623309
221577,"November 15, 2014",Florida,Miami,NW 55th and 12th,1,3,0,0,0,,25.8254451,-80.2172815
217831,"November 8, 2014",California,Pomona,499 E. Arrow Highway,0,5,0,0,0,,34.0906446,-117.7421478
218054,"November 7, 2014",California,Los Angeles,East 126th Street and North Compton Avenue,0,4,0,0,0,,33.9184883,-118.2462314
217401,"November 7, 2014",California,Compton,136th Street ,0,4,0,0,0,,33.9081202,-118.2466953
216533,"November 5, 2014",California,San Francisco,1100 block of Alabama Street ,0,4,0,0,0,,37.7543015,-122.411144
212884,"October 29, 2014",Tennessee,Memphis,Yale Road and Ramill Road,0,5,0,0,0,,35.2205375,-89.927195
211348,"October 26, 2014",Kentucky,Cadiz,1410 Old Dover Road,4,0,0,0,1,,36.8289928,-87.84981189999999
210363,"October 24, 2014",Washington,Marysville,5611 108th St NE,4,1,1,0,0,,48.09572790000001,-122.1539961
209134,"October 18, 2014",New York,Queens,33-02 Queens Blvd,0,4,0,0,1,,40.7442521,-73.93112049999999
207145,"October 18, 2014",South Carolina,Graniteville,192 Breezy Hill Road,1,3,0,0,0,,33.5663314,-81.8431062
207687,"October 18, 2014",New York,Brooklyn,Lenox Road,0,4,0,0,0,,40.6548667,-73.9384563
206303,"October 16, 2014",Michigan,Detroit,Mogul Street,1,3,0,0,1,,42.4167475,-82.9621684
205726,"October 14, 2014",Georgia,Peachtree Corners,6505 Bannor Lane,2,2,1,0,0,,33.9504789,-84.251144
205298,"October 13, 2014",Georgia,Atlanta,85 Mount Zion Road,0,4,0,0,0,,33.6732985,-84.3910362
204310,"October 12, 2014",California,Stockton,1100 block of East March Lane,3,1,0,0,0,,38.0013332,-121.2925175
204477,"October 12, 2014",Georgia,Atlanta,Arthur Langford Jr Place,1,3,0,0,0,,33.7120052,-84.3977697
204236,"October 11, 2014",New York,Utica,222 Bleecker Street,0,4,0,1,1,,43.1012669,-75.22842399999999
202981,"October 8, 2014",Georgia,Atlanta,Auburn Avenue and Edgewood Avenue,0,4,0,0,0,,33.7543949,-84.3770943
204254,"October 8, 2014",New York,Guilderland,1846 Western Ave,4,0,0,0,0,,42.6914509,-73.87114650000001
201052,"October 5, 2014",Michigan,Detroit,East 7 Mile Road and Sherwood Street,1,5,0,0,0,,42.4337774,-83.0340456
201630,"October 5, 2014",Florida,Jacksonville,7300 block of Linda Drive,3,1,0,0,0,,30.3870258,-81.6723555
201648,"October 4, 2014",Tennessee,Memphis,1400 block of Gherald Street,2,2,0,0,0,,35.16983889999999,-89.9208154
201502,"October 4, 2014",California,Pomona,1925 West Holt Avenue ,0,4,0,0,0,,34.0617813,-117.7841207
198051,"September 29, 2014",South Carolina,Walterboro,29 Sandy Dam Lane,1,6,0,1,2,,32.8852528,-80.6205114
198527,"September 29, 2014",California,Fresno,2300 block of West Fountain Way ,0,4,0,0,0,,36.7813624,-119.8381184
197416,"September 28, 2014",Pennsylvania,Philadelphia,2800 block of Hope Street,0,4,0,0,0,,39.9926757,-75.1312062
197384,"September 28, 2014",Florida,Miami,NW 7th Ave and NW 64th St,0,15,0,0,0,,25.8341414,-80.2085771
197287,"September 27, 2014",Missouri,Saint Louis,2000 block East John Avenue,0,5,0,0,0,,38.6716901,-90.2097929
198064,"September 26, 2014",South Carolina,Florence,650 Turner Rd,1,4,0,0,2,,34.2584828,-79.76875559999999
194945,"September 21, 2014",Ohio,East Liverpool,440 First St,0,4,0,0,0,,40.6308275,-80.5519767
193960,"September 20, 2014",Mississippi,Batesville,8297 Curtis Rd,2,2,0,0,0,,34.3394859,-90.0524379
193570,"September 19, 2014",New York,Queens,32-14 106th St,0,4,0,0,0,,40.7592734,-73.86330149999999
192851,"September 18, 2014",Florida,Bell,2550 NW 29th Terrace,7,0,1,0,0,,29.7751504,-82.85731059999999
191416,"September 15, 2014",Louisiana,New Orleans,Chef Menteur Highway and Dale Street,0,5,0,0,0,,30.0112084,-90.009757
190874,"September 14, 2014",Texas,Flour Bluff,229 Naval Air Station Drive,3,1,0,0,0,,27.6768256,-97.2749643
2172621,"September 14, 2014",Texas,Corpus Christi,229 NAS Dr,3,1,0,0,1,,27.6768256,-97.2749643
190599,"September 14, 2014",Alaska,Anchorage,225 E Fifth,0,6,0,0,0,,61.21778089999999,-149.880157
189562,"September 11, 2014",Michigan,Detroit,14000 block of Patton,1,7,0,0,0,,42.387666,-83.24293200000001
188332,"September 6, 2014",Florida,Orlando,2015 Orange Blossom Trail,0,4,0,0,0,,28.5205037,-81.396531
186488,"September 6, 2014",Georgia,Macon,576 Poplar Street,0,5,0,0,0,,32.8347679,-83.6299909
185393,"September 4, 2014",Michigan,Flint,2400 block of Martin Luther King Boulevard,0,5,0,0,0,,43.0384318,-83.70411519999999
185430,"September 3, 2014",California,Los Angeles,East 27th and Stanford ,0,6,0,0,0,,34.0198931,-118.2600773
185196,"September 2, 2014",Mississippi,Jackson,3622 Medgar Evers Boulevard,2,3,0,0,0,,32.3404923,-90.2140629
184507,"September 2, 2014",California,Highland,25000 block of Fifth Street ,0,5,0,0,0,,34.1083313,-117.2587948
183432,"August 31, 2014",California,Livermore,200 block of South Q Street ,0,5,0,0,0,,37.67833230000001,-121.7770593
182974,"August 29, 2014",Florida,Brooksville,820 Peach St,3,1,0,0,0,,28.5459275,-82.3909432
181947,"August 27, 2014",Michigan,Detroit,16600 block of Edmore,1,3,0,0,0,,42.4473095,-82.9484296
180007,"August 24, 2014",California,San Fernando,1400 block of Celis Street,4,5,0,0,1,,34.2860124,-118.4461113
180018,"August 24, 2014",Illinois,Chicago,8300 block of South Halsted Street,1,3,0,0,0,,41.7432357,-87.6441991
180580,"August 24, 2014",Georgia,Augusta,1013 Carrie Street,1,3,0,0,0,,33.4666043,-81.97427789999999
178425,"August 20, 2014",Tennessee,Memphis,1400 block of Briarcrest Lane,0,5,0,0,0,,35.2244137,-90.0149543
178006,"August 18, 2014",Louisiana,Saint Martinville,Main and Hyacinth streets,0,4,0,0,0,,30.1179957,-91.8335381
177770,"August 17, 2014",California,East Palo Alto,Purdue Street and Georgetown Avenue,1,3,0,0,0,,37.4806104,-122.1367349
175943,"August 17, 2014",Massachusetts,Boston,Edinboro Street,0,4,0,0,0,,42.3521618,-71.059757
175911,"August 17, 2014",New York,Queens,153-38 118th Ave,0,4,0,0,0,,40.6809472,-73.7885817
175839,"August 17, 2014",Nevada,Las Vegas,Owens Avenue and H Street,0,4,0,0,0,,36.1883488,-115.151996
175788,"August 16, 2014",Utah,Salt Lake City,122 Pierpont Avenue,0,6,0,0,0,,40.7641012,-111.8949415
175779,"August 16, 2014",New Jersey,Plainfield,West 3rd Street and Monroe Avenue,1,3,0,0,0,,40.6041807,-74.43819060000001
174560,"August 14, 2014",Tennessee,Memphis,797 Pope Street,1,3,0,0,0,,35.154022,-89.9561567
174544,"August 13, 2014",Tennessee,Clarksville,Treeland Drive,0,4,0,0,0,,36.5897551,-87.3096905
175767,"August 13, 2014",Louisiana,New Orleans,New Orleans and North Rocheblave streets,0,4,0,0,0,,29.981228,-90.06608969999999
173369,"August 12, 2014",New York,Buffalo,Oakmont Ave,1,3,0,0,0,,42.9323808,-78.8078502
173628,"August 12, 2014",Georgia,Cartersville,Brent Cir,1,3,1,0,0,,34.1742784,-84.8867947
172304,"August 10, 2014",Louisiana,New Orleans,5400 block of Burgundy St,2,5,0,0,2,,29.959368,-90.01920199999999
172205,"August 10, 2014",District of Columbia,Washington,50 block of N St SW,0,6,0,0,0,,38.8744745,-77.01085599999999
172288,"August 10, 2014",Georgia,Wrightsville,2455 Idylwild Dr,0,6,0,0,0,,32.709148,-82.728996
172180,"August 10, 2014",California,Moreno Valley,16300 block of Heather Glen Road ,0,7,0,0,0,,33.8836081,-117.2217964
171802,"August 9, 2014",Minnesota,Minneapolis,400 3rd Ave N,1,8,0,0,0,,44.978618,-93.262441
173786,"August 8, 2014",District of Columbia,Washington,2nd St NE and Todd Pl NE,0,4,0,0,0,,38.9162871,-77.0035173
171823,"August 8, 2014",New Mexico,Albuquerque,3426 Vassar NE,1,3,0,0,0,,35.119424,-106.6148145
171778,"August 8, 2014",Wisconsin,Milwaukee,3000 block of N. 28th Street ,0,4,0,0,0,,43.0735158,-87.9483015
170704,"August 6, 2014",California,Bakersfield,1700 block of Quincy Street ,3,1,0,0,0,,35.381656,-118.974197
169326,"August 4, 2014",Georgia,Atlanta,1100 block of Joseph E. Boone Boulevard NW,0,5,0,0,0,,33.7633061,-84.42353330000002
168844,"August 3, 2014",Virginia,Culpeper,14458 Rixeyville Rd,5,0,0,0,0,,38.5001862,-77.9923323
168551,"August 3, 2014",Texas,Humble,3403 FM 1960,0,7,0,0,0,,29.999849,-95.2454523
169024,"August 3, 2014",Tennessee,Columbia,East 9th Street and Bridge Street,0,5,0,0,0,,35.6095474,-87.0301221
168786,"August 3, 2014",Missouri,Saint Louis,5200 block of Thekla ,0,5,0,0,0,,38.6904408,-90.2433901
167872,"August 2, 2014",Texas,Dallas,5125 Wynell Street,3,1,0,0,1,,32.6858049,-96.78248049999999
168307,"August 2, 2014",Pennsylvania,Pittsburgh,Penn Avenue and 29th Street,1,5,0,0,0,,40.4578452,-79.9742012
168169,"August 2, 2014",Massachusetts,New Bedford,Acushnet Avenue,0,7,0,0,0,,41.6872241,-70.926316
167649,"August 1, 2014",Pennsylvania,Philadelphia,1500 block of South Etting Street,1,3,0,0,0,,39.9344269,-75.1901194
176329,"July 30, 2014",North Carolina,Hope Mills,5109 New Moon Dr,2,4,1,0,0,,35.0006861,-78.9509585
165856,"July 28, 2014",Pennsylvania,Philadelphia,4900 block of North Front Street,1,4,0,0,0,,40.0247446,-75.1238723
165089,"July 27, 2014",Missouri,Saint Louis,2000 block of East John Avenue,0,5,0,0,0,,38.6716901,-90.2097929
164513,"July 26, 2014",Maine,Saco,35 Water Street,4,0,1,0,0,,43.4980152,-70.4488365
166970,"July 26, 2014",Arkansas,Pine Bluff,Third Ave and Redbud St,1,3,0,0,0,,34.2276621,-92.0524255
163930,"July 26, 2014",Georgia,Sylvester,Royal Street,0,8,0,0,0,,31.5302983,-83.8221404
163874,"July 25, 2014",Illinois,Chicago,700 S California Ave,1,6,0,0,3,,41.8726014,-87.6963054
162687,"July 23, 2014",Pennsylvania,Braddock,700 block of Hickory St,0,4,0,0,0,,40.40576129999999,-79.86129749999999
161302,"July 21, 2014",New Jersey,Irvington,36 Welland Avenue,0,6,0,0,0,,40.7171878,-74.2288159
162008,"July 21, 2014",Tennessee,Memphis,300 block of Foote Park Lane,0,4,0,0,0,,35.14588,-90.05325
161063,"July 20, 2014",Nevada,Las Vegas,3400 block of N Rancho Dr,1,3,0,0,0,,36.2207356,-115.2146439
160998,"July 20, 2014",Illinois,East Saint Louis,5103 block of Bunkum Rd,1,3,0,0,0,,38.62345070000001,-90.0960023
160488,"July 19, 2014",Illinois,Chicago,1300 North Mason Avenue,0,4,0,0,0,,41.90395059999999,-87.7745077
159291,"July 13, 2014",District of Columbia,Washington,1700 block of Lincoln Rd NE,0,4,0,0,0,,38.9126904,-77.0086908
158387,"July 13, 2014",California,Sacramento,1972 Fulton Ave,1,4,0,0,0,,38.6007848,-121.4010829
158589,"July 13, 2014",Connecticut,Stamford,84 West Park Place,0,5,0,0,0,,41.053512,-73.54133089999999
158306,"July 13, 2014",Washington,Skyway,12600 Renton Avenue South ,0,5,0,0,0,,47.49174989999999,-122.2393167
157857,"July 12, 2014",California,Pasadena,1700 block of Summit Avenue,3,2,0,0,0,,34.1750999,-118.1473086
157580,"July 11, 2014",Illinois,Chicago,5200 West Quincy Street,1,3,0,0,0,,41.8776892,-87.75547979999999
156670,"July 9, 2014",Texas,Spring,711 Leaflet Ln,6,1,0,0,1,,30.0408635,-95.4419789
156468,"July 8, 2014",Rhode Island,Providence,35 March Street,0,5,0,0,0,,41.841643,-71.4249312
162305,"July 7, 2014",Kentucky,Stopover,KY 194E,0,4,0,0,0,,37.5159411,-82.09124
155943,"July 7, 2014",California,San Bernardino,312  E Baseline Street ,1,4,0,0,0,,34.1217089,-117.2782089
156125,"July 6, 2014",Florida,Miami,NW 20th Ave and NW 62nd St,2,2,0,0,0,,25.8315312,-80.22996189999999
155412,"July 6, 2014",Missouri,Saint Louis,4600 block of Natural Bridge Avenue,0,4,0,0,0,,38.6716118,-90.2418172
155755,"July 6, 2014",New York,Buffalo,100 block of Erb Street,0,4,0,0,0,,42.9208994,-78.8003954
154971,"July 5, 2014",Oregon,Portland,333 SE 122nd Ave,1,4,0,0,1,,45.5199377,-122.5380451
154803,"July 5, 2014",Texas,Houston,1700 Almeda-Genoa,0,6,0,0,0,,29.612053,-95.395748
154834,"July 5, 2014",Virginia,Norfolk,861 W. 36th Street,0,7,0,0,0,,36.878198,-76.29742
154721,"July 5, 2014",Indiana,Indianapolis,Broad Ripple Avenue,0,7,0,0,0,,39.8686303,-86.1313339
158055,"July 5, 2014",Illinois,Centreville,4700 Piggott Avenue,0,5,0,0,0,,38.580019,-90.123285
154844,"July 4, 2014",Virginia,Norfolk,1722 Thurgood Street,0,5,0,0,0,,36.8259328,-76.2624773
156834,"July 2, 2014",Pennsylvania,Chester,1400 block of West Congress Street,0,5,0,0,0,,39.8406125,-75.3863327
153275,"June 30, 2014",Kentucky,Lexington,Scottsdale Circle,1,3,0,0,1,,38.0759033,-84.4779882
152468,"June 29, 2014",Louisiana,New Orleans,700 block of Bourbon St,1,9,0,0,1,,29.958836,-90.06556929999999
153648,"June 29, 2014",Missouri,Saint Louis,2800 block of Dayton,0,4,0,0,0,,38.641861,-90.21602
152693,"June 29, 2014",California,Los Angeles,1100 block of North Vermont Avenue,1,5,0,0,1,,34.0912202,-118.2913512
152960,"June 28, 2014",California,Antioch,5500 Cedar Point Way,0,7,0,0,0,,37.9569993,-121.7575053
153578,"June 28, 2014",New York,Manhattan,Fifth Avenue and West 139th Street,0,4,0,0,0,,40.8153289,-73.93572859999999
152722,"June 27, 2014",California,San Diego,1600 block of Cathy Street,1,3,0,0,0,,32.5872633,-117.0946113
157018,"June 26, 2014",Michigan,Detroit,Grand St,2,2,0,0,0,,42.3936178,-83.1258276
151659,"June 26, 2014",Wisconsin,Milwaukee,24th and Locust,0,5,0,0,0,,43.071512,-87.94362799999999
151475,"June 25, 2014",Massachusetts,Lowell,Midland Street,0,5,0,0,0,,42.6235078,-71.326935
150299,"June 24, 2014",Florida,Miami,Northwest 12th Avenue and 65th Street,2,7,0,0,0,,25.8342779,-80.2167735
154136,"June 22, 2014",California,Windsor,Windsor Avenue,1,3,0,0,0,,38.5477629,-122.8189023
150344,"June 21, 2014",Tennessee,Memphis,2119 East Alcy Road,0,5,0,0,7,,35.0770106,-89.9938797
149954,"June 21, 2014",District of Columbia,Washington,Florida Ave NW and U St NW,0,4,0,0,0,,38.9170143,-77.04119349999999
157013,"June 20, 2014",Maryland,Seat Pleasant,6600 block of Greig Street,0,4,0,0,0,,38.900128,-76.90589489999999
146565,"June 15, 2014",Indiana,Kokomo,5100 Clinton Drive,0,4,0,0,0,,40.4354823,-86.1258312
146586,"June 15, 2014",Illinois,Park Forest,200 Berry Street,0,4,0,0,0,,41.5015244,-87.67872709999999
149706,"June 13, 2014",California,Los Angeles,8600 block of South Figueroa Street,3,1,0,0,0,,33.9596113,-118.282285
156245,"June 9, 2014",New Jersey,Paterson,Rosa Parks Boulevard and Godwin Avenue,0,6,0,0,0,,40.9206839,-74.1590599
144524,"June 8, 2014",Florida,Fort Myers,17372 Phlox Drive,4,0,1,0,0,,26.4846936,-81.8215137
144565,"June 8, 2014",Alabama,Opp,611 Hardin Street,1,4,0,0,1,,31.272515,-86.25282299999999
143979,"June 7, 2014",Michigan,Oak Park,10811 W. Ten Mile Rd.,1,3,0,0,0,,42.4719771,-83.17092960000001
143723,"June 7, 2014",South Carolina,Moncks Corner,Tish Lane,1,5,0,0,0,,33.1684567,-80.1324399
142822,"June 4, 2014",Illinois,Chicago,4900 West West End Avenue,1,3,0,0,0,,41.8832794,-87.7481889
142818,"June 3, 2014",Georgia,Atlanta,Auburn Avenue,1,4,0,0,1,,33.7555226,-84.3770646
142076,"June 2, 2014",Illinois,Chicago,2660 E. 79th St,0,7,0,0,0,,41.7521292,-87.5591115
141792,"June 1, 2014",California,Sacramento,6500 46th Street,0,4,0,0,0,,38.5087528,-121.4514883
141382,"June 1, 2014",Illinois,Chicago,West Ferdinand Street and North Lavergne Avenue ,1,5,0,0,0,,41.8895287,-87.7505061
153532,"May 31, 2014",California,San Bernardino,800 block of West Victoria St,1,3,0,0,0,,34.1111328,-117.3009052
139281,"May 25, 2014",Ohio,Toledo,2100 block of Joffre Avenue,1,3,0,0,0,,41.6616385,-83.58644199999999
138567,"May 24, 2014",Michigan,Detroit,Strathmoor St,0,4,0,0,0,,42.3970246,-83.1875621
138645,"May 24, 2014",South Carolina,Myrtle Beach,104 N Ocean Blvd,3,1,0,0,0,,33.6836247,-78.8873133
138282,"May 23, 2014",California,Goleta,840 Embarcadero del Norte,3,7,1,0,0,,34.4142233,-119.8550254
140185,"May 23, 2014",Louisiana,New Orleans,6200 block of Eads Street,1,7,0,0,0,,30.0227332,-90.05074979999999
138370,"May 23, 2014",California,Bellflower,9541 Flower Street,2,2,0,0,0,,33.8821979,-118.1303257
142123,"May 21, 2014",Texas,Dallas,4515 Village Fair Pl,1,3,0,0,0,,32.6894226,-96.8282507
135904,"May 18, 2014",Ohio,Sandusky,1643 Cleveland Rd,0,7,0,0,0,,41.4429927,-82.6858634
136567,"May 17, 2014",California,Coachella,84000 block of Pedro Drive,1,3,0,0,1,,33.6851543,-116.1887419
136163,"May 17, 2014",District of Columbia,Washington,2200 block of Adams Pl NE,0,5,0,0,0,,38.9192851,-76.9755267
134823,"May 13, 2014",Georgia,Atlanta,Panther Trail and Childress Drive,0,5,0,0,0,,33.6981565,-84.4861986
134591,"May 12, 2014",Illinois,Chicago,3400 West 24th Street,0,4,0,0,0,,41.8480861,-87.710017
134238,"May 11, 2014",Tennessee,Memphis,2517 Shasta,0,7,0,0,0,,35.1687664,-89.97327949999999
156823,"May 10, 2014",California,Sacramento,3031 Guadalajara Way,1,6,0,0,2,,38.6241056,-121.5248497
134044,"May 10, 2014",Georgia,Stone Mountain,1100 To Lani Farm Road,1,3,0,0,1,,33.7621554,-84.2056693
134052,"May 10, 2014",Georgia,Decatur,Shamrock Dr,2,3,0,0,1,,33.7308617,-84.2573203
132897,"May 4, 2014",Colorado,Wheat Ridge,12100 W 44th,0,4,0,0,0,,39.7775472,-105.1343598
131697,"May 4, 2014",Illinois,Chicago,500 West Erie Street,1,3,0,0,0,,41.8940302,-87.6416313
131998,"May 3, 2014",Arkansas,Jonesboro,2201 Moore Rd,3,4,1,0,0,,35.8183427,-90.6155781
132405,"May 3, 2014",Texas,Houston,Gears Rd and Trickey Rd,0,6,0,0,0,,29.94603889999999,-95.4447112
130933,"April 30, 2014",Illinois,Chicago,7200 South Phillips Avenue,0,4,0,0,0,,41.7644394,-87.5657791
130232,"April 29, 2014",Georgia,Kennesaw,1675 Airport Road,0,6,1,0,0,,34.008653,-84.6019127
129730,"April 27, 2014",New York,Troy,Fourth Street,0,5,0,0,0,,42.7213387,-73.6911982
128871,"April 25, 2014",Tennessee,Memphis,2000 Chelsea Avenue,2,3,0,0,0,,35.1734373,-89.9906671
173109,"April 22, 2014",California,Los Angeles,6419 Brynhurst Avenue,1,3,0,0,0,,33.9810939,-118.3341845
127045,"April 20, 2014",Illinois,Montgomery,1300 block of Jackson St,0,6,0,0,0,,41.7302384,-88.3104462
127413,"April 20, 2014",Illinois,Chicago,6600 South Michigan Ave,0,5,0,0,0,,41.7745475,-87.6230771
127381,"April 20, 2014",Florida,Tampa,2902 N. 32nd St.,2,2,0,0,0,,27.9692218,-82.42550570000002
156828,"April 14, 2014",District of Columbia,Washington,1909 19th St SE,0,4,0,0,0,,38.8682449,-76.9773616
125028,"April 12, 2014",Louisiana,New Orleans,2100 block of Pauger Street,1,3,0,0,0,,29.9715025,-90.06077760000001
124146,"April 11, 2014",Indiana,Richmond,North 15th and H Streets,0,4,0,0,0,,39.818169,-84.88180200000001
124131,"April 9, 2014",Illinois,Rockford,300 N Sunset Ave,0,5,0,0,0,,42.2787689,-89.1183927
123891,"April 9, 2014",Tennessee,Lookout Valley,Kellys Ferry Road and Kellys Ferry Place,3,1,0,0,0,,35.0292398,-85.408253
123008,"April 7, 2014",Louisiana,New Orleans,500 block of South Alexander Street,0,4,0,0,0,,29.973233,-90.107192
123666,"April 6, 2014",Massachusetts,Springfield,90 Worthington St.,0,4,0,0,0,,42.1031816,-72.593741
125863,"April 6, 2014",Oklahoma,Oklahoma City,Northwest 29th Street and Portland Avenue,0,4,0,0,0,,35.498761,-97.5833868
122136,"April 5, 2014",Illinois,Chicago,4300 W Wilcox Street,1,5,0,0,0,,41.8789965,-87.7331317
122612,"April 5, 2014",Arizona,Phoenix,5400 block of W Palm Ln,1,3,0,0,0,,33.4698476,-112.1756999
122672,"April 5, 2014",California,Fairfield,Orchid Street ,0,4,0,0,0,,38.2789131,-122.036979
121031,"April 2, 2014",Texas,Fort Hood,Motor Pool Road and Tank Destroyer Boulevard,3,16,1,0,0,,31.1329738,-97.794446
120621,"March 30, 2014",Mississippi,Starkville,2938 Rockhill Rd,0,5,0,0,1,,33.5062102,-88.8100243
120303,"March 30, 2014",North Carolina,Charlotte,4300 Sunset Road,0,5,0,0,0,,35.3052296,-80.8561507
117818,"March 23, 2014",Texas,Arlington,2700 Majesty Drive,1,3,0,0,0,,32.7548027,-97.0613774
172722,"March 23, 2014",California,Long Beach,601 Long Beach Boulevard,1,3,0,0,0,,33.7743922,-118.1897598
117914,"March 23, 2014",California,San Francisco,Turk and Taylor,0,7,0,0,0,,37.7834701,-122.4093692
117642,"March 21, 2014",South Carolina,North Charleston,7550 Dorchester Road,0,4,0,0,0,,32.9035946,-80.0787343
117591,"March 16, 2014",Texas,Beaumont,S 4th St,3,1,0,0,1,,30.0588443,-94.1155643
125855,"March 16, 2014",Georgia,Waynesboro,4960 Highway 80 West ,0,4,0,0,0,,33.0898731,-82.0156736
115012,"March 14, 2014",New York,Brooklyn,S. Second and Roebling Sts,0,4,0,0,0,,40.7121716,-73.9590675
113156,"March 9, 2014",Ohio,Fremont,531 W State St,3,1,0,0,0,,41.3483889,-83.1167004
113247,"March 9, 2014",Texas,Austin,4900 block of West Race Avenue,0,6,0,0,0,,30.267153,-97.7430608
113214,"March 8, 2014",Illinois,Chicago,4900 West Race Ave,0,6,0,0,0,,41.890659,-87.74844259999999
113255,"March 8, 2014",California,Richmond,1600 block of First Street,1,3,0,0,0,,37.9562803,-122.3685087
112415,"March 5, 2014",South Carolina,Pelzer,Law St,3,1,0,0,1,,34.6390534,-82.45249
111095,"March 1, 2014",Pennsylvania,Pittsburgh,Hamilton Ave,1,4,0,0,1,,40.4552835,-79.9003503
109957,"February 25, 2014",Virginia,Glade Spring,33325 Graceland Ln,3,1,1,0,0,,36.783923,-81.7858577
109142,"February 22, 2014",California,Wilmington,1200 block of W Papeete St,0,4,0,0,0,,33.7868951,-118.277844
108649,"February 20, 2014",California,Alturas,300 W 1st St,4,1,0,0,1,,41.4839209,-120.5452397
108691,"February 20, 2014",Indiana,Indianapolis,3200 block of S Parker Ave,4,0,0,0,1,,39.7195438,-86.1136149
107417,"February 16, 2014",Florida,Orlando (Pine Hills),4500 block of Charlene Terrace,1,6,0,0,0,,28.5732185,-81.44085659999999
108659,"February 16, 2014",Texas,Fort Worth, 115 NW 25th St.,1,4,0,0,0,,32.7897915,-97.3498391
107673,"February 16, 2014",Indiana,Fort Wayne,Lafayette Street and East Tillman Road,0,5,0,0,0,,41.0171871,-85.1193708
107519,"February 16, 2014",Texas,Dallas,2600 block of South Harwood Street,1,7,0,0,0,,32.7673131,-96.7791306
107433,"February 16, 2014",Florida,Jacksonville,1187 S. Edgewood Ave.,1,4,0,0,0,,30.3085302,-81.71343519999999
107403,"February 15, 2014",Nevada,Las Vegas,Sahara and Maryland ,0,5,0,0,0,,36.1443401,-115.1371013
106243,"February 12, 2014",California,Stockton,1101 E Lindsay St,1,3,0,0,0,,37.9595498,-121.2774788
106394,"February 12, 2014",Indiana,Gary,2220 block of Broadway,0,4,0,1,0,,41.57808989999999,-87.3371411
106481,"February 12, 2014",California,Oakland,37th and International ,1,3,0,0,0,,37.775283,-122.22084
104721,"February 7, 2014",Florida,Miami,Northwest 41st Street and 9th Avenue ,0,5,0,0,0,,25.7805981,-80.2630011
105010,"February 6, 2014",Louisiana,New Orleans,4600 block of Downman Road,0,4,0,0,0,,30.0163683,-90.02178200000002
104218,"February 5, 2014",Illinois,Chicago,6740 N Clark St,1,3,0,0,0,,42.0050356,-87.6733696
103698,"February 3, 2014",Indiana,Franklin,2100 block of Bridlewood Dr,2,2,1,0,0,,39.50066959999999,-86.0450037
140117,"January 30, 2014",Texas,Cypress,14015 Fosters Creek Dr,4,0,0,0,1,,29.9730789,-95.6547918
101301,"January 27, 2014",North Carolina,Rocky Mount,821 Word Plaza,0,4,0,0,1,,35.9689581,-77.8190551
113665,"January 27, 2014",Washington,Seattle,2nd Avenue South and South Main Street,1,4,0,0,1,,47.6000443,-122.3315906
100434,"January 25, 2014",Illinois,Chicago,S Union Ave and W 51st St,1,4,0,0,0,,41.801633,-87.6429028
100568,"January 25, 2014",Florida,Belle Glade,600 block of Covenant Drive,0,4,0,0,0,,26.6866473,-80.6741464
98836,"January 21, 2014",New Jersey,Newark,Springfield Avenue ,2,3,0,0,0,,40.7298364,-74.2134696
104902,"January 20, 2014",Virginia,Manassas,8509 Rixlew Ln,0,4,0,0,0,,38.7724612,-77.5018673
97407,"January 16, 2014",Oklahoma,Ardmore,H St NE and Martin Luther King Blvd,1,4,1,0,0,,34.1763015,-97.1177603
97365,"January 16, 2014",Utah,Spanish Fork,37 N 630 West,4,0,1,0,0,,40.1103573,-111.6654303
96792,"January 14, 2014",California,Los Angeles,West 86th Street,0,4,0,0,0,,33.959337,-118.2760299
96185,"January 13, 2014",Michigan,Detroit,800 block of Calvert St,0,4,0,0,0,,42.3872103,-83.09217079999999
95579,"January 12, 2014",Illinois,Elgin,300 block of North St,0,5,0,0,0,,42.040117,-88.2802178
95500,"January 12, 2014",Louisiana,Tallulah,3600 block of Highway 80 W,0,6,0,0,8,,32.350733,-88.7434417
95550,"January 12, 2014",Alabama,Huntsville,University Drive,0,5,0,0,0,,34.7364724,-86.6500998
95146,"January 11, 2014",Mississippi,Jackson,3430 W. Capitol Street,0,4,0,0,0,,32.3236356,-90.228448
94514,"January 5, 2014",Pennsylvania,Erie,829 Parade St,1,3,0,0,0,,42.1299699,-80.07448269999999
92704,"January 3, 2014",New York,Queens,Farmers Boulevard and 133rd Avenue,1,3,0,0,0,,40.6768096,-73.7632303
92194,"January 1, 2014",Virginia,Norfolk,Rockingham Street and Berkley Avenue Extended,2,2,0,0,0,,36.8230181,-76.2620697
476321,"December 31, 2015",Louisiana,New Orleans,1900 block of Amelia Street,0,5,0,1,1,,29.9302928,-90.0957644
473882,"December 27, 2015",Tennessee,Jackson,North Parkway,0,4,0,0,0,,35.6486031,-88.8176188
472268,"December 26, 2015",Pennsylvania,Philadelphia,4210 Macalester St,0,4,0,0,2,,40.0142161,-75.12113
471867,"December 25, 2015",Florida,Jacksonville,Franklin and Odessa,0,4,0,0,0,,30.3328796,-81.6394057
471860,"December 25, 2015",Alabama,Mobile,785 Schillinger Rd S,0,4,0,0,0,,30.6731381,-88.22162759999999
469468,"December 21, 2015",California,San Leandro,14600 block of East 14th Street,0,4,0,0,2,,37.7097838,-122.1345019
468968,"December 20, 2015",North Carolina,Wilmington,11th and Castle Street,1,4,0,0,0,,34.2288726,-77.9345553
469614,"December 20, 2015",Florida,North Miami Beach,NE 167th St and NE 6th Ave,0,4,0,0,0,,25.9285356,-80.1882395
468787,"December 19, 2015",Florida,Miami,21630 SW 120th Ave,1,4,0,0,0,,25.5659561,-80.3868069
464665,"December 13, 2015",California,Los Angeles,5550 S. Flower Street,1,3,0,0,0,,34.0160509,-118.2821847
464945,"December 13, 2015",California,Huntington Beach,17000 block of Keelson Lane,0,4,0,0,0,,33.7116526,-117.9904498
465117,"December 12, 2015",Illinois,Lovejoy (Brooklyn),307 Jefferson St,1,3,0,0,1,,38.6574099,-90.16841
464002,"December 12, 2015",Georgia,Savannah,Whitaker Street,0,4,0,0,1,,32.0670785,-81.0976304
463642,"December 11, 2015",Maryland,Baltimore,5100 block of Park Heights Avenue,1,3,0,0,0,,39.3481803,-76.67483969999999
463734,"December 11, 2015",Pennsylvania,Pittsburgh,1222 Brownsville Rd,0,4,0,0,0,,40.4031401,-79.9904403
461476,"December 8, 2015",Ohio,Cincinnati,2300 block of Baltimore Ave,1,3,0,0,1,,39.149722,-84.561461
460049,"December 6, 2015",Louisiana,Raceland,Market Street,1,3,0,0,2,,29.719339,-90.6093227
460386,"December 6, 2015",Nebraska,Omaha,North 108th Street and Military Road,2,3,0,0,1,,41.3175893,-96.08140709999999
456893,"December 2, 2015",California,San Bernardino,1365 South Waterman Ave,14,19,2,0,0,,34.0755639,-117.2776234
457037,"December 2, 2015",Georgia,Savannah,100 block of West 33rd Street,1,3,0,0,0,,32.0607249,-81.1000138
455394,"November 29, 2015",Illinois,Kankakee,648 E Court St,0,5,0,0,0,,41.1193075,-87.85792939999999
454059,"November 27, 2015",Colorado,Colorado Springs,3480 Centennial Blvd,3,9,0,0,1,,38.8809015,-104.8489564
455684,"November 27, 2015",California,Sacramento,7900 block of Florin Road,2,2,0,0,0,,38.4949095,-121.4107057
454788,"November 24, 2015",South Carolina,Conway,1321 Colletta Ct,0,4,0,0,0,,33.8700349,-79.14049949999999
452120,"November 23, 2015",Minnesota,Minneapolis,Morgan Avenue North,0,5,0,0,4,,44.9885441,-93.3044816
452007,"November 23, 2015",Ohio,Columbus,90 block of S Terrace Ave,3,1,1,0,0,,39.9533673,-83.0663797
451305,"November 22, 2015",New York,Newburgh,203 Broadway,0,5,0,0,0,,41.5001233,-74.0163936
452362,"November 22, 2015",South Carolina,North Charleston,Park Circle,1,3,0,0,1,,32.8814008,-79.98517749999999
451349,"November 22, 2015",Illinois,Chicago,4100 block of West Roosevelt,0,4,0,0,0,,41.8661418,-87.72763239999999
451495,"November 22, 2015",Louisiana,New Orleans,1900 block of Gallier St,0,17,0,0,9,,29.9747894,-90.0371605
451338,"November 22, 2015",Washington,Seattle,Broadway and Pike,0,4,0,0,2,,47.614083,-122.3208432
453317,"November 22, 2015",Texas,Brownsville,1800 block of FM 802,0,4,0,0,1,,25.9512651,-97.4908825
451057,"November 21, 2015",Maryland,Baltimore,Stricker and School,1,3,0,0,0,,39.30580399999999,-76.6419361
450505,"November 20, 2015",Pennsylvania,Pittsburgh,Prospect Drive,1,3,0,0,0,,40.4314153,-79.9355374
449814,"November 18, 2015",California,Fresno,California Avenue and Martin Luther King Jr. Boulevard,0,5,0,0,0,,36.7377981,-119.7871247
448653,"November 16, 2015",Alabama,Cedar Bluff,1460 County Rd 664,3,1,0,0,1,,34.2289388,-85.6846486
448419,"November 15, 2015",Texas,Tennessee Colony,800 block of An County Rd 2217,5,0,0,0,1,,31.8564786,-95.9012774
448286,"November 15, 2015",Pennsylvania,Philadelphia,5600 block of Blakemore St,0,4,0,0,0,,40.0481954,-75.1601172
447462,"November 14, 2015",Pennsylvania,Johnstown,1159 Main St,0,4,0,0,0,,40.3435719,-78.8833082
446996,"November 13, 2015",Florida,Jacksonville,1300 block of South Shirley Oaks Drive,3,1,1,0,0,,30.4679021,-81.606388
444458,"November 9, 2015",Indiana,Indianapolis,400 block of North Beville Ave,2,2,0,0,3,,39.77287219999999,-86.1232871
443821,"November 8, 2015",Iowa,Des Moines,4397 NW 6th Drive,1,3,0,0,1,,41.6401658,-93.6261799
444168,"November 8, 2015",Michigan,Warren,13859 8 Mile Road,0,4,0,0,0,,42.4496525,-82.98317349999999
443652,"November 7, 2015",Colorado,Denver,Bayaud and Bannock,1,3,0,0,1,,39.7147996,-104.989973
444406,"November 6, 2015",California,Bakersfield,1000 block of Feliz Drive,0,4,0,0,0,,35.3505473,-118.9895564
441681,"November 3, 2015",Florida,Jacksonville,Ella Street and Kings Road,2,3,0,0,0,,30.347467,-81.6926869
440743,"November 2, 2015",South Carolina,Pendleton,2217 Refuge Road,4,0,0,0,0,,34.6473352,-82.7488632
438651,"October 28, 2015",Louisiana,Houma,400 block of Morgan Street,1,3,0,0,2,,29.5949563,-90.7307737
437836,"October 27, 2015",Texas,Fort Worth,1700 block of Southcrest Drive,0,5,0,0,0,,32.6705439,-97.3450751
436234,"October 25, 2015",Arizona,Phoenix,Seventh Street and Broadway,1,4,0,0,0,,33.4066968,-112.0645955
436240,"October 25, 2015",District of Columbia,Washington,4300 block of Wheeler Road SE,0,5,0,0,0,,38.83268460000001,-76.9879306
436202,"October 25, 2015",North Carolina,Four Oaks,2339 Stricklands Crossroads Road,0,5,0,0,0,,35.3644368,-78.3571777
436219,"October 24, 2015",South Carolina,Bamberg,682 Dixie Ave.,0,4,0,0,0,,33.3010676,-81.0338983
435144,"October 22, 2015",Tennessee,Nashville,3500 John A. Merritt Blvd,1,3,0,0,2,,36.1638648,-86.8310123
433146,"October 19, 2015",Illinois,Calumet City,300 Campbell Avenue,0,6,0,0,0,,41.629441,-87.5508849
432711,"October 18, 2015",Louisiana,New Orleans,2600 block of Caffin Avenue,0,4,0,0,0,,29.977196,-90.011173
432466,"October 17, 2015",Florida,Fort Myers,2224 First St,1,4,0,0,1,,26.6440355,-81.8701195
432072,"October 17, 2015",Indiana,Elkhart,160 Easy Shopping Pl,0,4,0,0,0,,41.6909768,-85.9659305
429410,"October 12, 2015",Georgia,Decatur,4731 Glenwood Road,0,4,0,0,0,,33.7369682,-84.22415810000001
428215,"October 10, 2015",Tennessee,Memphis,6135 Mount Moriah Road,0,6,0,0,0,,35.0699688,-89.8591924
428247,"October 10, 2015",North Carolina,Charlotte,1900 block of West Boulevard,0,4,0,0,0,,35.214536,-80.8898626
429614,"October 10, 2015",Illinois,Peoria,2405 N Flora,1,3,0,0,6,,40.7170498,-89.60125049999999
427621,"October 9, 2015",Arizona,Flagstaff,216 E Mountain View Dr,1,3,0,0,1,,35.1886092,-111.6499095
426256,"October 6, 2015",Maryland,Baltimore,300 block of North Payson Street,0,5,0,0,0,,39.2919513,-76.6488856
424224,"October 2, 2015",Maryland,Baltimore,5400 Reisterstown Road,1,4,0,0,0,,39.3460026,-76.68831709999999
423223,"October 1, 2015",Oregon,Roseburg,1140 Umpqua College Rd,9,9,1,0,0,,43.2919442,-123.337832
422064,"September 28, 2015",Illinois,Chicago,300 block of West 42nd Street,3,2,0,0,3,,41.8184203,-87.6337953
422035,"September 28, 2015",Illinois,Chicago,5300 block of South Aberdeen Street,2,3,0,0,0,,41.79772,-87.65289899999999
422020,"September 28, 2015",Ohio,Dayton,1921 Oakridge,0,4,0,0,0,,39.7584041,-84.23581639999999
421650,"September 28, 2015",Ohio,Cincinnati,1800 block of Hewitt Ave,0,5,0,0,1,,39.1373897,-84.4719926
421014,"September 27, 2015",Georgia,Greenville,1140 Hill Haven Road,0,10,0,0,2,,33.038323,-84.7217046
421358,"September 27, 2015",Illinois,Chicago,5200 block of South Justine,0,4,0,0,0,,41.7993909,-87.66379630000002
420855,"September 27, 2015",Missouri,Kansas City,1700 E. 18th St.,0,4,0,0,0,,39.091355,-94.5619258
426559,"September 25, 2015",Illinois,Danville,1300 block of May Street,0,4,0,0,0,,40.1401769,-87.60225009999999
419718,"September 24, 2015",Illinois,Chicago,5100 block of South Morgan Street,0,5,0,0,0,,41.8015299,-87.6502034
418964,"September 23, 2015",Florida,Fort Myers,Dale St and Veronica S. Shoemaker Blvd,0,4,0,0,0,,26.6429197,-81.8399724
419250,"September 23, 2015",Louisiana,Shreveport,2900 block of Peach Street,0,5,0,0,0,,32.5493632,-93.82421540000001
419826,"September 23, 2015",Georgia,Norcross,1300 block of Reddington Lane,1,3,0,0,1,,33.9105313,-84.17448499999999
417013,"September 20, 2015",Oklahoma,Tulsa,Pine and Yale,0,6,0,0,0,,36.1771008,-95.9224605
417284,"September 20, 2015",Pennsylvania,Philadelphia,900 Pratt St,1,3,0,0,0,,40.0306912,-75.0929728
416872,"September 20, 2015",Illinois,Chicago,5700 block of South LaSalle,1,5,0,0,0,,41.7907663,-87.629511
416812,"September 19, 2015",Indiana,Indianapolis,3900 block of Graceland Ave,1,3,0,0,0,,39.8263726,-86.16278439999999
418318,"September 17, 2015",South Dakota,Geddes,36705 379th Street,5,0,1,0,0,,43.2217321,-98.60496239999999
415687,"September 17, 2015",Michigan,Albion,500 block of W. Broadwell Street,0,4,0,0,0,,42.2571517,-84.7602436
414580,"September 15, 2015",New Jersey,Newark,Irvine Turner Boulevard and West Kinney Street,0,4,0,0,0,,40.7321307,-74.1892611
413001,"September 13, 2015",Florida,Ocala,1910 South Pine Avenue,1,5,0,0,3,,29.1683378,-82.1386919
412996,"September 12, 2015",Louisiana,Shreveport,1500 block of Clanton Street,0,4,0,0,0,,32.4580325,-93.76087539999999
412487,"September 12, 2015",New York,Rochester,36 Woodward Street,2,3,0,1,1,,43.1644262,-77.5994032
412529,"September 12, 2015",Minnesota,Minneapolis,1st Ave. and N. 5th St.,0,6,0,0,3,,44.9803692,-93.27374359999999
412539,"September 12, 2015",Minnesota,Minneapolis,1200 block of 22nd Ave. N.,1,3,0,0,0,,44.9914991,-93.22153560000001
412557,"September 11, 2015",North Carolina,Charlotte,1000 North Carolina Music Factory Blvd.,0,4,0,1,2,,35.2393301,-80.8451309
409856,"September 8, 2015",Illinois,Chicago,56th and Green,0,4,0,0,0,,41.7924754,-87.6463366
409732,"September 7, 2015",Indiana,Gary,9300 block of Sunrise,2,4,0,0,0,,41.597069,-87.225594
409601,"September 7, 2015",Colorado,Denver,1909 Blake Street,0,4,0,0,0,,39.7537712,-104.9955042
412040,"September 7, 2015",Minnesota,Excelsior,Channel Drive,4,0,1,0,0,,44.9079411,-93.5444556
408449,"September 5, 2015",North Carolina,Charlotte,6800 block of Fieldvale Place,1,3,0,0,0,,35.1607325,-80.91061640000001
408276,"September 5, 2015",Florida,Daytona Beach,300 block of Pearl Street,0,4,0,0,0,,29.21360349999999,-81.0294991
409101,"September 5, 2015",Nevada,Las Vegas,5000 block of Hollywood Boulevard,1,3,0,0,0,,36.0872003,-115.0289615
408256,"September 5, 2015",Missouri,Columbia,1509 Ashley Street,0,4,0,0,1,,38.9676967,-92.31642810000001
404167,"August 30, 2015",Tennessee,Memphis,3300 block of Sobota Circle,1,4,0,0,0,,35.05719759999999,-90.0728803
404238,"August 29, 2015",Tennessee,Bristol,618 Henson Road,3,1,0,1,1,,36.5756825,-82.0942981
405133,"August 29, 2015",Texas,Tyler,638 ENE Loop 323,1,3,0,0,4,,32.3903037,-95.2861558
403069,"August 28, 2015",New York,Brooklyn,589 Flatbush Avenue,1,3,0,0,1,,40.6591403,-73.9602652
402623,"August 27, 2015",Florida,Saint Augustine,S Bellagio Dr,2,2,0,0,1,,29.95915,-81.4852953
403669,"August 27, 2015",California,Salinas,928 Blanco Circle,2,2,0,0,1,,36.6545909,-121.6375854
401884,"August 26, 2015",Minnesota,Minneapolis (Brooklyn Center),5000 block of Drew Ave N,0,4,0,0,0,,45.0460568,-93.3270824
402113,"August 26, 2015",Illinois,Chicago,3025 W. Van Buren Ave,2,2,0,0,1,,41.87551699999999,-87.702056
402051,"August 26, 2015",Florida,West Palm Beach,800 block of 19th Street,2,2,0,0,0,,26.731843,-80.0594599
402108,"August 25, 2015",Louisiana,New Orleans,Fern Street and Olive Street,1,3,0,0,0,,29.9617666,-90.1112047
400091,"August 23, 2015",California,Modesto,1100 block of Kansas Avenue,1,7,0,0,0,,37.6454183,-121.0234139
399564,"August 22, 2015",New Mexico,Roswell,302 East Reed Street,3,1,0,0,0,,33.3815318,-104.5181822
399883,"August 22, 2015",Florida,Orlando,FL-408 and N Pine Hills Rd,0,4,0,0,0,,28.5475522,-81.4479784
399212,"August 21, 2015",North Carolina,Durham,2700 block of Hinson Drive,0,8,0,0,0,,36.0297056,-78.87777299999999
399367,"August 21, 2015",Ohio,Cincinnati,Mathis and Prentice,1,5,1,0,0,,39.159499,-84.390824
398361,"August 19, 2015",New York,Rochester,500 Genesee St,3,3,0,0,3,,43.1402905,-77.63486809999999
395844,"August 16, 2015",Texas,Fort Worth,3651 Sycamore School Rd,0,6,0,0,0,,32.633589,-97.37230799999999
395757,"August 16, 2015",Illinois,Chicago,5400 block of West Division Street,0,4,0,0,0,,41.9023113,-87.76140099999999
395718,"August 16, 2015",South Carolina,Bennettsville,Highway 38N,0,5,0,0,1,,34.6173803,-79.68478139999999
395837,"August 15, 2015",Pennsylvania,Pittsburgh,West Prospect Avenue,1,3,0,0,0,,40.4476237,-80.073622
395694,"August 15, 2015",California,Los Angeles,57th Street and South Normandie Avenue,0,4,0,0,0,,33.9909683,-118.3002143
395549,"August 15, 2015",South Carolina,Orangeburg,2868 Bamberg Road,1,3,0,0,1,,33.4788139,-80.90900309999999
392131,"August 10, 2015",California,Long Beach,1700 block of East 10th Street,0,4,0,0,0,,33.7789852,-118.1709294
391263,"August 9, 2015",Mississippi,Forest,Poplar St,1,3,0,0,2,,32.3705854,-89.4566625
391219,"August 9, 2015",Michigan,Detroit,15200 block of Hazelridge,1,3,0,0,0,,42.4245361,-82.9650468
391014,"August 9, 2015",Missouri,Kansas City,40th Street and Pennsylvania Avenue,0,4,0,0,0,,39.0550607,-94.5931366
390914,"August 8, 2015",North Carolina,Gastonia,4908 Greenwood Dr,1,3,1,0,0,,35.1924189,-81.2398434
390774,"August 8, 2015",Arkansas,Blytheville,833 Anderson Street,1,11,0,0,1,,35.9193528,-89.8966963
390526,"August 8, 2015",Texas,Houston,2211 Falling Oaks,8,0,0,0,1,,29.91980909999999,-95.4518386
390050,"August 7, 2015",Vermont,Barre,3182 Airport Rd,4,0,0,0,1,,44.2157895,-72.5564412
389057,"August 6, 2015",South Carolina,Columbia,1505 Garden Plaza,0,4,0,0,0,,34.0115247,-81.0137342
389149,"August 4, 2015",Missouri,Saint Louis,2500 block of Semple,1,4,0,0,0,,38.6719599,-90.26908739999999
387194,"August 3, 2015",New York,Brooklyn,98 Dwight Street,0,5,0,0,4,,40.6757407,-74.0094226
385779,"August 2, 2015",New York,Brooklyn,Stanley Avenue and Crescent Street,0,9,0,0,0,,40.6654701,-73.8675167
386140,"August 2, 2015",Maryland,Baltimore,2700 block of Garrison Avenue,0,7,0,0,0,,39.3500089,-76.66385679999999
385824,"August 2, 2015",Illinois,Chicago,4800 block of West Kamerling Avenue,1,4,0,0,0,,41.9050743,-87.7460852
386066,"August 2, 2015",Georgia,Savannah,Barnard Street,0,5,0,0,0,,32.0630579,-81.1003681
401742,"August 2, 2015",Illinois,Chicago,6700 block of South Winchester Avenue,0,4,0,0,0,,41.7718518,-87.6727916
386937,"August 1, 2015",Florida,Orlando,5801 Shenandoah Way,0,4,0,0,0,,28.5324317,-81.30814099999999
384662,"July 30, 2015",Pennsylvania,Pittsburgh,Brushton Avenue,0,4,0,0,0,,40.4583176,-79.8885672
382459,"July 27, 2015",Illinois,Rockford,900 block of Kent Street,0,5,0,0,0,,42.2637442,-89.1089549
381814,"July 26, 2015",Missouri,Kansas City,Thompson and Colorado,2,3,0,0,0,,39.1693266,-94.5184112
382170,"July 26, 2015",Louisiana,New Orleans,Piety and Treasure street,0,4,0,0,0,,29.9887057,-90.03504819999999
381433,"July 25, 2015",Virginia,Hopewell,500 block of N. 7th Ave,0,4,0,0,1,,37.3058542,-77.29417240000001
382413,"July 24, 2015",Pennsylvania,Erie,200 block of W 29th St,2,3,0,2,4,,42.1079483,-80.0762949
380162,"July 23, 2015",Louisiana,Lafayette,3141 Johnson Street,2,9,1,0,0,,30.2019832,-92.0457315
382230,"July 22, 2015",Missouri,Saint Louis,Fair Ave and Ashland Ave,0,6,0,0,2,,38.6643398,-90.23039109999999
379166,"July 22, 2015",Georgia,Suwanee,5500 block of Old Atlanta Road,4,0,1,0,0,,34.0802337,-84.1271792
378452,"July 21, 2015",Florida,Miami Gardens,Northwest 25th Avenue and Miami Gardens Drive,1,3,0,0,1,,25.9410792,-80.24338639999999
377878,"July 20, 2015",New York,Bronx,E. 153rd St. and the Grand Concourse,0,6,0,0,0,,40.8211615,-73.92561549999999
377189,"July 19, 2015",Virginia,Suffolk,100 block of North Capitol Street,0,4,0,0,0,,36.72570839999999,-76.5677561
377047,"July 19, 2015",Kentucky,Louisville,2928 W Kentucky St,0,6,0,0,1,,38.2436367,-85.8024343
377181,"July 19, 2015",North Carolina,Rocky Mount,US-64 and E Raleigh Blvd,0,4,0,0,0,,35.9457418,-77.7612345
378102,"July 18, 2015",California,San Diego,200 block of South Bancroft Street,0,4,0,0,0,,32.7042796,-117.1239576
390936,"July 18, 2015",California,Santa Paula,Ojai-Santa Paula St,0,4,0,1,1,,34.35768280000001,-119.0605558
376702,"July 18, 2015",Oregon,Salem,1550 Weston Ct NE,1,4,0,0,0,,44.9488481,-122.9911735
377423,"July 18, 2015",Louisiana,Baton Rouge,300 block of Brice Street,2,2,0,0,0,,30.4456985,-91.17099619999999
376211,"July 17, 2015",Illinois,Chicago,4400 block of W. Maypole,0,5,0,0,0,,41.8848484,-87.7359553
376823,"July 17, 2015",District of Columbia,Washington,600 block of Edgewood St NE,1,3,0,0,0,,38.9239952,-76.99844329999999
376203,"July 17, 2015",Ohio,Cincinnati,3100 block of Sunshine Ave,0,4,0,0,0,,39.1436051,-84.5788865
375773,"July 16, 2015",Texas,Dallas,2261 Singleton Blvd,0,4,0,1,1,,32.7790861,-96.8591746
375022,"July 16, 2015",Tennessee,Chattanooga,4051 Amnicola Hwy,5,2,1,0,0,,35.09584,-85.2530288
375322,"July 15, 2015",Maryland,Baltimore,3500 block of West Garrison Boulevard,1,3,0,0,0,,39.3457359,-76.6768093
375412,"July 15, 2015",Ohio,Cleveland,700 block of Thornhill,0,7,0,0,0,,41.5376823,-81.60184319999999
374630,"July 15, 2015",South Carolina,Holly Hill,7050 Old State Rd,4,1,0,0,5,,33.3469551,-80.45000619999999
374602,"July 15, 2015",Georgia,Atlanta,500 block of Center Hill Ave NW,0,4,0,0,0,,33.7689255,-84.4639921
374965,"July 15, 2015",Michigan,Detroit,9200 block of Memorial,0,4,0,0,0,,42.3624504,-83.2114268
374292,"July 14, 2015",Missouri,Saint Louis,1100 block of Riverview,0,4,0,0,0,,38.7225143,-90.2361186
373993,"July 13, 2015",California,Norwalk,11959 162nd Street,0,4,0,0,0,,33.8845882,-118.0776588
373768,"July 13, 2015",California,Stockton,400 block of McCloud Avenue,1,4,0,0,0,,37.9708937,-121.2913581
373095,"July 12, 2015",Illinois,River Forest,116 Lathrop Ave,1,3,1,0,0,,41.88190489999999,-87.8148927
373063,"July 12, 2015",New Jersey,Jersey City,Sip and Van Wagenen avenues,0,4,0,0,0,,40.7352621,-74.06868
370187,"July 7, 2015",Ohio,Cleveland,East 162nd Street and Miles Avenue,1,3,0,0,1,,41.441112,-81.56836489999999
370474,"July 7, 2015",Maryland,Baltimore,900 block of West Fayette Street,3,1,0,0,0,,39.2901361,-76.6323956
369014,"July 5, 2015",Louisiana,Shreveport,3500 block of Hearne Ave,0,5,0,1,2,,32.4801153,-93.78039590000002
368732,"July 5, 2015",Indiana,Fort Wayne,1400 block of McCulloch Street,0,9,0,0,0,,41.0731137,-85.11799309999999
369196,"July 5, 2015",New Jersey,East Orange,200 block of S. Clinton St,1,3,0,0,0,,40.7586052,-74.2204775
369410,"July 4, 2015",Kentucky,Louisville,2500 block of West Broadway,0,4,0,0,0,,38.249087,-85.793691
368987,"July 4, 2015",Massachusetts,Pittsfield,Dewey Avenue,1,4,0,0,0,,42.454233,-73.260351
368867,"July 4, 2015",District of Columbia,Washington,2600 block of Douglass Pl SE,1,3,0,0,4,,38.8567826,-76.98918909999999
368995,"July 4, 2015",New York,Syracuse,Bellevue and Rich Street,0,4,0,0,0,,43.0333763,-76.1612452
369127,"July 4, 2015",Texas,San Antonio,1100 block of West Avenue,0,4,0,0,0,,29.4722061,-98.5258588
367780,"July 2, 2015",Indiana,Indianapolis,500 block of Lynn St,1,3,0,0,1,,39.7746957,-86.1948216
366046,"June 29, 2015",Florida,Opa Locka,13450 NW 30th Ave,0,4,0,0,0,,25.8963531,-80.2480489
367099,"June 28, 2015",Illinois,Venice,1430 Broadway,0,6,0,0,2,,38.6775706,-90.1595568
365391,"June 28, 2015",Michigan,Detroit,Gratiot and Loretto,0,5,0,0,1,,42.416036,-82.9902127
365399,"June 28, 2015",Delaware,Harrington,100 block of East St,0,6,0,0,2,,38.920987,-75.5742877
364872,"June 27, 2015",Massachusetts,Taunton,Weir Street,1,3,0,0,1,,41.8948802,-71.0910253
364789,"June 27, 2015",Michigan,Detroit,Stringham Court,0,4,0,0,0,,42.3914455,-82.9728159
364210,"June 25, 2015",Louisiana,New Orleans,2588 Martin Luther King Jr Blvd,0,4,0,0,0,,29.94439259999999,-90.0853345
363418,"June 24, 2015",New York,New York (Manhattan),2110 Madison Ave,0,4,0,0,0,,40.8107475,-73.9373054
361948,"June 22, 2015",Pennsylvania,Philadelphia,700 block of East Hilton Street,0,7,0,0,2,,39.9973792,-75.1171782
361708,"June 21, 2015",Kentucky,Lexington,726 Georgetown St,1,4,0,0,0,,38.0712039,-84.5015713
361198,"June 20, 2015",Pennsylvania,Philadelphia,4100 block of Ogden St,0,10,0,0,1,,39.9690267,-75.20602509999999
360895,"June 20, 2015",North Carolina,Morven,6066 Robinson Bridge Rd,0,4,0,0,2,,34.8638948,-80.0130418
361212,"June 20, 2015",Michigan,Detroit,Dexter and Webb,1,11,0,0,0,,42.3795284,-83.12397949999999
361014,"June 19, 2015",Rhode Island,Woonsocket,80 River Street,0,4,0,0,1,,42.0003994,-71.51772799999999
359830,"June 17, 2015",South Carolina,Charleston,110 Calhoun Street,9,0,0,0,1,,32.787494,-79.9331048
359215,"June 16, 2015",Florida,Miami Gardens,600 block of Northwest 177th Street,0,4,0,0,1,,25.9362963,-80.21082
358117,"June 15, 2015",New York,Brooklyn,673 Flatbush Avenue,0,4,0,0,0,,40.6568352,-73.95989639999999
357597,"June 14, 2015",New Jersey,Camden,2800 block of Mitchell Street,1,3,0,0,0,,39.9498762,-75.0874546
357667,"June 14, 2015",Oklahoma,Tulsa,1800 block of North Kingston,0,4,0,0,0,,36.1808714,-95.909606
357611,"June 14, 2015",Missouri,Saint Louis,1400 block of North Market Street,0,4,0,0,0,,38.6479724,-90.1961658
357732,"June 13, 2015",Georgia,Fayetteville,600 block of Highway 279,1,4,0,0,1,,33.5328677,-84.45485889999999
357590,"June 13, 2015",Oklahoma,Oklahoma City,500 block of SE 69th St,0,4,0,0,2,,35.395178,-97.5033841
357770,"June 13, 2015",Georgia,Milledgeville,451 North Flynn Street,1,3,0,0,0,,33.0801429,-83.2320991
357701,"June 13, 2015",New York,Bronx,2409 Creston Avenue,0,5,0,0,0,,40.8607278,-73.8995437
357164,"June 13, 2015",Ohio,Columbus,1623 E. Hudson Street,4,1,0,0,2,,40.0134722,-82.9663909
357220,"June 12, 2015",Florida,Allapattah,24th Avenue and 36th Street,0,4,0,0,0,,26.1724912,-80.1220594
356065,"June 11, 2015",Connecticut,Bridgeport,468 Trumbull Ave,1,8,0,0,2,,41.2206065,-73.19571669999999
355883,"June 11, 2015",Texas,Houston,3400 block of Burkett,1,3,0,0,0,,29.7282158,-95.35783389999999
355644,"June 10, 2015",California,Los Angeles,South Vermont Avenue and West 88th Street,1,3,0,0,0,,33.95793020000001,-118.2918057
355267,"June 9, 2015",Missouri,Saint Louis,North Market Street and North Spring Avenue,1,3,0,0,0,,38.6520539,-90.2256393
353854,"June 7, 2015",Montana,Deer Lodge,Boulder Creek Road,4,0,1,0,0,,46.4035617,-112.71785
353536,"June 6, 2015",New York,Buffalo,100 block of Warren Avenue,1,4,0,0,1,,42.8936291,-78.8329335
353037,"June 6, 2015",Illinois,Chicago,100 block of North Lorel Avenue,0,5,0,0,0,,41.8823164,-87.7588137
353382,"June 5, 2015",Iowa,Davenport,900 block of West 3rd St,0,5,0,0,0,,41.5223834,-90.5859248
351936,"June 3, 2015",New York,Wyandanch,Davidson Street,3,1,0,0,0,,40.7403082,-73.3625692
350182,"May 31, 2015",Georgia,Conyers,4669 Bell Road SE,2,2,1,0,0,,33.5639997,-84.0155867
350021,"May 31, 2015",Maryland,Springdale,9222 Ardwick Ardmore Road,1,3,0,0,0,,38.937582,-76.846653
349976,"May 31, 2015",Connecticut,New Haven,849 Chapel Street,0,5,0,0,1,,41.3059614,-72.9250861
349289,"May 30, 2015",California,San Diego,4200 block of Market Street,0,4,0,0,0,,32.7115006,-117.1047015
348606,"May 28, 2015",Nebraska,Omaha,84th and Q,0,4,0,0,0,,41.2053046,-96.0430919
348620,"May 28, 2015",Illinois,Chicago,6200 block of South Honore Street,0,5,0,0,0,,41.7812156,-87.67033599999999
348673,"May 28, 2015",Pennsylvania,Chester,2700 block of West 3rd Street,1,3,0,0,0,,39.8325146,-75.39019789999999
346725,"May 26, 2015",Louisiana,New Orleans,6700 block of Tara Lane,2,2,0,0,0,,30.0289543,-89.984624
346097,"May 25, 2015",Illinois,Decatur,1816 N Water,1,4,0,0,1,,39.8605287,-88.9541802
345681,"May 24, 2015",Massachusetts,Brockton,1002 Main St,0,5,0,0,1,,42.0655663,-71.0160217
345749,"May 24, 2015",Michigan,Flint,W. 12th Street and Hammerberg Road.,0,7,0,0,1,,42.9943676,-83.7045445
346320,"May 24, 2015",Alabama,Montgomery,Smiley Court,1,3,0,0,2,,32.3337602,-86.35237470000001
346179,"May 24, 2015",Missouri,Saint Louis,2700 block of Dayton,0,4,0,0,0,,38.6419317,-90.21438909999999
346202,"May 23, 2015",California,Fresno,2400 block of South 9th Street,2,2,0,0,0,,36.7141647,-119.7585401
344302,"May 20, 2015",Maryland,Baltimore,800 block of Linwood Avenue,1,3,0,0,3,,39.3002485,-76.5769576
343106,"May 18, 2015",Missouri,Kinloch,8000 block of School Way,0,4,0,0,0,,38.7449286,-90.319119
342589,"May 18, 2015",Florida,Miami,Northwest 75th Street and Northwest 16th Avenue,1,4,0,0,0,,25.8428633,-80.22430779999999
341622,"May 17, 2015",Texas,Waco,4671 S Jack Kultgen Fwy,9,18,0,0,0,,31.497032,-97.1504616
341465,"May 16, 2015",Wisconsin,Milwaukee,28th Street and Auer Avenue,0,5,0,0,3,,43.0770152,-87.9484914
341162,"May 16, 2015",New York,Rochester,188 Lewis Street,0,4,0,0,0,,43.1642071,-77.5929226
341232,"May 16, 2015",Maryland,Baltimore,1700 block of North Broadway,0,5,0,0,0,,39.3096864,-76.59530219999999
339229,"May 12, 2015",Arizona,Tucson,800 block of West Calle Medina Road,4,0,1,0,0,,32.1305542,-110.9819022
340280,"May 12, 2015",Maryland,Capitol Heights,4700 block of Pard Rd,1,4,0,0,0,,38.8712551,-76.9273968
337855,"May 10, 2015",Ohio,Cleveland,3600 block of Bosworth Rd,1,4,0,0,1,,41.4543581,-81.76482539999999
338034,"May 10, 2015",New Jersey,Jersey City,Bostwick Avenue,0,4,0,0,5,,40.7076835,-74.0811202
337767,"May 10, 2015",New Jersey,Newark,19th Avenue and South 16th Street,1,3,0,0,4,,40.7328261,-74.2093971
335903,"May 7, 2015",Ohio,Cincinnati,2300 block of Baltimore Avenue,0,4,0,0,0,,39.149722,-84.561461
336622,"May 7, 2015",Michigan,Detroit,16000 block of Cathedral Street,0,4,0,0,8,,42.36153849999999,-83.20318309999999
334681,"May 4, 2015",New York,Buffalo,100 block of Roosevelt Avenue,1,3,0,0,0,,42.9340036,-78.8098377
334033,"May 3, 2015",Indiana,South Bend,1600 block of South William Street,0,4,0,0,1,,41.65779190000001,-86.2560369
334047,"May 3, 2015",New York,Bronx,University Avenue,0,4,0,0,0,,40.8523021,-73.9136207
333576,"May 3, 2015",Ohio,Dayton,2801 Germantown Street,1,6,0,0,0,,39.7388076,-84.24023249999999
333584,"May 3, 2015",Texas,Houston,San Jacinto St and Elgin St,0,6,0,0,0,,29.740595,-95.375321
333750,"May 3, 2015",Wisconsin,Menasha,Friendship Trail,3,1,1,0,0,,44.2051083,-88.4699479
332732,"May 1, 2015",Wisconsin,Milwaukee,3700 block of 37th Street,2,3,0,0,2,,43.0845208,-87.959319
330611,"April 27, 2015",New York,Brooklyn,1365 Flatbush Ave,2,4,0,0,1,,40.6377674,-73.9525486
330750,"April 27, 2015",Arizona,Gila Bend,State Route 85,2,2,0,0,0,,32.9884155,-112.6649788
329463,"April 25, 2015",New Jersey,Trenton,Wood Street,0,4,0,0,0,,40.2217359,-74.7613763
329322,"April 25, 2015",New York,Gates,24 Hinchey Rd,1,6,0,0,1,,43.1393665,-77.6715976
326792,"April 21, 2015",Texas,Killeen,420 Gilmer St,2,3,0,0,1,,31.1241941,-97.73678129999999
325862,"April 19, 2015",Virginia,Richmond,200 block of West Hill Street,0,4,0,0,0,,37.554668,-77.4363778
327341,"April 18, 2015",Alabama,Montgomery,1800 block of Gibbs Court,0,5,0,0,0,,32.3573348,-86.3358284
325445,"April 18, 2015",Pennsylvania,Williamsport,321 Pine St,0,5,0,0,2,,41.2406678,-77.0033213
325166,"April 18, 2015",North Carolina,Lumberton,Martin Luther King Drive,1,3,0,0,0,,34.5997848,-79.0334978
325207,"April 18, 2015",North Carolina,Charlotte,Bost Street,0,4,0,0,0,,35.2256263,-80.9004446
325618,"April 18, 2015",New Jersey,Paterson,Rosa Parks Blvd and Godwin Ave,1,3,0,0,2,,40.9206839,-74.1590599
324424,"April 16, 2015",Arizona,Phoenix,4300 block of East Anderson Drive,4,0,1,0,0,,33.641836,-111.9894522
319808,"April 7, 2015",Georgia,Rome,20 Copeland Street,1,3,0,0,1,,34.2640674,-85.15948619999999
318125,"April 5, 2015",Pennsylvania,Pittsburgh,Dinwiddie Street,1,3,0,0,0,,40.4408589,-79.9806098
318221,"April 5, 2015",Kentucky,Louisville,40th and Grand Street,1,4,0,0,0,,38.2468618,-85.7663724
318297,"April 5, 2015",Indiana,Indianapolis,5000 block of Wildflower Court,0,5,0,0,1,,39.8588013,-86.2457591
318531,"April 5, 2015",Michigan,Benton Harbor,1000 block of Blossom Lane,0,4,0,0,0,,42.1155996,-86.4336139
317165,"April 3, 2015",Florida,Daytona Beach,300 block of Henry Butts Drive,0,4,0,0,2,,29.2042751,-81.027577
316795,"April 2, 2015",Maryland,Baltimore,1900 block of West Lanvale Street,0,5,0,0,0,,39.2977366,-76.6475947
314044,"March 27, 2015",Florida,Panama City Beach,5312 Thomas Drive,0,7,0,0,1,,30.1434093,-85.7550687
313304,"March 26, 2015",Texas,Amarillo,3100 block of Redwood,0,4,0,0,0,,35.2446446,-101.8238576
312119,"March 24, 2015",Indiana,Indianapolis,3100 block of N Harding St,4,0,0,0,0,,39.8111336,-86.18732159999999
311922,"March 23, 2015",Tennessee,Clarksville,900 block of Carpenter Street,1,4,0,0,0,,36.5367244,-87.3488126
311348,"March 22, 2015",New Mexico,Albuquerque,10140 Lomas NE,1,6,0,0,0,,35.0871542,-106.5350505
310573,"March 21, 2015",Florida,Tampa,1802 Seventh Ave,0,4,0,0,1,,27.960427,-82.4390452
310356,"March 20, 2015",Oklahoma,Oklahoma City,1300 block of N Stiles Ave,0,4,0,0,0,,35.4818874,-97.50568829999999
468151,"March 20, 2015",Texas,Lancaster,1500 block of Reynolds Street,1,5,0,0,0,,32.6114961,-96.7889962
308839,"March 18, 2015",New Jersey,Newark,200 block of Clinton Place,1,3,0,0,0,,40.7159206,-74.2129094
308728,"March 18, 2015",Arizona,Mesa,1504 West Main Street,1,5,0,0,1,,33.4155071,-111.8636586
308687,"March 17, 2015",California,Stockton,748 N Madison St,3,4,0,0,0,,37.9598945,-121.295553
307512,"March 15, 2015",California,Compton,2700 block of West Alondra Boulevard,0,4,0,0,0,,33.8860713,-118.257085
306897,"March 14, 2015",Georgia,Atlanta,2900 block of Delmar Lane,0,5,0,0,0,,33.7549776,-84.48192639999999
308201,"March 14, 2015",California,Coachella,84000 block of Bagdad Avenue,0,4,0,0,0,,33.6745289,-116.1880023
305907,"March 13, 2015",Mississippi,Brookhaven,1097 South First St.,2,3,0,0,1,,31.5589698,-90.4447572
304238,"March 10, 2015",Georgia,Columbus,3023 Victory Drive,0,5,0,0,0,,32.4376544,-84.9596598
303659,"March 9, 2015",Illinois,Chicago,200 block of West 105th,1,3,0,0,0,,41.7034679,-87.6281841
302786,"March 8, 2015",South Carolina,Seneca,Wells Highway,1,3,0,0,0,,34.6616989,-82.9660928
491864,"March 7, 2015",Missouri,Saint Louis,3140 Olive St,0,4,0,0,1,,38.6350237,-90.22544049999999
300860,"March 4, 2015",California,San Bernardino,190 block of W Club Center Dr,3,4,0,0,0,,34.0604551,-117.285216
300660,"March 1, 2015",Florida,Orlando,4900 block of Steyr St,0,4,0,0,0,,28.4520536,-81.4441063
299344,"March 1, 2015",Michigan,Detroit,9855 Chalmers St,1,5,0,0,2,,42.4119559,-82.96935390000002
299190,"February 28, 2015",Maryland,Baltimore,4300 block of Welbourne Road,1,3,0,0,0,,39.3434432,-76.58795839999999
298122,"February 26, 2015",Missouri,Tyrone,18279 Highway H,7,1,1,0,0,,37.20260409999999,-91.8765004
588835,"February 23, 2015",Florida,Daytona Beach,Sheridan Road,0,4,0,0,1,,29.2083373,-81.0459662
296215,"February 22, 2015",Texas,Killeen,1706 Godman St.,3,1,1,0,0,,31.1204765,-97.6828968
296327,"February 22, 2015",South Carolina,Charleston,4224 Dorchester Road,0,4,0,0,1,,32.8541606,-80.0054179
296121,"February 22, 2015",Georgia,Clarkesville,281 Lower Pond Court,2,2,1,0,0,,34.6310046,-83.5977726
295871,"February 20, 2015",California,Sacramento,1417 R Street,0,4,0,0,0,,38.5699768,-121.4906935
295502,"February 17, 2015",Arkansas,Little Rock,7900 Scott Hamilton,1,3,0,0,0,,34.677415,-92.32035069999999
293883,"February 15, 2015",California,Long Beach,200 block of W. 14th Street,0,5,0,0,5,,33.7837075,-118.1937324
290626,"February 9, 2015",Florida,New Port Richey,9552 Adler St,3,1,0,0,0,,28.2964055,-82.617046
290510,"February 8, 2015",Tennessee,Friendship,251 Dupree Rd,0,6,0,0,0,,35.8471024,-89.2348485
289811,"February 7, 2015",Georgia,Douglasville,3640 Willow Tree Circle,4,2,1,0,0,,33.714038,-84.6688961
290098,"February 6, 2015",Oklahoma,Tulsa,1219 N. Sheridan Road,1,3,0,1,2,,36.1720775,-95.90407689999999
289146,"February 5, 2015",Ohio,Beachwood (Warrensville Heights),20009 Harvard Ave,3,3,0,0,1,,41.450275,-81.53843429999999
287529,"February 1, 2015",New York,Syracuse,1217 West Fayette Street,0,6,0,0,1,,43.0469671,-76.1765575
287031,"February 1, 2015",New York,New York (Manhattan),3345 Broadway,1,4,0,0,2,,40.8204613,-73.9551772
286810,"January 31, 2015",Georgia,Lagrange,113 Woodstream Trl,4,0,0,0,1,,32.9781741,-85.1414745
285549,"January 28, 2015",Georgia,Ellenwood,1600 block of Panola Rd,1,3,0,0,0,,33.6244803,-84.2306849
285123,"January 26, 2015",California,Stockton,1500 block of E. 9th Street,1,3,0,0,0,,37.9307053,-121.2654196
282956,"January 24, 2015",New York,Arverne (Queens),231-11 148th Avenue,3,1,1,0,0,,40.6557537,-73.7507047
283041,"January 24, 2015",Nebraska,Omaha,3402 Parker St,3,5,0,0,0,,41.2766684,-95.9632456
283115,"January 23, 2015",Massachusetts,Boston,954 Parker Street,0,6,0,0,0,,42.3244466,-71.10068710000002
281663,"January 20, 2015",Tennessee,Clarksville,321 Lansinger Lane,1,3,0,0,1,,36.6135698,-87.4190582
281039,"January 19, 2015",Texas,San Antonio,1000 block of Gibbs St.,2,5,0,0,3,,29.4214305,-98.4608085
278927,"January 13, 2015",Illinois,Rockford,700 block of Oakley Avenue,2,2,0,0,1,,42.2835028,-89.11512809999999
298773,"January 13, 2015",Virginia,Portsmouth,4100 block of Portsmouth Boulevard,0,5,0,0,0,,36.824453,-76.409478
276845,"January 11, 2015",North Carolina,Hope Mills,1900 block of Gumberry Road,2,5,0,0,3,,34.9360387,-78.86548239999999
277480,"January 11, 2015",Florida,Lakeland,7665 Chase Road,1,3,0,0,2,,28.139317,-81.981439
276766,"January 11, 2015",California,San Jose,3840 Monterey Hwy,0,5,0,0,0,,37.171426,-121.6928579
276536,"January 10, 2015",Kansas,Wichita,4859 E Harry Street,2,2,0,0,1,,37.6643147,-97.27867800000001
276459,"January 9, 2015",California,San Francisco,Laguna St and Page St,4,0,0,0,1,,37.7736745,-122.4257307
275986,"January 8, 2015",Massachusetts,Boston,104 Harrishof Street,1,3,0,0,0,,42.3166825,-71.08871959999999
275064,"January 7, 2015",Tennessee,Chattanooga,773 West Main Street,1,3,0,0,1,,35.0407045,-85.31813179999999
274867,"January 6, 2015",Florida,Miami,1300 block of NW 62nd Street,1,3,0,0,0,,25.8313381,-80.2188184
273535,"January 4, 2015",Virginia,Roanoke,3634 Shenandoah Ave NW,2,4,0,0,2,,37.2809772,-79.99851129999999
273397,"January 4, 2015",Texas,Dallas,2000 block of Ben Hur St.,3,1,0,0,1,,32.6798798,-96.61107210000002
273965,"January 2, 2015",Georgia,Savannah,500 block of W. 54th Street,1,4,0,0,1,,32.045464,-81.1092135
272016,"January 1, 2015",Tennessee,Memphis,I-240 and Poplar Ave,0,5,0,0,2,,35.1490314,-90.046189
740447,"December 31, 2016",Georgia,Lenox (El Dorado),27 Briarwood Ct,2,2,0,0,0,,31.3569872,-83.49771489999999
738749,"December 31, 2016",Texas,Houston,3704 Fannin Street,1,3,0,0,0,,29.7379961,-95.3790282
738041,"December 30, 2016",Ohio,Mansfield,3230 Possum Run Rd,0,5,0,0,0,,40.672711,-82.495751
738576,"December 30, 2016",Connecticut,Wallingford,95 S Turnpike Rd,2,3,0,0,2,,41.4493459,-72.8446871
736690,"December 28, 2016",Georgia,Columbus,2914 10th Street,1,4,0,0,0,,32.46487010000001,-84.9485971
734157,"December 25, 2016",Illinois,Chicago,8600 block of S Maryland Ave,3,4,0,0,0,,41.7383465,-87.6039182
735947,"December 25, 2016",Alabama,Ozark,858 US-231,0,4,0,0,1,,31.4497274,-85.6615777
733599,"December 25, 2016",New York,Mount Vernon,4 North 3rd Avenue,1,5,0,0,1,,40.9124279,-73.8364981
732927,"December 24, 2016",North Carolina,Madison,490 K Ford Rd,0,7,0,0,0,,35.7670367,-82.5981676
733176,"December 24, 2016",North Carolina,Wilson,2241 Banks Lane East,4,0,0,0,0,,35.7313145,-77.8730736
732263,"December 23, 2016",Alabama,Birmingham,3813 Richard Arrington Boulevard North,1,3,0,0,1,,33.5383163,-86.78253930000001
732574,"December 23, 2016",Illinois,Chicago,4900 block of W Hubbard,0,4,0,0,0,,41.888858,-87.7482313
728286,"December 17, 2016",North Carolina,Charlotte,4115 N. Tryon Street,0,4,0,0,2,,35.25798150000001,-80.7965215
727759,"December 17, 2016",Illinois,Chicago (Roseland),100 block of W 105th St,5,0,0,0,1,,41.7037533,-87.6259537
727555,"December 16, 2016",Illinois,Chicago,13th and South Kedzie,0,4,0,0,0,,41.7630163,-87.7027763
727544,"December 16, 2016",Illinois,Chicago,4300 block of South Rockwell,2,2,0,0,0,,41.8156212,-87.689528
724667,"December 12, 2016",California,Sacramento,4800 block of Myrtle Avenue,1,3,0,0,3,,38.6532371,-121.3527855
723649,"December 11, 2016",New York,Brooklyn,192 Knickerbocker Ave,0,4,0,0,0,,40.7036052,-73.9271578
723643,"December 11, 2016",Florida,Orlando (Pine Hills),4305 N Pine Hills Rd,1,4,0,0,0,,28.5959502,-81.45073660000001
723292,"December 11, 2016",Maryland,Baltimore,3916 South Hanover Street,0,5,0,0,0,,39.2349403,-76.61171139999999
725338,"December 11, 2016",North Carolina,Rocky Mount,1200 block of East Highland Ave,0,4,0,0,0,,35.9468605,-77.7797532
725323,"December 9, 2016",Texas,Channelview,15300 block of Market St,4,0,0,0,0,,29.7716559,-95.13925549999999
722452,"December 9, 2016",California,Fresno,842 Fresno Street,0,4,0,0,0,,36.7277619,-119.8034075
719128,"December 5, 2016",New Mexico,Albuquerque,1532 Stagecoach Lane,3,1,1,0,0,,35.0482237,-106.4910131
717873,"December 3, 2016",California,Los Angeles,91st Street and Western Avenue,0,6,0,0,0,,33.9545332,-118.3090347
717616,"December 2, 2016",New Jersey,Bloomfield,3 1st Ave,0,6,0,0,0,,40.7700508,-74.1888347
716001,"December 1, 2016",California,Clearlake Oaks,Pomo Rd,1,3,0,0,1,,39.0080342,-122.6656911
715101,"November 30, 2016",Maryland,Baltimore,2901 Garrison Blvd,2,4,0,0,1,,39.3207984,-76.6770815
712796,"November 28, 2016",Texas,Mission (Palmview),1840 West Palma Vista Drive,1,3,0,0,1,,26.2335891,-98.3750259
712776,"November 28, 2016",California,Wilmington,1067 McDonald Avenue,0,4,0,0,0,,33.7843652,-118.2715425
713445,"November 28, 2016",California,San Pedro,300 block of West 2nd Street,0,4,0,0,0,,33.7423788,-118.2835381
711597,"November 27, 2016",Louisiana,New Orleans,100 block of Bourbon Street,1,9,0,0,3,,29.9542063,-90.0691878
711744,"November 27, 2016",Missouri,Kansas City,Gregory and Prospect,0,7,0,0,0,,38.9980425,-94.5569108
710732,"November 26, 2016",Illinois,Chicago,8800 block of S Exchange Ave,1,5,0,0,0,,41.7353723,-87.5530761
710467,"November 25, 2016",Louisiana,New Orleans,Magnolia St and Felicity St,0,4,0,0,0,,29.9367179,-90.0781119
709370,"November 24, 2016",Kentucky,Louisville,4501 W Broadway,2,4,0,0,0,,38.257173,-85.82942589999999
709276,"November 24, 2016",New York,Albany,77 Central Ave,1,3,0,0,1,,42.65933769999999,-73.76582739999999
708777,"November 23, 2016",Mississippi,Olive Branch,928 Cross Road,0,4,0,0,1,,34.9897981,-89.7717863
708392,"November 22, 2016",Florida,Clewiston,1068 Harlem Academy Ave,1,4,0,0,3,,26.7371249,-80.95310529999999
704568,"November 18, 2016",Illinois,Chicago,5000 block of W Wabansia,0,4,0,0,0,,41.9116198,-87.7512081
703245,"November 17, 2016",Tennessee,Dyersburg,160 Longfellow,1,7,0,0,1,,36.0301617,-89.36456129999999
699605,"November 13, 2016",Florida,Jacksonville,5105 Cleveland Rd,3,2,0,0,1,,30.3649361,-81.70598629999999
699332,"November 13, 2016",Texas,San Antonio,8000 Midcrown,0,4,0,0,0,,29.5083282,-98.3800679
700232,"November 13, 2016",California,San Diego,3800 block of Marlborough Avenue,2,2,1,0,0,,32.7478034,-117.1057438
699316,"November 13, 2016",Florida,Orlando,Conley Street and South Ivey Lane,0,4,0,0,0,,28.532541,-81.43433929999999
699033,"November 12, 2016",California,Sacramento,8600 block of Ardith Drive,1,5,0,0,0,,38.4564022,-121.3841172
700363,"November 12, 2016",Missouri,Kansas City,21st St and Cleveland Ave,1,3,0,0,1,,39.1343179,-94.654215
699303,"November 12, 2016",Connecticut,Bridgeport,2500 Park Avenue,0,5,0,0,2,,41.1921746,-73.213933
699863,"November 11, 2016",Texas,Houston,7705 Channelside Street,0,4,0,0,0,,29.7172322,-95.28309259999999
698383,"November 10, 2016",Texas,Houston,6610 S Sam Houston Pkwy W,1,3,0,0,1,,29.6099706,-95.4840526
697377,"November 9, 2016",Illinois,Chicago,3400 block of W Monroe,1,3,0,0,0,,41.8795875,-87.7109897
696352,"November 9, 2016",Tennessee,Memphis,1800 block of East Brooks Road,0,4,0,0,0,,35.0609342,-90.003693
696917,"November 9, 2016",Washington,Seattle,1524 3rd Ave,0,5,0,0,1,,47.6104626,-122.3380822
693438,"November 5, 2016",Texas,San Antonio,10726 Perrin Beitel Rd,0,4,0,0,0,,29.5377244,-98.4105196
693401,"November 5, 2016",South Carolina,Myrtle Beach,803 Main St,0,5,0,0,0,,33.6935945,-78.8842844
693624,"November 5, 2016",Florida,Fort Lauderdale (Lauderhill),3135 W Broward Blvd,1,3,0,0,0,,26.1217116,-80.18699409999999
693374,"November 5, 2016",California,Oakland,420 14th Street,0,6,0,2,2,,37.8042354,-122.2703069
693290,"November 5, 2016",Illinois,Chicago,4800 block of North Winthrop,0,5,0,0,0,,41.969429,-87.657896
693307,"November 4, 2016",Pennsylvania,Philadelphia,5451 Springfield Ave,0,4,0,0,0,,39.9400032,-75.22552929999999
692020,"November 3, 2016",Illinois,Chicago,8000 block of S Shore Dr,2,2,0,0,1,,41.7501635,-87.5480201
692315,"November 3, 2016",New Jersey,Orange,234 Cleveland Street,2,2,0,0,1,,40.7786386,-74.2269986
692025,"November 2, 2016",Arkansas,Little Rock,2111 Bragg Street,1,4,0,0,2,,34.7280387,-92.26600859999999
691113,"November 1, 2016",Tennessee,Memphis,5200 block of Zodiac Rd,1,5,0,0,1,,35.0057497,-89.959256
689518,"October 31, 2016",Louisiana,Shreveport,700 Block of W 68th St,0,4,0,0,0,,32.4435908,-93.76964249999999
688979,"October 30, 2016",Ohio,Toledo,742 Junction Ave,0,4,0,0,0,,41.6480991,-83.5768683
689020,"October 30, 2016",Maryland,Capitol Heights,6862 Walker Mill Rd,3,3,0,0,1,,38.8717418,-76.8926015
688841,"October 30, 2016",New York,New York (Manhattan),135 Ridge Street,0,4,0,0,0,,40.7195832,-73.9830138
688577,"October 30, 2016",New York,Newburgh,119 First Street,2,5,0,0,3,,41.5020529,-74.0104554
688592,"October 30, 2016",Texas,San Antonio,2900 block of Aspen Meadow,0,5,0,0,1,,29.4646233,-98.6069065
689009,"October 29, 2016",California,Los Angeles,1600 block of Century Boulevard,0,5,0,0,0,,33.9456577,-118.2462644
687940,"October 29, 2016",Ohio,Dayton,2010 Cornell Ridge Dr,1,3,0,0,0,,39.7769582,-84.2515045
688210,"October 29, 2016",California,Riverside,3500 block of Madison Street,0,4,0,0,0,,33.9365919,-117.4055706
688429,"October 28, 2016",Mississippi,Jackson,200 block of Lorenz Blvd,0,6,0,0,1,,32.3336947,-90.1820608
687375,"October 28, 2016",Florida,Miami Gardens,Northwest 173rd Terrace and 27th Avenue,0,4,0,0,0,,25.9321739,-80.24589209999999
686312,"October 27, 2016",Georgia,Jackson,600 block of Moccasin Gap Road,4,0,0,0,2,,33.38397140000001,-83.9910908
685379,"October 25, 2016",Ohio,Dayton,3300 block of Riverside Dr,1,3,0,0,2,,39.7589478,-84.1916069
684130,"October 25, 2016",Virginia,Roanoke,830 Campbell Avenue Southeast,1,3,1,0,0,,37.275096,-79.92986130000001
683142,"October 23, 2016",Oklahoma,Wellston,Highway 66 and N 3310 Rd,1,4,1,0,1,,36.1450958,-96.0023638
682298,"October 22, 2016",California,Oakland,77th and Bancroft Avenues,0,7,0,0,0,,40.773369,-96.6157165
679290,"October 18, 2016",California,San Francisco,325 La Grande Ave,0,4,0,0,2,,37.7194881,-122.425285
678438,"October 17, 2016",Illinois,Chicago (Englewood),6700 block of South Winchester,1,4,0,0,0,,41.7718518,-87.6727916
677293,"October 15, 2016",Alabama,Mobile,1800 block of St Stephens Road,0,5,0,0,0,,30.7030073,-88.07869600000001
676686,"October 15, 2016",Illinois,Rockford,7801 East State St,1,5,0,0,0,,42.2699348,-88.96278009999999
676663,"October 15, 2016",California,Los Angeles,2918 Rimpau Blvd,4,11,0,0,1,,34.027166,-118.3508056
676376,"October 14, 2016",Illinois,Chicago,3300 block of W Maypole Ave,1,6,0,0,0,,41.8838982,-87.70852839999999
675993,"October 13, 2016",Illinois,Chicago,2700 block of West Lexington,0,4,0,0,0,,41.872265,-87.69375699999999
672203,"October 9, 2016",Michigan,Grand Rapids,1850 28th Street SE,1,8,0,0,1,,42.91211149999999,-85.62301
672217,"October 9, 2016",California,Sacramento,1696 Arden Way,1,3,0,0,0,,38.5979369,-121.4276274
671717,"October 8, 2016",New York,Brooklyn,7301 3rd Ave,0,4,0,0,1,,40.6326986,-74.0270516
669777,"October 4, 2016",Louisiana,New Orleans,3727 Ulloa Street,3,2,0,0,0,,29.96728969999999,-90.1019017
668407,"October 3, 2016",Minnesota,Minneapolis,Fourth St and Hennepin Ave,0,4,0,0,1,,44.9804497,-93.2713466
667984,"October 2, 2016",Texas,San Antonio,2600 South Flores Street,1,4,0,0,0,,29.3985719,-98.5040136
668279,"October 1, 2016",Illinois,Pembroke Township,S 17250 East Rd,4,0,0,0,2,,41.026321,-87.537302
668352,"October 1, 2016",California,Fresno,3200 block of East Clay Avenue,0,4,0,0,0,,36.7565962,-119.7710799
665995,"September 29, 2016",California,San Francisco,400 block of Ellis St,1,3,0,0,1,,37.7849922,-122.4126946
663624,"September 26, 2016",North Carolina,Winston Salem (Winston-salem),100 block of 5 Royales Dr,0,4,0,0,1,,36.1144664,-80.2453095
663789,"September 26, 2016",Texas,Humble,21219 Grand Linden Ct,0,4,0,0,1,,30.0216305,-95.3123665
663106,"September 26, 2016",Texas,Houston,5450 Weslayan St,0,6,1,0,0,,29.7235827,-95.4421156
662548,"September 25, 2016",Illinois,Champaign,300 block of E. Green St,1,3,0,0,1,,40.110245,-88.2353849
662342,"September 24, 2016",Maryland,Baltimore,Greenmount Ave and Preston St,0,8,0,0,0,,39.3048292,-76.60819359999999
661703,"September 23, 2016",Washington,Burlington,201 Cascade Mall Dr,5,0,0,0,1,,48.4626749,-122.3363932
657854,"September 18, 2016",Pennsylvania,Philadelphia,3001 Castor Avenue,0,4,0,0,0,,39.9854753,-75.0858793
658226,"September 18, 2016",Pennsylvania,Pittsburgh,1700 block of Brighton Pl,0,4,0,0,0,,40.4583982,-80.0171113
657863,"September 18, 2016",Virginia,Lynchburg,421 Rivermont Ave,1,3,0,0,0,,37.4215922,-79.1497808
657634,"September 17, 2016",District of Columbia,Washington,2600 block of Birney Pl SE,2,7,0,0,0,,38.85821809999999,-76.9963952
659289,"September 17, 2016",Florida,Miami,20582 SW 119th Ave,0,6,0,0,3,,25.5755458,-80.3853704
657136,"September 17, 2016",Florida,Orlando,3918 Columbia St,1,6,0,0,0,,28.526767,-81.424421
657151,"September 17, 2016",Indiana,Indianapolis,2016 West 76th Street,2,2,0,0,0,,39.8909716,-86.1977301
656991,"September 16, 2016",California,Los Angeles (Hollywood),555 N Heliotrope Dr,2,2,0,0,0,,34.080651,-118.29565
657023,"September 16, 2016",Pennsylvania,Philadelphia,5100 block of Sansom St,1,5,1,0,0,,39.9574754,-75.22338309999999
655512,"September 14, 2016",Texas,Humble,16000 block of Saybrook,1,3,0,0,0,,29.95855989999999,-95.3022957
654087,"September 13, 2016",Indiana,Fort Wayne,1723 E Wayne St,3,2,0,0,0,,41.08034079999999,-85.1149066
653077,"September 11, 2016",Louisiana,New Orleans,2349 S Claiborne Ave,1,5,0,0,0,,29.9446828,-90.091415
652584,"September 11, 2016",Missouri,Kansas City,500 block of Westport Rd,0,6,0,0,2,,39.0529043,-94.591684
652561,"September 11, 2016",Michigan,Saginaw,2207 Pierce Road,0,5,0,0,0,,43.5075805,-83.95974919999999
652606,"September 11, 2016",North Carolina,New Bern,1100 block of Highway 70,0,5,0,0,0,,35.0799924,-77.029764
652642,"September 11, 2016",Indiana,Fort Wayne,3006 Holton Avenue,3,1,0,0,1,,41.0574056,-85.1187719
652759,"September 11, 2016",New Jersey,Jersey City,87 Van Wagenen Ave,1,3,0,0,1,,40.7333028,-74.0702178
652175,"September 10, 2016",Florida,Miami,3451 Northwest 36 Street,1,3,0,0,1,,25.8089645,-80.2523077
651957,"September 8, 2016",Texas,Del Valle,8330 Linden Rd,4,0,0,0,0,,30.13486739999999,-97.5889962
651434,"September 8, 2016",Arkansas,Hot Springs National Park (Hot Springs),300 block of Lacey St,1,4,0,0,2,,34.4988521,-93.07546719999999
648884,"September 5, 2016",Illinois,Chicago,2700 block of W Lexington Ave,2,3,0,0,0,,41.872265,-87.69375699999999
648490,"September 5, 2016",Pennsylvania,Reading,600 block of Moss Street,0,4,0,0,0,,40.3444864,-75.9189231
647865,"September 4, 2016",Virginia,Roanoke,1020 Orange Ave NE,1,10,0,0,0,,37.2837898,-79.9227411
646995,"September 3, 2016",North Carolina,Wilmington,600 block of North 30th St,1,3,0,0,0,,34.2461241,-77.90691079999999
646855,"September 3, 2016",Illinois,Chicago,100 block of North Seeley Avenue,0,4,0,0,0,,41.8839925,-87.6773418
644723,"August 30, 2016",Georgia,Atlanta,400 Merritts Avenue NE,0,4,0,0,0,,33.7685725,-84.3762967
643824,"August 30, 2016",Illinois,Chicago (Englewood),6800 block of South Ashland,0,4,0,0,0,,41.7699836,-87.6642499
641732,"August 29, 2016",New Jersey,Egg Harbor City,907 White Horse Pike,0,4,1,2,3,,39.5265545,-74.6437792
641419,"August 28, 2016",Texas,Lubbock,2200 block of 17th St,0,6,0,0,0,,33.5798821,-101.8641134
640677,"August 28, 2016",New York,Bronx,514 E 156th St,0,4,0,0,0,,40.819209,-73.9112157
640689,"August 28, 2016",Missouri,Saint Louis,S Grand Blvd and Montana St,2,2,0,0,0,,38.58376390000001,-90.2447442
640861,"August 28, 2016",Alabama,Dadeville,512 E Columbus St,0,5,0,0,0,,32.8298148,-85.7570758
640500,"August 27, 2016",Alabama,Bessemer (Brighton),3810 7th Ave,1,6,0,0,3,,33.4411203,-86.9503723
640203,"August 27, 2016",Florida,Miami,1900 block of NW 83rd Terr,2,4,0,0,0,,25.8505492,-80.2298903
640901,"August 25, 2016",New Jersey,Bridgeton,Marion Street,0,5,0,0,0,,39.4318275,-75.2289147
634889,"August 21, 2016",Massachusetts,Boston,Westview and Stratton Street,0,4,0,0,0,,42.2892597,-71.0866027
634787,"August 21, 2016",Connecticut,Bridgeport,19 Plymouth St,0,13,0,0,0,,41.19829379999999,-73.1755427
634238,"August 20, 2016",Connecticut,Hamden,903 Dixwell Ave,0,4,0,0,1,,41.3377926,-72.9349372
634731,"August 20, 2016",Washington,Tacoma,900 block of Pacific Avenue,0,5,0,0,0,,47.2554451,-122.4391056
634819,"August 20, 2016",Alabama,Citronelle,Jim Platt Road,5,0,0,0,1,,31.049996,-88.308808
632747,"August 18, 2016",Connecticut,Waterbury,402 E Main Street,0,4,0,0,0,,41.5541675,-73.0339055
632753,"August 17, 2016",California,Oakland,Mandela Parkway,0,4,0,0,0,,37.8155356,-122.2896138
630007,"August 14, 2016",Virginia,Norfolk,1600 block of Selden Avenue,0,4,0,0,0,,36.8273927,-76.2678138
629415,"August 14, 2016",Minnesota,Minneapolis,1717 Plymouth Ave N,0,5,0,0,0,,44.9912768,-93.3026034
629663,"August 13, 2016",California,Los Angeles,6300 block of 11th Avenue,0,4,0,0,0,,33.9827939,-118.3291441
628570,"August 13, 2016",Wisconsin,Milwaukee,4001 West Fond Du Lac Ave,2,2,0,0,0,,43.0795821,-87.9635715
628623,"August 13, 2016",New York,Richmond Hill,Jamaica Ave and 105th St,0,4,0,0,2,,40.6952254,-73.8419888
628635,"August 13, 2016",Missouri,Joplin,1800 Connecticut Ave,0,4,0,0,1,,37.0713043,-94.4942593
628178,"August 12, 2016",Florida,Jacksonville,100 block of West 38th Street,1,3,0,0,1,,30.3678264,-81.6548497
627519,"August 12, 2016",Texas,Dallas,10921 Estate Ln,1,3,0,0,1,,32.882557,-96.69685559999999
627757,"August 11, 2016",Pennsylvania,Philadelphia,500 block of E Ashmead St,0,4,0,0,0,,40.0373116,-75.1606327
626153,"August 10, 2016",Illinois,Evanston,Foster Street and Jackson Avenue,0,4,0,0,0,,42.0539436,-87.6928551
626960,"August 10, 2016",California,Sacramento,4000 Green Tree Drive,1,3,0,0,0,,38.4979742,-121.4598354
624273,"August 8, 2016",Florida,Jacksonville,1214 Labelle St,0,7,0,0,0,,30.3017811,-81.7322801
625735,"August 8, 2016",New Mexico,Albuquerque,341 General Marshall Street NE,2,2,0,0,3,,35.0799055,-106.5495392
624156,"August 7, 2016",California,Los Angeles,5925 South Figueroa Street,1,3,0,0,0,,33.98670329999999,-118.2830158
623523,"August 7, 2016",Colorado,Arvada,5400 block of Sheridan Boulevard,2,2,0,0,2,,39.7950532,-105.051472
624046,"August 7, 2016",Mississippi,Vicksburg,4460 Clay St,1,3,0,0,3,,32.3436178,-90.8296421
623439,"August 7, 2016",Illinois,Chicago,100 block of South Springfield,0,4,0,0,0,,41.879795,-87.7231904
623195,"August 6, 2016",Pennsylvania,Reading (Sinking Spring),51 Winding Brook Drive,4,0,1,0,0,,40.33177939999999,-76.02430319999999
624057,"August 5, 2016",Michigan,Pontiac,70 block of Thorpe Street,1,3,0,0,2,,42.6377207,-83.31135870000001
622500,"August 5, 2016",California,Perris,21600 block of Rider St,2,2,0,0,0,,33.8304307,-117.2853752
621232,"August 4, 2016",Tennessee,Memphis,Ayers Street and Griffith Avenue,0,4,0,0,0,,35.1495343,-90.0489801
620247,"August 3, 2016",Georgia,Decatur,4110 Glenwood Road,1,3,0,0,0,,33.7382681,-84.2502281
619708,"August 2, 2016",Florida,Hollywood (West Park),5700 block of Hallandale Beach Blvd,0,4,0,0,0,,25.984201,-80.2003543
619408,"August 1, 2016",Indiana,Evansville,South Bedford Avenue,0,4,0,0,1,,37.964172,-87.5497762
617789,"July 31, 2016",Florida,Miami,Southwest 203rd Terrace and 115th Avenue,3,1,0,0,1,,25.5776138,-80.3789266
617607,"July 31, 2016",Texas,Austin,208 E 6th St,1,4,0,0,1,,30.2678593,-97.7409756
617712,"July 30, 2016",Missouri,Saint Louis,5000 block of Kensington Ave,0,5,0,0,0,,38.6536541,-90.263522
616948,"July 30, 2016",Washington,Mukilteo,10009 Chennault Beach,3,1,0,0,1,,47.90090439999999,-122.3232127
618321,"July 30, 2016",Georgia,Townsend (Eulonia),14699 Highway 17,0,5,0,0,0,,31.5169568,-81.4351126
617334,"July 29, 2016",Georgia,Athens,Trail Creek St,0,7,0,0,1,,33.9666517,-83.3586735
615109,"July 28, 2016",New York,Elmira,303 College Ave,0,5,0,0,1,,42.0896339,-76.81057779999999
615328,"July 28, 2016",Maryland,Baltimore,Greenmount Avenue,0,4,0,0,0,,39.3189115,-76.6094685
615024,"July 28, 2016",Illinois,Chicago,800 block of West 50th Place,2,2,0,0,0,,41.8025001,-87.64538
611479,"July 25, 2016",Florida,Fort Myers,3580 Evans Ave,2,18,0,1,6,,26.6112179,-81.8606021
610584,"July 24, 2016",Ohio,Hamilton,1555 Main St,1,7,0,0,4,,39.4284288,-84.5993566
610756,"July 23, 2016",South Carolina,North Charleston,3630 Ashley Phosphate Road,0,4,0,0,0,,32.9255893,-80.0846964
610093,"July 23, 2016",Ohio,Cincinnati,3400 block of Beekman St,2,2,0,0,0,,39.1491129,-84.55115649999999
613805,"July 23, 2016",New York,Brooklyn,Fountain Avenue,0,4,0,0,0,,40.6660682,-73.8712647
610379,"July 23, 2016",Texas,Bastrop,202 Childers Drive,3,1,1,0,0,,30.1030458,-97.32907469999999
610402,"July 22, 2016",Illinois,Kankakee,300 block of North Wildwood Avenue,0,5,0,0,0,,41.1219016,-87.8535311
609402,"July 21, 2016",Illinois,Chicago,4400 block of South Leamington,0,5,0,0,0,,41.8132437,-87.7522678
608787,"July 20, 2016",California,Fresno,5100 block of E Hedges Ave,0,4,0,0,0,,36.7593394,-119.7206307
607265,"July 19, 2016",Arkansas,West Memphis,13th Street and Tyler Avenue,0,4,0,0,0,,35.144081,-90.1889695
605367,"July 17, 2016",Michigan,Detroit,Grand River and McGraw avenue,0,4,0,0,0,,42.3533768,-83.10091179999999
605475,"July 17, 2016",Texas,Houston,Tidwell Rd and Homestead Rd,1,3,0,0,0,,29.8484347,-95.3021158
604762,"July 17, 2016",Louisiana,Baton Rouge,9611 Airline Hwy,4,2,1,0,0,,30.4338107,-91.0816328
604459,"July 16, 2016",Texas,Dallas,6300 block of Benavides Drive,0,5,0,0,0,,32.7154392,-96.7140962
604275,"July 16, 2016",Ohio,Cleveland,5000 block of Euclid Avenue,0,5,0,0,0,,41.50338199999999,-81.6541697
604233,"July 16, 2016",California,Bakersfield,621 Stephens Dr,1,14,0,0,0,,35.34784,-119.0359117
605005,"July 16, 2016",California,San Bernardino,1200 block of West 25th Street,0,4,0,0,0,,34.1388609,-117.3102441
604175,"July 16, 2016",Tennessee,Clarksville,1348 College Street,0,6,0,0,0,,36.5408269,-87.3363095
604207,"July 15, 2016",Washington,Woodland,4006 NW 417th Street,3,1,0,0,1,,45.923101,-122.7124754
603475,"July 14, 2016",Texas,Crosby,400 block of Pecan Avenue,3,1,0,0,0,,29.8723656,-95.0662469
603733,"July 14, 2016",California,Oakland,1600 block of 7th Street,0,4,0,0,0,,37.8062786,-122.2982278
603738,"July 14, 2016",Ohio,Akron,900 block of Moeller Avenue,1,3,0,0,0,,41.0692076,-81.54493269999999
602810,"July 13, 2016",Georgia,Warner Robins,105 Magnolia Avenue,0,5,0,0,0,,32.6437527,-83.61584409999999
602765,"July 13, 2016",Missouri,Saint Louis,3000 block of Miami St,2,2,0,0,1,,38.5905382,-90.23439669999999
600798,"July 11, 2016",Maryland,Baltimore,1800 block of W. North Avenue,0,5,0,0,0,,39.3101362,-76.6465845
601119,"July 11, 2016",Michigan,Jackson,500 block of Summit Avenue,0,4,0,0,0,,42.2466072,-84.3880416
600398,"July 11, 2016",Michigan,Saint Joseph,811 Port St,2,2,1,0,0,,42.1101465,-86.4773464
601512,"July 11, 2016",District of Columbia,Washington,5100 block of Call Pl SE,0,4,0,0,0,,38.8844837,-76.9283548
597366,"July 7, 2016",Louisiana,Baton Rouge,2136 North Lobdell Avenue,0,4,0,0,0,,30.4772009,-91.2495222
597756,"July 7, 2016",Texas,Dallas,800 Main St,5,9,0,0,0,,32.7789945,-96.8046744
597176,"July 7, 2016",Tennessee,Bristol,536 Volunteer Pkwy,1,3,0,1,1,,36.5871657,-82.186134
595557,"July 5, 2016",California,Los Angeles,56th Street and Naomi Avenue,0,4,0,0,0,,33.9920695,-118.2546955
595166,"July 4, 2016",New York,Brooklyn,419 Chauncey St,0,7,0,0,1,,40.6819634,-73.9177315
595069,"July 4, 2016",Texas,Houston,1312 Robin,3,2,0,0,1,,29.756515,-95.3807528
595048,"July 4, 2016",Pennsylvania,Pittsburgh,Seventh  Ave and Liberty Ave,0,4,0,0,1,,40.4553158,-79.9763512
595279,"July 4, 2016",Illinois,Chicago (Englewood),5500 block of South Hermitage Avenue,0,4,0,0,0,,41.7936266,-87.6682393
596159,"July 4, 2016",Ohio,Cleveland,1400 block of W. 107 Street,0,4,0,0,0,,41.4817433,-81.76147859999999
595482,"July 4, 2016",Arizona,Phoenix,4000 block of West Southern Avenue,2,6,0,0,0,,33.3923649,-112.1456793
594051,"July 3, 2016",Louisiana,Monroe,401 Lea Joyner Memorial Expy,2,3,0,0,1,,32.5026161,-92.1070991
594480,"July 3, 2016",Tennessee,Chattanooga,2300 block of Daisy Street,0,4,0,0,0,,35.0656952,-85.251717
592724,"June 30, 2016",Illinois,Chicago,9500 block of South Loomis Street,1,4,0,0,0,,41.72107949999999,-87.65797380000001
592207,"June 29, 2016",Nevada,Las Vegas,6100 block of West Lake Mead Boulevard,4,0,1,0,0,,36.19577990000001,-115.2239753
591975,"June 28, 2016",California,Los Angeles,13800 block of S Avalon Boulevard,1,3,0,0,0,,33.9064141,-118.26532
591294,"June 28, 2016",Illinois,Chicago,1600 block of South Christiana,0,4,0,0,0,,41.8590628,-87.709101
589488,"June 27, 2016",Oregon,Woodburn,13436 Killiam Loop NE,3,1,0,0,1,,45.1478739,-122.7842785
590233,"June 26, 2016",South Carolina,Bennettsville,Highway 38 N,0,4,0,0,0,,34.6279789,-79.7019911
589159,"June 26, 2016",North Carolina,Charlotte,2240 Camp Greene St,0,5,0,0,1,,35.2246337,-80.88498570000002
588867,"June 26, 2016",Georgia,Atlanta,1500 block of Moreland Avenue SE,1,4,0,0,0,,33.7113373,-84.34941769999999
589165,"June 26, 2016",Texas,Houston,6000 block of Elm Street,1,3,0,0,0,,29.7127801,-95.4869794
588918,"June 26, 2016",Texas,Corpus Christi,Baldwin Blvd  and Lamar,0,4,0,0,1,,27.7741197,-97.4213592
587755,"June 25, 2016",Texas,Fort Worth,2466 East Lancaster Avenue,2,5,0,0,1,,32.74439770000001,-97.29161210000001
589470,"June 25, 2016",Virginia,Norfolk,700 block of Craig Street,0,4,0,0,4,,36.8282,-76.2786519
587983,"June 25, 2016",Illinois,Chicago,1400 block of W. 114th Place,0,4,0,0,0,,41.6860066,-87.6569397
589046,"June 24, 2016",Kansas,Kansas City,N. 3rd and Walker,0,4,0,0,0,,38.8672339,-99.0759271
587735,"June 24, 2016",Connecticut,Hartford,Brook and Winter Street,0,5,0,0,0,,41.7789356,-72.6819083
587769,"June 24, 2016",Maryland,District Heights,3100 block of Orleans Ave,3,2,0,0,1,,38.8465443,-76.8764628
586122,"June 22, 2016",Georgia,Stone Mountain,Lancashire Cir and Central Dr,1,3,0,0,0,,33.8115835,-84.1881721
585821,"June 22, 2016",Washington,Olympia,500 block of Dutterow Road SE,3,1,0,0,2,,47.0378741,-122.9006951
586058,"June 22, 2016",Illinois,Chicago,3100 block of West Warren,0,4,0,0,0,,41.8821151,-87.7038192
586044,"June 21, 2016",New Jersey,Willingboro,Mosshill Lane,0,4,0,0,0,,40.0310649,-74.8924396
585615,"June 21, 2016",Kentucky,Louisville,2802 Rodman Street,2,2,0,0,1,,38.2088639,-85.7701513
583631,"June 19, 2016",Virginia,Roanoke,2328 Melrose Avenue,0,4,0,0,0,,37.2859609,-79.9750796
583537,"June 18, 2016",Georgia,Waycross,2625 Arnold Ct,2,2,0,0,0,,31.220116,-82.363423
583584,"June 18, 2016",Virginia,Exmore,Frederick Douglass Rd,1,3,0,0,1,,37.5325885,-75.8319854
583362,"June 18, 2016",Illinois,Chicago,East 79th Street and South Escanaba Avenue,0,4,0,0,0,,41.7518886,-87.55408129999999
580791,"June 14, 2016",California,Oakland,1301 Franklin St,1,3,0,0,0,,37.8033655,-122.2704495
580848,"June 14, 2016",Delaware,Wilmington,South Van Buren and Elm streets,0,4,0,0,0,,39.7407893,-75.56457019999999
579517,"June 13, 2016",California,Fresno,East El Monte Way and Recreation Avenue,0,4,0,0,0,,36.7349771,-119.7387116
579786,"June 13, 2016",New York,Brooklyn,Avenue D and E. 57th,0,5,0,0,1,,40.6427579,-73.9226089
580279,"June 13, 2016",Illinois,Chicago,3200 block of West Congress,0,5,0,0,0,,41.8749104,-87.70595139999999
577157,"June 12, 2016",Florida,Orlando,1912 S Orange Ave,49,53,1,0,0,,28.5196118,-81.37684589999999
578238,"June 11, 2016",Minnesota,Webster,4000 block of Elmore Avenue,0,4,0,0,0,,44.5297826,-93.37284989999999
576774,"June 11, 2016",North Carolina,Charlotte,4000 block of Collegiate Avenue,1,3,0,0,0,,35.3245682,-80.7104748
577938,"June 11, 2016",California,Stockton,Alvarado Avenue,1,3,0,0,0,,37.9878651,-121.291351
577574,"June 11, 2016",New Mexico,Roswell,2300 block of Davis Ave,5,0,0,0,1,,33.419816,-104.518465
577073,"June 11, 2016",California,Panorama City,8500 block of Cedros Avenue,2,2,1,0,0,,34.2247538,-118.4535709
575607,"June 9, 2016",Florida,Fort Walton Beach,Landview Drive,0,4,0,0,3,,30.4620469,-86.64765
574850,"June 8, 2016",District of Columbia,Washington,1300 North Capitol St NW,0,4,0,0,2,,38.9074879,-77.0093247
574753,"June 8, 2016",Massachusetts,Boston,66 Washington St,1,3,0,0,3,,42.2265107,-71.1863229
573327,"June 6, 2016",California,Visalia,3360 S Fairway St,0,4,0,0,0,,36.3004457,-119.3103758
572766,"June 5, 2016",Arizona,Phoenix,8152 N Black Canyon Hwy,2,3,0,1,0,,33.5563834,-112.1139694
575061,"June 5, 2016",Minnesota,Minneapolis,8th and Humboldt Avenue N.,0,4,0,0,0,,44.9846017,-93.2981954
572696,"June 5, 2016",Florida,Cape Coral,2600 block of Skyline Boulevard S,2,3,1,0,0,,26.6035305,-81.99094079999999
572513,"June 5, 2016",New York,Brooklyn,Mermaid Ave and 16th St.,0,4,0,0,0,,40.5767501,-73.98371809999999
571859,"June 4, 2016",Colorado,Denver,3600 block of Hudson Street,3,1,0,0,3,,39.7674421,-104.9234581
569225,"May 31, 2016",Illinois,Chicago,3300 block of West Huron Street,0,4,0,0,0,,41.893707,-87.708945
569189,"May 31, 2016",Indiana,Fort Wayne,6600 block of Pawawna Drive,0,4,0,0,0,,41.1059598,-85.0571391
568528,"May 30, 2016",Maryland,Baltimore,500 block of East 43rd Street,0,5,0,0,0,,39.3412179,-76.6090763
568745,"May 30, 2016",California,Sacramento,3900 block of 44th,0,5,0,0,0,,38.5394663,-121.4554447
567788,"May 29, 2016",Nevada,Las Vegas,200 block of N 3rd St,0,4,0,0,2,,36.1720403,-115.1413431
567673,"May 29, 2016",New Jersey,Trenton,600 block of Martin Luther King Jr. Boulevard,0,6,0,0,0,,40.2298219,-74.76321089999999
567494,"May 29, 2016",Indiana,Indianapolis,300 block of South Meridian Street,0,4,0,0,0,,39.7625906,-86.1600739
567614,"May 29, 2016",Texas,Houston,13210 Memorial Dr,1,6,1,0,0,,29.7730276,-95.57414930000002
564470,"May 23, 2016",New Jersey,Newark,102 Isabella Avenue,0,5,0,0,0,,40.7414656,-74.2209551
563829,"May 22, 2016",Louisiana,New Orleans,8639 Apple St,0,4,0,0,0,,29.9616016,-90.12374319999999
563514,"May 22, 2016",California,Stockton,Poplar and Sutter Streets,1,3,0,0,0,,37.9723616,-121.2919699
563751,"May 22, 2016",Tennessee,Nashville,100 block of Rains Avenue,0,4,0,0,0,,36.1401621,-86.763815
563630,"May 21, 2016",Georgia,Jackson,Levi Barnes Road,1,3,0,0,0,,33.2598338,-84.0273833
561912,"May 18, 2016",Indiana,Indianapolis,34th Street and North Keystone Avenue,0,4,0,0,0,,39.8180988,-86.1216714
560782,"May 17, 2016",South Carolina,Ravenel,5360 Savannah Highway,3,1,0,0,1,,32.7854089,-80.2032158
565244,"May 15, 2016",Georgia,Moultrie,Rossman Dairy Road,5,0,0,0,1,,31.2121534,-83.8517762
559194,"May 15, 2016",Indiana,Evansville,420 North Garvin Street,0,4,0,0,0,,37.9816838,-87.5568512
559042,"May 14, 2016",Georgia,Atlanta,Cordova and Peoples Street,0,5,0,0,0,,33.7386353,-84.4204935
558796,"May 14, 2016",West Virginia,Charleston,2337 Washington St W,1,3,0,0,3,,38.3768754,-81.67598799999999
557589,"May 11, 2016",Alabama,Birmingham,1400 block of 21st St N,1,4,0,0,1,,33.5312469,-86.8142532
557479,"May 11, 2016",Illinois,Chicago,7100 block of South State Street,0,5,0,0,0,,41.76385010000001,-87.6249634
555126,"May 8, 2016",Texas,Austin,8600 block of North Lamar,1,3,0,0,1,,30.3546532,-97.7046316
555873,"May 6, 2016",Michigan,Detroit,12300 block of Gratiot,1,4,0,0,0,,42.415994,-82.98973099999999
555886,"May 6, 2016",Alabama,Montgomery,1300 block of Clay Street,1,3,0,0,0,,32.3757177,-86.3332762
554133,"May 6, 2016",Maryland,Bethesda,7101 Democracy Blvd,3,3,0,0,1,,39.0241378,-77.1459998
553803,"May 5, 2016",Louisiana,Shreveport,300 block of North Thomas Drive,2,6,0,0,0,,32.5388509,-93.7634753
554027,"May 5, 2016",Florida,Miami,2108 NW 19th Terrace,1,3,0,0,0,,25.7933523,-80.22981419999999
553570,"May 4, 2016",Minnesota,Minneapolis,16th Avenue North and Newton Avenue North,1,7,0,0,0,,45.0150267,-93.3057267
551053,"May 1, 2016",Tennessee,Murfreesboro,1955 Old Castle Drive,0,5,0,0,0,,35.82195420000001,-86.3461063
550619,"April 29, 2016",California,Oakland,3200 block of San Pablo Avenue,0,5,0,0,0,,37.8239227,-122.2778079
550445,"April 29, 2016",Missouri,Saint Louis (Ferguson),400 block of N Dade Ave,0,4,0,0,0,,38.7509247,-90.3150695
549507,"April 27, 2016",Louisiana,Baton Rouge,4300  Block of Kerrit Dr,2,2,0,0,0,,30.4903259,-91.0871866
549071,"April 27, 2016",Mississippi,Kilmichael,Pecan Drive,3,1,0,0,1,,33.4355942,-89.5723262
548333,"April 26, 2016",Maryland,District Heights (Forestville),6500 block of Hil-Mar Drive,1,4,0,0,0,,38.84317,-76.8954127
547639,"April 25, 2016",Tennessee,Nashville,400 Charlotte Avenue,0,4,0,0,1,,36.1661207,-86.7818085
547827,"April 25, 2016",Florida,Miami,1506 Northwest 70th Street,0,5,0,0,0,,25.8384097,-80.22339579999999
546760,"April 24, 2016",Virginia,Halifax,1055 L P Bailey Memorial Hwy,0,4,0,1,1,,36.7767067,-78.92257
547319,"April 24, 2016",Illinois,Chicago (Englewood),2000 block of West 68th Place,2,3,0,0,0,,41.7695674,-87.67390329999999
546818,"April 24, 2016",Colorado,Denver,1400 block of 14th Street,0,4,0,0,1,,39.7480103,-105.0006991
546581,"April 23, 2016",Nevada,Las Vegas,1650 South Hollywood Boulevard,1,3,0,0,1,,36.1527633,-115.0258601
546244,"April 23, 2016",Alabama,Auburn,1200 block of Lee Road 83,3,1,0,0,1,,32.5054335,-85.32811439999999
546258,"April 23, 2016",New York,New York (Manhattan),West 141st Street and Edgecombe Avenue,0,4,0,0,0,,40.8208851,-73.94516709999999
546550,"April 23, 2016",Kansas,Topeka,3732 SW Topeka Blvd,0,4,1,0,0,,38.9989888,-95.6873274
546022,"April 22, 2016",Georgia,Appling,3162 Johnson Drive,5,0,1,0,0,,33.5989475,-82.2245477
545525,"April 22, 2016",Ohio,Piketon,4077 Union Hill Rd,8,0,0,0,4,,39.0100679,-83.2392689
545501,"April 21, 2016",Maryland,Baltimore,4800 block of Frankford Avenue,0,4,0,0,1,,39.3324809,-76.54504519999999
543441,"April 19, 2016",Alabama,Blountsville,81551 US Highway 278,0,4,1,0,0,,34.1620626,-86.4744292
544080,"April 19, 2016",Illinois,Chicago,2700 block of West 53rd Street,1,3,0,0,0,,41.7973894,-87.6914632
543132,"April 19, 2016",Illinois,Chicago,1400 block of West 84th Street,1,4,0,0,0,,41.7413928,-87.65836000000002
543244,"April 18, 2016",California,Long Beach,1200 block of E. 17th Street,1,3,0,0,0,,33.7878585,-118.1760712
541996,"April 17, 2016",Pennsylvania,Philadelphia,600 block of Westmoreland Street,3,1,0,0,1,,39.9987467,-75.11892
543102,"April 17, 2016",South Carolina,Pelzer,200 block of Eastview Road,1,3,0,0,0,,34.6458844,-82.4371326
543108,"April 17, 2016",Texas,Edinburg,5021 W St Hwy 107,1,6,0,0,1,,26.3099348,-98.21746820000001
542259,"April 16, 2016",Michigan,Detroit,9500 block of Oakland,1,4,0,0,1,,42.38823379999999,-83.0741687
541987,"April 16, 2016",Florida,Orlando,1100 block of Conley Street,2,4,0,0,2,,28.5327233,-81.3937395
542362,"April 16, 2016",Alabama,Enterprise,Baxter Street,0,4,0,0,0,,31.3036321,-85.8152045
537825,"April 10, 2016",Wisconsin,Milwaukee,76th and Sheridan,1,3,0,0,0,,43.1182626,-88.0060965
537820,"April 10, 2016",California,Los Angeles,84th Street and Towne Avenue,0,4,0,0,0,,33.9628506,-118.2673287
537311,"April 9, 2016",Tennessee,Memphis,Mt Moriah Road and Ridgeway Road,0,4,0,0,0,,35.0723541,-89.8633467
539705,"April 9, 2016",Alabama,Anniston,West 15th Street and Crawford Avenue,0,4,0,0,0,,33.6636468,-85.8501035
537085,"April 9, 2016",New Mexico,Albuquerque,2600 block of Mesa Drive SE,0,4,0,0,1,,35.0557984,-106.6270667
535927,"April 7, 2016",Illinois,Chicago,2200 block of East 70th Place,0,4,0,0,0,,41.7672695,-87.5712616
532604,"March 31, 2016",Illinois,Chicago (Englewood),6800 block of South Throop,0,4,0,0,0,,41.770356,-87.657043
530049,"March 27, 2016",Louisiana,Shreveport,Hearne Ave and Hollywood Ave,0,4,0,0,0,,32.4564733,-93.78002099999999
528614,"March 25, 2016",Illinois,Chicago,4500 block of West West End Avenue,0,4,0,0,0,,41.88335439999999,-87.73848339999999
529488,"March 25, 2016",Colorado,Denver,8501 E. Alameda Avenue,0,4,0,0,0,,39.71078869999999,-104.890434
526380,"March 21, 2016",Illinois,Chicago,5700 block of West Washington Boulevard,0,4,0,0,0,,41.8823106,-87.768446
525464,"March 19, 2016",Florida,Plantation,12050 NW 4th Court,1,4,0,0,0,,26.1251417,-80.30927240000001
525301,"March 19, 2016",Alabama,Wetumpka,South Shelby Street,2,2,0,0,1,,32.5382026,-86.213962
523044,"March 15, 2016",Georgia,Atlanta,Donald Lee Hollowell Drive,0,5,0,0,0,,33.7768481,-84.4598759
522122,"March 13, 2016",Florida,Fort Myers,50 South Road,0,4,0,0,0,,26.576621,-81.8692164
521821,"March 12, 2016",Oregon,Portland,16126 S.E. Stark St.,0,4,0,0,1,,45.5189574,-122.496919
521074,"March 12, 2016",California,Oakland,I-880 and I-80,0,4,0,0,0,,37.5879818,-122.0534334
520767,"March 11, 2016",Michigan,Detroit,2600 block of Hazelwood,2,2,0,0,0,,42.3714835,-83.10749009999999
520290,"March 11, 2016",New Jersey,Trenton,Oliver Avenue,0,5,0,0,0,,40.2387738,-74.7774626
519541,"March 9, 2016",Pennsylvania,Pittsburgh (Wilkinsburg),1304 Franklin Ave,6,2,0,0,0,,40.4381931,-79.8729501
518266,"March 8, 2016",Texas,San Antonio,Sherman St,2,3,0,0,0,,29.4339638,-98.4642663
517895,"March 7, 2016",Louisiana,Lafayette,800 block of Martin Luther King Jr. Drive,0,4,0,0,0,,30.2495876,-92.0248039
518436,"March 7, 2016",Kansas,Kansas City,3000 block of South 36th Street,5,0,0,0,1,,39.0475631,-94.6698727
517058,"March 6, 2016",Massachusetts,Chelsea,120 Washington Avenue,1,6,0,0,1,,42.3968909,-71.0319246
517114,"March 6, 2016",Georgia,Roswell,890 Atlanta St,0,4,0,0,1,,34.0228746,-84.36180379999999
517073,"March 6, 2016",California,Compton,900 block of West Victoria Street,1,8,0,0,0,,33.8677811,-118.2389617
516758,"March 5, 2016",Kansas,Wichita,116 North Mead,0,4,0,0,0,,37.6867959,-97.32872429999999
516341,"March 4, 2016",Ohio,Columbus,900 E 5th Ave,1,3,0,0,1,,39.9864777,-82.9805638
513640,"February 28, 2016",California,Mira Loma,5500 block of Etiwanda Ave,1,3,0,0,1,,33.9881386,-117.5227494
513549,"February 28, 2016",Michigan,Detroit,8800 block of Livernois,0,5,0,0,0,,42.3591383,-83.1378608
512073,"February 26, 2016",Washington,Belfair,300 block of Horseshoe Rd,4,0,1,0,0,,47.5033373,-122.9322821
511436,"February 25, 2016",Kansas,Hesston,200 S Ridge Rd,3,14,1,0,0,,38.1355353,-97.4245917
509897,"February 23, 2016",Arizona,Glendale,4812 West Sunnyside Ave,4,0,1,0,0,,33.592429,-112.162762
510769,"February 23, 2016",Florida,Daytona Beach,1042 Sheridan Road,0,4,0,0,2,,29.2089709,-81.0449215
509707,"February 21, 2016",Texas,Houston,5100 block of Idaho Street,0,5,0,0,0,,29.686996,-95.3437058
508879,"February 21, 2016",Missouri,Hazelwood,7217 N Lindbergh Blvd,1,3,0,0,3,,38.7833565,-90.35689479999999
508341,"February 20, 2016",Florida,Tampa,2810 E. Bearss Ave,1,3,0,0,0,,28.0809672,-82.427808
508640,"February 20, 2016",Michigan,Kalamazoo,5581 Cracker Barrel Blvd,6,2,0,0,1,,42.2365631,-85.67475809999999
508356,"February 20, 2016",Alabama,Bessemer,200 block of Elm Street,1,3,0,0,0,,33.3731822,-86.9759413
508510,"February 20, 2016",Florida,Orlando,446 S Parramore Ave,0,4,0,0,1,,28.5366971,-81.3892053
508113,"February 20, 2016",Mississippi,Iuka,231 Co Rd 201,1,3,1,0,0,,34.7543468,-88.1381285
590221,"February 19, 2016",Missouri,Edgerton,4100 block of Buena Vista Road,4,0,0,0,1,,39.4928403,-94.62587839999999
507998,"February 19, 2016",California,Vallejo,509 Porter Street,1,3,0,0,0,,38.0882926,-122.245526
505420,"February 14, 2016",Alabama,Eutaw,50 Earnest Friday Rd,0,5,0,0,2,,32.9890102,-87.91129749999999
504879,"February 14, 2016",Texas,Houston,8449 Gulf Freeway,0,4,1,0,0,,29.672633,-95.26379140000002
504996,"February 13, 2016",Louisiana,Marrero,5425 Lapalco Boulevard,0,4,0,0,1,,29.8748364,-90.10815099999999
501256,"February 7, 2016",Mississippi,Pass Christian,Davis Avenue,2,4,0,0,5,,30.3225559,-89.2446518
501233,"February 7, 2016",Florida,Orlando,7432 Universal Blvd,2,10,0,0,4,,28.4553108,-81.4650277
501168,"February 7, 2016",New York,Rochester,547 State St,1,7,0,0,4,,43.1642357,-77.6230683
501349,"February 7, 2016",Illinois,Chicago (Englewood),6500 block of South Green Street,0,4,0,0,0,,41.7759501,-87.64624119999999
501267,"February 6, 2016",California,Los Angeles,12800 block of Cook Street,1,3,0,0,0,,33.9164223,-118.2707054
500629,"February 6, 2016",Florida,Apopka,10th Street,0,4,0,0,0,,28.6657587,-81.5145694
500556,"February 6, 2016",Florida,Tampa,8123 N Nebraska Ave,2,6,0,0,0,,28.0218973,-82.4510088
499422,"February 3, 2016",District of Columbia,Washington,1500 block of Butler St SE,0,4,0,0,0,,38.8611538,-76.9836096
495940,"January 30, 2016",Arizona,Glendale,67th and Missouri Avenue,3,5,0,0,0,,33.5166045,-112.2031505
494378,"January 27, 2016",Virginia,Chesapeake,1401 N. George Washington Hwy,5,0,1,0,0,,36.7904753,-76.33017319999999
493536,"January 26, 2016",Washington,Seattle,Airport Way S. and S. Atlantic St.,2,3,0,0,1,,47.5902781,-122.3226852
493085,"January 25, 2016",California,Perris,140 S. D Street,1,4,0,0,1,,33.7847084,-117.2286753
491312,"January 23, 2016",California,Los Angeles,8105 Avalon Blvd,2,2,0,0,0,,33.965343,-118.2653817
486728,"January 17, 2016",Virginia,Gloucester,Ditchley Dr and Gill Ln,1,3,0,0,1,,37.4000818,-76.4373384
483750,"January 11, 2016",Delaware,Wilmington,900 block of Brown Street,1,4,0,0,0,,39.7350932,-75.5672316
481849,"January 8, 2016",District of Columbia,Washington,1700 E Capitol St NE,0,4,0,0,0,,38.8903247,-76.9795263
481900,"January 8, 2016",Illinois,Chicago,1500 block of South Kedzie,1,4,0,0,0,,41.8609196,-87.7055201
481429,"January 7, 2016",Tennessee,Memphis,3800 block of Kerwood Avenue,1,3,0,0,1,,35.2336271,-89.9362666
479613,"January 6, 2016",Florida,Lakeland,2312 East Magnolia Street,3,1,0,0,4,,28.0505685,-81.9133463
1017372,"December 31, 2017",Colorado,Littleton (Highlands Ranch),3404 E County Line Rd,1,6,1,0,0,,39.5650831,-104.9489888
1017422,"December 31, 2017",Illinois,Chicago,2335 Howard St,0,4,0,0,0,,42.0194209,-87.6890976
1018118,"December 31, 2017",New Jersey,Long Branch,635 Wall St,4,0,0,0,1,,40.2925082,-74.0031413
1015666,"December 27, 2017",Nevada,Las Vegas,3750 E Bonanza Rd,2,2,0,0,1,,36.175261,-115.0945916
1015336,"December 26, 2017",Florida,Miami,NW 18th Ave and 86th Ter,0,5,0,0,0,,25.8532499,-80.2276595
1013983,"December 24, 2017",Mississippi,Vicksburg,1111 Mulberry Street,0,5,0,0,1,,32.3516233,-90.8826832
1014052,"December 24, 2017",Alabama,Troy,100 block of Chapman St,1,4,0,0,1,,31.8090063,-85.96004359999999
1014971,"December 23, 2017",Louisiana,Eunice,100 block of City Avenue,1,3,0,0,1,,30.4844003,-92.404098
1013377,"December 23, 2017",Alabama,Birmingham,3rd Ave N and 9th St N,0,4,0,0,0,,33.509112,-86.822006
1012704,"December 21, 2017",Louisiana,Lafayette,1500 block of N University Avenue,0,4,0,0,0,,30.2493145,-92.03468559999999
1011953,"December 21, 2017",Pennsylvania,Philadelphia,6600 block of Dorel St,0,0,1,3,0,,39.9180128,-75.2278654
1009629,"December 16, 2017",Mississippi,Mc Cool (Mccool),Ferguson Rd,0,4,0,0,1,,33.1777395,-89.4401956
1008310,"December 15, 2017",California,Pacoima,13041 Jouett Street,0,5,0,0,0,,34.2659119,-118.4172427
1007054,"December 13, 2017",Ohio,Columbus,200 block of E Barthman Ave,1,3,0,0,0,,39.9242142,-82.989954
1006150,"December 12, 2017",Kentucky,Louisville,17th and Gallagher Streets,0,4,0,0,3,,38.2388354,-85.7825902
1006446,"December 12, 2017",Texas,Garland,1301 Rivercrest Ln,0,4,0,0,0,,32.92438,-96.60599719999999
1004454,"December 9, 2017",Massachusetts,Boston,Proctor St,0,4,0,0,1,,42.3269418,-71.0691629
1002514,"December 6, 2017",Illinois,Chicago,4620 N Broadway,0,4,0,0,0,,41.9658294,-87.65794059999999
1001566,"December 4, 2017",Pennsylvania,Pittsburgh,7200 block of Everton St,2,2,0,0,0,,40.4631311,-79.8933974
1000479,"December 3, 2017",Tennessee,Memphis,656 Marshall Ave,1,3,0,0,2,,35.1402364,-90.0388881
999969,"December 2, 2017",Michigan,Detroit,5200 Woodward Avenue,0,4,0,0,1,,42.3594422,-83.0643655
998843,"November 30, 2017",Michigan,Detroit,11000 block of Gunston,1,4,0,0,0,,42.4089002,-82.99583559999999
994323,"November 24, 2017",Mississippi,Brookhaven,119 Martin Street,1,6,0,0,0,,31.5790588,-90.4406506
995015,"November 24, 2017",Ohio,Cleveland,11618 Buckeye Rd,1,5,0,0,5,,41.4807122,-81.60219099999999
991017,"November 18, 2017",Minnesota,Minneapolis,3600 block of N Emerson Ave,0,4,0,0,0,,45.02048569999999,-93.293973
990974,"November 17, 2017",Louisiana,New Iberia,900 Block of Mississippi St,0,4,0,0,0,,30.0111752,-91.8413144
989838,"November 16, 2017",Georgia,Columbus,1400 block of 15th Street,0,7,0,0,0,,32.4742112,-84.9713635
987611,"November 14, 2017",California,Corning,17357 Stagecoach Rd,5,12,1,0,0,,40.0186271,-122.3932962
986236,"November 12, 2017",Indiana,Gary,4601 Melton Rd,0,7,0,0,1,,41.5951359,-87.2812463
987134,"November 12, 2017",California,Fresno,S Calvin Ave,0,5,0,0,0,,36.681821,-119.7342994
986816,"November 12, 2017",Georgia,Atlanta,50 Lower Alabama St,2,2,0,0,1,,33.7518911,-84.38924949999999
985582,"November 11, 2017",Texas,Dallas,2532 Martin Luther King Jr Blvd,1,3,0,0,0,,32.7666882,-96.77068299999999
985832,"November 11, 2017",North Carolina,Fayetteville,2835 Bragg Blvd,1,4,0,1,0,,35.0737079,-78.92778249999999
986092,"November 11, 2017",Louisiana,New Orleans,Forstall St and Burgundy St,1,5,0,0,0,,29.9602673,-90.0221421
984822,"November 10, 2017",Ohio,Dayton (Trotwood),193 Olive Rd,0,4,0,0,0,,39.7492151,-84.2925516
984455,"November 9, 2017",Pennsylvania,Philadelphia,1800 block of Ringgold,0,4,0,0,0,,39.9301354,-75.18597179999999
980577,"November 5, 2017",Texas,Sutherland Springs,216 4th St,26,20,1,0,0,,29.2732182,-98.05634289999999
980269,"November 4, 2017",Texas,Austin,N Lamar Blvd and Masterson Pass,0,4,0,0,1,,30.3712157,-97.6924318
980192,"November 4, 2017",Ohio,Youngstown,2810 Market St,0,4,0,0,0,,41.0710603,-80.65821000000001
980060,"November 4, 2017",California,Santa Monica,1515 Ocean Avenue,1,3,0,0,0,,34.0125175,-118.4954743
979651,"November 3, 2017",Minnesota,Minneapolis,10th Ave S and E 24th St,0,4,0,0,1,,44.9591285,-93.26003490000001
980258,"November 3, 2017",California,Gardena,E 163rd St and S Main St,0,4,0,0,0,,33.883855,-118.2758106
980004,"November 3, 2017",New York,Buffalo,147 Roosevelt Ave,0,4,0,0,0,,42.9336984,-78.80803259999999
980401,"November 3, 2017",Louisiana,Lacombe,27600 block of Mirmar Street,0,4,1,0,1,,30.3094393,-89.9427487
975600,"October 29, 2017",Texas,Austin,5500 block of Ave F,1,3,0,0,1,,30.3200483,-97.7198798
975817,"October 28, 2017",Ohio,Toledo,1327 N Huron St,0,4,0,0,0,,41.6618406,-83.5220386
974704,"October 28, 2017",Virginia,Petersburg,N Sycamore St and Franklin,1,3,0,0,0,,37.2284682,-77.4034994
974051,"October 27, 2017",Kentucky,Louisville,1716 Prentice St,0,6,0,0,0,,38.2407587,-85.784399
974411,"October 27, 2017",California,San Francisco,1100 block of Fillmore,0,4,0,0,0,,37.77985839999999,-122.4317264
966895,"October 23, 2017",California,Clearlake Oaks,13000 block of Anchor Village,2,3,0,0,1,,39.0241895,-122.6611242
966153,"October 22, 2017",Connecticut,Hartford,Wethersfield Avenue and Elliott Street,0,4,0,0,0,,41.7464242,-72.673327
966178,"October 22, 2017",Alabama,Lanett,1606 19th St Sw,2,7,0,0,2,,32.8490524,-85.20601219999999
965066,"October 21, 2017",Florida,Tampa,400 block of E Nordica St,0,4,0,0,0,,27.978198,-82.45662
965077,"October 21, 2017",Florida,Jacksonville,164 E Eubanks St,0,4,0,0,0,,30.4847016,-81.6223065
965756,"October 21, 2017",Tennessee,Nashville,1277 12th Ave S,0,4,0,0,0,,36.141435,-86.78851399999999
965251,"October 21, 2017",Pennsylvania,Chester,1200 block of W Carlas Ln,0,4,0,0,0,,39.8468685,-75.3827757
962359,"October 18, 2017",Maryland,Edgewood,2111 Emmorton Park Rd,3,3,0,0,1,,39.4520697,-76.3099325
962155,"October 17, 2017",New York,Brooklyn,181 Martense St,0,4,0,0,0,,40.6516373,-73.9528732
962623,"October 16, 2017",Mississippi,Meridian,6010 5th St,1,3,0,0,2,,32.3599751,-88.7405678
960036,"October 15, 2017",Texas,Houston,6233 Gulfton St,2,2,0,0,0,,29.7159758,-95.4915044
959126,"October 15, 2017",Arizona,Phoenix,107th Ave and Camelback Rd,1,3,0,0,0,,33.5081647,-112.2900017
957980,"October 12, 2017",California,Aliso Viejo,6 Asbury Ct,2,2,0,0,1,,33.5675413,-117.7357973
957562,"October 11, 2017",Ohio,Pedro,15497 SR 93,4,0,0,0,1,,38.7082771,-82.6423488
956990,"October 10, 2017",California,Long Beach,1601 E Anaheim St,2,2,0,0,2,,33.7828483,-118.1718306
956942,"October 10, 2017",California,San Francisco,25th St and Treat Ave,0,4,0,0,0,,37.7565054,-122.4133938
955268,"October 9, 2017",Texas,Houston,3352 Old Spanish Trail,0,5,0,0,0,,29.7011907,-95.372159
954428,"October 7, 2017",Arizona,Phoenix,87th Ave and Thomas Rd,0,4,0,0,0,,33.4797708,-112.2464891
953156,"October 6, 2017",Illinois,Chicago,8000 block of S Marshfield,0,5,0,0,0,,41.748351,-87.6649489
952720,"October 5, 2017",Arizona,Casa Grande,400 block of W 13th Street,4,0,0,0,2,,32.885417,-111.7572927
952220,"October 3, 2017",Florida,Miami,2051 NW 65th St,0,4,0,0,0,,25.8340556,-80.2306718
945990,"October 1, 2017",Kansas,Lawrence,1000 block of Massachusetts St,3,2,0,0,3,,38.9654625,-95.235711
946496,"October 1, 2017",Nevada,Las Vegas,3950 Las Vegas Blvd S,58,441,1,0,0,,36.0929942,-115.1757617
946138,"September 30, 2017",Tennessee,Memphis,800 block of Kerr Avenue,1,3,0,0,0,,35.1071634,-90.0358906
944448,"September 28, 2017",Louisiana,New Orleans,2001 N Rocheblave St,1,3,0,0,0,,29.9814899,-90.0647858
942628,"September 26, 2017",Pennsylvania,Philadelphia,100 block of Pastorius St,1,3,0,0,1,,40.0433999,-75.1774239
942522,"September 26, 2017",Tennessee,Memphis,2531 Chelsea Ave,0,4,0,0,1,,35.1742204,-89.9727836
942830,"September 26, 2017",Maryland,Baltimore,3200 block of Lyndale Ave,2,2,0,0,0,,39.3166083,-76.57833939999999
941144,"September 24, 2017",Maryland,Baltimore,500 block of E. Patapsco Avenue,0,4,0,0,0,,39.2371279,-76.6035289
940554,"September 24, 2017",Tennessee,Antioch,3890 Pin Hook Rd,1,7,0,1,1,,36.0467801,-86.5830934
940644,"September 24, 2017",New York,Syracuse,1226 E Fayette St,0,4,0,0,0,,43.048206,-76.1304364
1974755,"September 24, 2017",Pennsylvania,Philadelphia,3400 block of H St,0,4,0,0,0,,39.9996755,-75.1127607
941257,"September 24, 2017",New Jersey,Mays Landing,6000 block of Hoover Dr,1,3,0,0,1,,39.4511564,-74.76639410000001
939834,"September 23, 2017",California,Bakersfield,818 Real Rd,1,4,0,0,3,,35.3657397,-119.0431515
940068,"September 23, 2017",Illinois,Danville,Seminary St and Jackson St,0,5,0,0,0,,40.1303411,-87.62727749999999
940142,"September 23, 2017",Connecticut,Hartford,1164 Albany Ave,2,2,0,0,1,,41.7822141,-72.6957951
939482,"September 20, 2017",Indiana,Gary,4300 block of 23rd Ct,0,5,0,0,0,,41.57562799999999,-87.390664
936028,"September 17, 2017",Michigan,Detroit,5000 block of Stanton Street,1,3,0,0,0,,42.350123,-83.0907694
935928,"September 17, 2017",Virginia,Petersburg,300 Mistletoe St,1,4,0,0,3,,37.2167361,-77.4049063
934036,"September 16, 2017",South Carolina,Columbia,920 Lady Street,0,7,0,1,4,,34.0012887,-81.0376376
933957,"September 15, 2017",Illinois,Chicago,4700 block of S Fairfield Ave,4,0,0,0,0,,41.8080868,-87.6930708
932526,"September 13, 2017",Tennessee,Memphis,1000 block of Morehead St,1,5,0,0,0,,35.1680474,-90.02512109999999
932181,"September 13, 2017",Washington,Rockford,14626 S Jackson Rd,1,3,0,0,1,,47.5199921,-117.1964626
932906,"September 13, 2017",Pennsylvania,York,400 block of S Duke St,0,4,0,0,0,,39.95733329999999,-76.7230859
932619,"September 13, 2017",Pennsylvania,Philadelphia,3100 block of N 2nd St,0,4,0,0,0,,39.9971354,-75.1328293
930569,"September 10, 2017",Texas,Plano,1712 West Spring Creek Parkway,8,1,1,0,0,,33.0564838,-96.7275737
930266,"September 10, 2017",Louisiana,New Orleans,2101 N Claiborne Ave,1,3,0,0,1,,29.9736476,-90.0581921
931139,"September 9, 2017",Alabama,Selma,Kings Bend Road,0,4,0,0,0,,32.3944732,-87.028715
928380,"September 6, 2017",Illinois,Chicago,2700 block of Madison,0,4,0,0,0,,41.881378,-87.694176
927277,"September 4, 2017",Illinois,Bellwood,1000 block of Bellwood Ave,0,4,0,0,0,,41.874192,-87.87829119999999
926766,"September 3, 2017",California,Inglewood,10100 block of S Firmona Ave,2,3,0,0,1,,33.9444383,-118.3566782
925809,"September 2, 2017",Kentucky,Louisville,8008 Watterson Trl,0,4,0,0,2,,38.180633,-85.62194699999999
925436,"September 2, 2017",Illinois,Chicago,8300 block of S Hermitage,1,3,0,0,0,,41.7427476,-87.6671325
922184,"August 28, 2017",New Mexico,Clovis,701 N Main St,2,4,0,0,1,,34.405178,-103.2044982
921733,"August 27, 2017",California,Sacramento,7760 24th St,1,4,0,0,3,,38.4750289,-121.4816798
921653,"August 27, 2017",Indiana,Evansville,1127 Chestnut St,1,3,0,0,1,,37.9731667,-87.56022209999999
921289,"August 25, 2017",Florida,Gainesville,1600 NE 8th Ave,0,4,0,0,1,,29.6593901,-82.3046381
920513,"August 24, 2017",Missouri,Saint Louis,10400 block of Balmoral Dr,4,0,0,0,1,,38.7541409,-90.2008752
918204,"August 22, 2017",Illinois,Chicago,300 block of N Central Ave,0,4,0,0,0,,41.8859405,-87.765441
917793,"August 21, 2017",New Jersey,Newark,Fabyan Place,0,4,0,0,0,,40.7155849,-74.2219789
918061,"August 21, 2017",New Jersey,Newark,700 block of S 19th St,1,3,0,0,0,,40.7324366,-74.21225179999999
917820,"August 21, 2017",North Carolina,Whitakers,980 Fishing Creek Rd,4,0,0,0,1,,36.1694107,-77.82874
917713,"August 21, 2017",Maryland,Baltimore,Cottage Avenue and Park Heights Avenue,1,3,0,0,1,,39.3273304,-76.6573951
917838,"August 21, 2017",Tennessee,Memphis,262 Decatur St,0,4,0,0,0,,35.1471654,-90.02595769999999
916808,"August 20, 2017",New York,Brooklyn,100th St and Ave M,0,4,0,0,0,,40.6386248,-73.8910423
916848,"August 20, 2017",Illinois,Chicago,11901 S Loomis St,2,5,0,0,0,,41.6768489,-87.6560322
916551,"August 19, 2017",Ohio,Cleveland,11143 Superior Ave,1,4,0,0,3,,41.5226524,-81.6076131
914819,"August 16, 2017",New York,Wyandanch,Merritt Ave and 15th St,0,4,0,0,0,,40.7543776,-73.36129009999999
913924,"August 14, 2017",California,North Hollywood,Morrison St and Klump Ave,2,2,0,0,0,,34.1608284,-118.3757595
912805,"August 13, 2017",Pennsylvania,Philadelphia,39th St and Melon St,0,5,0,0,0,,39.9649022,-75.1999685
912322,"August 13, 2017",California,Sacramento,4000 Block of Martin Luther King Jr Blvd,0,4,0,0,0,,38.5383721,-121.4650213
912375,"August 13, 2017",Virginia,Suffolk,8700 block of Quay Rd,0,4,0,0,0,,36.7282054,-76.5835621
912093,"August 12, 2017",Missouri,Saint Louis,12310 Bellefontaine Rd,1,3,0,0,1,,38.7965503,-90.2124056
909423,"August 8, 2017",Illinois,Chicago,50 block of E 37th St,1,6,0,0,0,,41.8271741,-87.62436559999999
907555,"August 6, 2017",New York,Bronx,Wickham Ave,0,6,0,0,1,,40.8788099,-73.8426571
907546,"August 6, 2017",New York,Bronx,Unionport Rd,0,4,0,0,0,,40.8412723,-73.8634147
907857,"August 6, 2017",California,Oakland,1000 block of 106th Avenue,0,7,0,0,0,,37.7357587,-122.1720107
907247,"August 5, 2017",New Jersey,Lakewood,900 block of Brook Road,0,4,0,0,0,,40.1013847,-74.1890277
907611,"August 5, 2017",South Carolina,Allendale,300 block of Ellis St,1,3,0,0,0,,33.0019099,-81.2959357
906568,"August 5, 2017",Florida,Tallahassee,1939 W Tennessee St,1,3,0,0,0,,30.448443,-84.3161753
906509,"August 4, 2017",Montana,Lodge Grass,200 block of North Helen Street,3,2,0,0,0,,45.3116333,-107.3650316
906126,"August 3, 2017",District of Columbia,Washington,3426 18th St NE,1,3,0,0,0,,38.9327342,-76.9799843
904329,"August 2, 2017",Maryland,Baltimore,900 block of N Broadway,0,4,0,0,0,,39.3005949,-76.5947293
903853,"August 1, 2017",Illinois,Chicago,800 block of N Monticello Ave,0,4,0,0,0,,41.89545529999999,-87.7175364
904106,"August 1, 2017",Washington,Toppenish,8000 Block of Lateral C Rd,0,6,0,0,1,,46.3607944,-120.5230691
904026,"August 1, 2017",California,Fresno,Mariposa St and A St,0,7,0,0,0,,36.7278197,-119.8011313
903090,"July 31, 2017",Illinois,Decatur,Jasper St and Main St,0,4,0,0,0,,39.84177,-88.9404161
902187,"July 30, 2017",Texas,El Paso,1810 George Dieter Dr,1,3,0,0,1,,31.7655477,-106.3011272
901549,"July 30, 2017",Virginia,Norfolk,1500 block of Azalea Garden Rd,1,5,0,0,1,,36.8671513,-76.2344805
901083,"July 29, 2017",New York,Buffalo,200 block of Carl St,1,4,0,0,0,,42.9200947,-78.8280557
901000,"July 29, 2017",North Carolina,Salisbury,115 W Fisher St,2,3,0,0,2,,35.6668205,-80.47169009999999
900963,"July 28, 2017",Delaware,Wilmington,400 block of N Washington St,0,4,0,0,0,,39.7420478,-75.5552611
900387,"July 27, 2017",Illinois,Chicago,2000 block of E 71st St,1,4,0,0,0,,41.7663128,-87.5760172
898631,"July 26, 2017",North Carolina,High Point,2111 E. Green Drive,1,6,0,0,0,,35.9532788,-79.9808328
898448,"July 25, 2017",Florida,Jacksonville,1040 Golfair Boulevard,1,3,0,0,2,,30.36425109999999,-81.6703217
896444,"July 23, 2017",Illinois,Chicago,1500 block of East 82nd St,1,3,0,0,0,,41.7459966,-87.5882093
896889,"July 23, 2017",Louisiana,Baton Rouge,10360 Ave H,0,4,0,0,4,,30.5384843,-91.19694799999999
896149,"July 22, 2017",Ohio,Cincinnati,130 E Clifton Ave,0,5,0,0,1,,39.1159823,-84.5142516
893690,"July 19, 2017",Virginia,Richmond,2300 block of Bethel St,0,5,0,0,0,,37.5551184,-77.4185708
894504,"July 19, 2017",California,Los Angeles,Imperial Hwy and Broadway,1,3,0,0,0,,33.9310097,-118.2784465
893726,"July 18, 2017",Wisconsin,Milwaukee,3000 block of N 39th St,0,4,0,0,0,,43.0733843,-87.9620936
893712,"July 18, 2017",New Jersey,Trenton,Hewitt St and Division St,1,3,0,0,0,,40.2081428,-74.74373709999999
893752,"July 18, 2017",Arizona,El Mirage,NW Grand Ave and W Thunderbird Rd,0,4,0,0,0,,33.6104509,-112.3142561
891291,"July 15, 2017",Pennsylvania,Philadelphia,21st and Fitzwater,1,3,0,0,0,,39.94324599999999,-75.17736599999999
891092,"July 15, 2017",Illinois,Chicago,12200 block of S Throop St,0,4,0,0,0,,41.6720148,-87.65417939999999
886564,"July 9, 2017",Virginia,Lawrenceville,500 block of Sturgeon Rd,0,7,0,0,0,,36.8120369,-77.7706542
886002,"July 8, 2017",Illinois,Alton,700 block of Oakwood Ave,0,4,0,0,1,,38.9179928,-90.17281849999999
886220,"July 8, 2017",Ohio,Cincinnati,9917 Capstan Dr,1,8,0,0,4,,39.2540434,-84.5966254
884764,"July 6, 2017",Mississippi,Meridian,Eighth Ave,0,4,0,0,3,,32.3817211,-88.6865333
883052,"July 5, 2017",Georgia,Savannah,Jefferson Street and West St. Julian Street,0,4,0,0,1,,32.0808246,-81.0949588
883282,"July 5, 2017",Illinois,Chicago (Roseland),11000 block of S Eberhart,2,2,0,0,0,,41.6945151,-87.61126469999999
883058,"July 5, 2017",Maine,Madison,300 block of Russell Rd,3,1,1,0,0,,44.79237,-69.7939173
882665,"July 4, 2017",Florida,Orlando (Pine Castle),501 W Lancaster Rd,0,4,0,0,0,,28.4656465,-81.3828326
882321,"July 4, 2017",Virginia,Hampton,500 block of Patterson Ave,1,4,0,0,0,,37.0325421,-76.3606636
883489,"July 4, 2017",North Carolina,Raleigh,105 E South St,1,3,0,0,2,,35.7724038,-78.6379726
882422,"July 3, 2017",Alabama,Prattville,112 US 82,3,1,0,0,2,,32.4374995,-86.4725804
881921,"July 3, 2017",Michigan,Pontiac,50 block of Thorpe St,1,3,0,0,1,,42.6371714,-83.31126069999999
881700,"July 2, 2017",New Jersey,Jersey City,Wilkinson Avenue,0,4,0,0,0,,40.7062126,-74.0802742
880738,"July 2, 2017",South Carolina,Greenwood,SC 72 Bypass,0,4,0,0,1,,34.5012075,-81.8322969
879953,"July 1, 2017",Arkansas,Little Rock,220 W 6th St,0,25,0,0,3,,34.7435133,-92.27327199999999
883656,"July 1, 2017",Illinois,Momence,2727 S 13000 Rd E,0,4,0,0,0,,41.0852387,-87.61975629999999
880808,"July 1, 2017",New Jersey,Newark,Lincoln Park and Pennsylvania Avenue,2,2,0,0,0,,40.7258882,-74.17964169999999
880813,"July 1, 2017",California,Oakland,3200 Humboldt Ave,0,4,0,0,0,,37.7920684,-122.2067534
879412,"June 30, 2017",New York,Bronx,1650 Grand Concourse,1,6,1,0,0,,40.8434675,-73.9110798
877295,"June 27, 2017",Illinois,Chicago,200 block of S Lotus,0,5,0,0,0,,41.8780929,-87.76191209999999
876010,"June 25, 2017",District of Columbia,Washington,5900 block of Southern Ave SE,0,4,0,0,0,,38.8887526,-76.9162174
875886,"June 25, 2017",Missouri,Saint Louis,5000 block of Thekla Ave,1,3,0,0,0,,38.6885455,-90.24196599999999
874613,"June 24, 2017",Florida,Fort Lauderdale,2335 NW 16th Ct,1,4,0,0,0,,26.146914,-80.1733165
875322,"June 24, 2017",New York,New York (Manhattan),114th St and Manhattan Ave,0,5,0,0,0,,40.8037404,-73.95778729999999
876076,"June 24, 2017",New Jersey,Willingboro,Pastoral Lane,0,4,0,0,0,,40.0330414,-74.8974479
873847,"June 22, 2017",Georgia,Atlanta,1100 block of Osborne Street,1,6,0,0,0,,33.704175,-84.4239281
870095,"June 18, 2017",Missouri,Saint Louis,1900 block of N 14th St,2,2,1,0,0,,38.6443159,-90.1939146
870222,"June 18, 2017",District of Columbia,Washington,3100 block of Buena Vista Terrace SE,0,4,0,0,0,,38.85234579999999,-76.9654415
869877,"June 18, 2017",Illinois,Chicago,3300 block of W Crystal St,0,4,0,0,0,,41.9039186,-87.7094383
869968,"June 18, 2017",South Carolina,Myrtle Beach,311 N Ocean Blvd,0,6,0,1,1,,33.6866736,-78.885398
869838,"June 17, 2017",Illinois,Chicago,50 block of N Latrobe Ave,0,4,0,0,0,,41.8817527,-87.7566192
869357,"June 17, 2017",Ohio,Columbus,6252 Busch Blvd,1,4,0,0,0,,40.0936654,-82.992195
868042,"June 15, 2017",Virginia,Richmond,4053 Old Brook Road,1,3,0,0,1,,37.5908069,-77.4456582
868363,"June 15, 2017",New Mexico,La Madera,491 NM-111,5,0,0,0,1,,36.3840538,-106.0411483
866739,"June 14, 2017",Virginia,Alexandria,420 E Monroe Ave,0,5,1,0,0,,38.8214462,-77.05431949999999
868147,"June 14, 2017",Ohio,Canton,14th St NE and Gibbs Ave NE,0,4,0,0,0,,40.8112655,-81.36270549999999
866933,"June 14, 2017",California,San Francisco,720 San Bruno,3,2,1,0,0,,37.7604109,-122.4053532
866412,"June 13, 2017",Maryland,Baltimore,3300 block of Ayrdale Avenue,0,4,0,0,0,,39.3262899,-76.6816511
866448,"June 13, 2017",Maryland,Baltimore,1200 block of Bonaparte Avenue,2,2,0,0,0,,39.3155138,-76.5998233
869474,"June 13, 2017",Missouri,Saint Louis (University City),Ferguson Ave and Plymouth Ave,0,4,0,0,0,,38.6691818,-90.3099948
864743,"June 11, 2017",Illinois,Chicago,3300 block of W Douglas Blvd,0,9,0,0,0,,41.8632385,-87.7081919
864852,"June 11, 2017",Tennessee,Chattanooga,4272 Bonny Oaks Drive,0,4,0,0,0,,35.0807187,-85.2137092
865371,"June 11, 2017",Texas,Houston,505 Cypress Station Dr,0,4,0,0,0,,30.0293997,-95.4376071
865186,"June 10, 2017",Tennessee,Memphis,571 East Street,0,4,0,0,0,,35.1313591,-90.03148019999999
864370,"June 9, 2017",Texas,Fort Worth,East Davis Avenue and New York Avenue,2,5,0,0,0,,32.7208702,-97.31569669999999
863075,"June 8, 2017",Louisiana,New Orleans,3650 Franklin Ave,0,6,0,0,0,,29.9965636,-90.0500793
861307,"June 6, 2017",Utah,Sandy,2232 Alta Canyon Drive,2,2,1,0,0,,40.59400670000001,-111.8266992
859875,"June 5, 2017",Florida,Orlando,2427 Forsyth Rd,5,0,1,0,0,,28.5800388,-81.2945548
858810,"June 3, 2017",Missouri,Saint Louis,1600 Block of Union Blvd,2,2,0,0,1,,38.6665265,-90.2671888
858719,"June 3, 2017",Louisiana,New Orleans,3717 Tulane Ave,3,2,0,0,0,,29.9672847,-90.1016848
858877,"June 2, 2017",California,Los Angeles,89th St and Broadway,1,3,0,0,0,,33.9555262,-118.2782447
857443,"June 1, 2017",Missouri,Saint Louis,Beacon Ave and Lillian Ave,3,1,0,0,1,,38.6942927,-90.2522415
855764,"May 30, 2017",Ohio,Middletown,1200 Elliott Dr,1,3,0,0,1,,39.5012119,-84.3521923
855113,"May 29, 2017",Kentucky,Louisville,231 Witherspoon St,1,3,0,0,0,,38.2591851,-85.74775749999999
853901,"May 28, 2017",Alabama,Phenix City,100 block of 6th Street South,0,12,0,0,0,,32.4359375,-84.99518189999999
853796,"May 28, 2017",New Jersey,Paterson,86 Main Street,1,5,0,0,0,,40.9197182,-74.1730572
853920,"May 28, 2017",Mississippi,Moss Point,6103 Hwy. 63,0,5,0,0,1,,30.4314336,-88.5257523
853032,"May 27, 2017",New York,New York (Manhattan),318 W 14th St,0,4,0,0,1,,40.7399867,-74.0036456
853756,"May 27, 2017",Mississippi,Bogue Chitto,2871 Lee Dr,8,0,0,1,1,,31.4123408,-90.4599217
853119,"May 27, 2017",District of Columbia,Washington,100 block of Q St NW,1,7,0,0,0,,38.9111323,-77.0121674
852676,"May 26, 2017",Florida,Miami,2730 NW 167th St,0,4,0,0,0,,25.9259288,-80.24579279999999
848680,"May 21, 2017",Iowa,Des Moines,4300 Beaver Dr,1,3,0,0,0,,41.6180196,-93.6764374
849215,"May 21, 2017",Arizona,Mesa,441 N Val Vista Dr,0,4,0,0,0,,33.42386219999999,-111.751964
848292,"May 20, 2017",Pennsylvania,Philadelphia,2100 block of W Huntingdon St,0,10,0,0,2,,39.9939389,-75.16830929999999
845364,"May 16, 2017",South Carolina,Ruffin,21785 Lowcountry Hwy,3,1,0,0,1,,33.0048377,-80.8151781
843078,"May 14, 2017",Arkansas,Jonesboro,311 S Main St,1,6,0,0,2,,35.8398079,-90.7050958
843045,"May 14, 2017",Illinois,Dolton,14112 Chicago Road,0,4,0,1,0,,41.6384624,-87.6080473
843172,"May 14, 2017",Florida,Avon Park,Hal McRae Blvd and Delaney Ave,0,5,0,0,0,,27.584669,-81.49813499999999
843590,"May 14, 2017",Texas,Fort Worth,8600 block of Calmont Ave,0,4,0,0,0,,32.7359731,-97.467254
840339,"May 10, 2017",New Jersey,Trenton,300 block of Centre St,1,3,0,0,1,,40.2097771,-74.7594988
839846,"May 9, 2017",Kansas,Kansas City,1900 block of S. Boeke,3,1,0,0,1,,39.0658154,-94.6331929
838272,"May 7, 2017",Illinois,Chicago,2600 block of 46th Pl,2,8,0,0,0,,41.8092795,-87.68934759999999
835961,"May 4, 2017",Michigan,Flint,600 block of Copeman Boulevard,1,3,0,0,1,,43.0286293,-83.71130660000001
834832,"May 2, 2017",Florida,Jacksonville,1566 West 24th Street,1,3,0,0,0,,30.3585051,-81.6820037
833152,"May 1, 2017",Texas,Dallas,3200 block of Reynolds Ave,1,3,1,0,0,,32.7864089,-96.74072179999999
832679,"April 30, 2017",California,San Diego,9080 Judicial Dr,1,6,1,0,0,,32.8722028,-117.2029036
832528,"April 30, 2017",Kansas,Topeka,4104 SW 28th,3,1,1,0,0,,39.0169727,-95.7281072
833128,"April 30, 2017",Florida,Jacksonville,1200 Ken Knight Dr N,0,5,0,0,0,,30.3914249,-81.7168169
832309,"April 30, 2017",South Carolina,Loris,268 N Sea Green Rd,1,5,0,0,2,,34.0562812,-78.89030439999999
835459,"April 29, 2017",California,Los Angeles (Boyle Heights),Murchison St and Lancaster Ave,1,3,0,0,0,,34.0578741,-118.1967741
831800,"April 29, 2017",California,Whittier,10000 block of Carmentia Rd,1,3,0,2,2,,33.9441696,-118.0460046
832290,"April 29, 2017",California,Sacramento,3800 block of 26th Avenue,0,5,0,0,0,,38.52888069999999,-121.4657119
831667,"April 29, 2017",Maryland,Germantown,12839 Kitchen House Way,1,3,0,0,2,,39.1516786,-77.2648748
834788,"April 29, 2017",California,Compton,2000 Block of N Nestor Ave,0,4,0,0,0,,33.9103286,-118.2495186
832063,"April 29, 2017",Virginia,Virginia Beach,200 block of 18th St,0,4,0,0,0,,36.8463377,-75.9745228
831201,"April 28, 2017",Pennsylvania,Chester,5 E 21st St,0,4,0,0,0,,39.86343290000001,-75.366466
830984,"April 27, 2017",New Jersey,Newark,1100 block of S Orange Ave,1,3,0,0,0,,40.745348,-74.23449099999999
829073,"April 26, 2017",Florida,Miami,SW 264th St and 139th Ave,0,4,0,0,2,,25.7048159,-80.419464
825694,"April 21, 2017",Florida,Palm Bay,2500 block of Vernon Dr,2,2,0,0,1,,28.0582639,-80.5947558
825111,"April 20, 2017",Kentucky,Louisville,700 block of East Jacob Street,0,4,0,0,0,,38.2429831,-85.74187649999999
821667,"April 16, 2017",California,Vallejo,110 Calhoun Street,0,4,0,0,0,,38.12063010000001,-122.2666376
821723,"April 16, 2017",North Carolina,Elizabeth City,611 S Martin St,0,4,0,0,0,,36.2942749,-76.2216754
821371,"April 16, 2017",Ohio,Columbus,1710 Cleveland Av,0,9,0,0,0,,40.0009315,-82.9751921
821640,"April 15, 2017",Illinois,Rock Falls,311 W  2nd St,0,4,0,0,1,,41.7805937,-89.69428889999999
821055,"April 15, 2017",Pennsylvania,Philadelphia,5900 block of Hammond St,0,4,0,0,0,,40.0394696,-75.1168603
820565,"April 15, 2017",Indiana,Indianapolis,300 block of S Meridian St,0,4,0,0,1,,39.7625906,-86.1600739
821400,"April 15, 2017",Alabama,Birmingham,1480 Center Point Pkwy,0,6,0,0,1,,33.62253510000001,-86.68666309999999
821651,"April 15, 2017",Illinois,Harvey,14600 block of Myrtle Avenue,0,4,0,0,0,,41.62428000000001,-87.6526988
822750,"April 15, 2017",California,Banning,900 block of N Allen St,0,4,0,0,0,,33.9335149,-116.8617457
818932,"April 13, 2017",Georgia,Atlanta,30 Anderson Ave SW,1,3,0,0,1,,33.7538331,-84.44604
815227,"April 9, 2017",Texas,San Antonio,4000 block of Moss Spring Dr,1,3,0,0,0,,29.3099301,-98.5683488
815246,"April 9, 2017",Indiana,Fort Wayne,9439 Lima Rd,1,3,0,0,1,,41.169448,-85.1669532
813877,"April 7, 2017",North Carolina,Hickory,1423 29th Ave Dr NE,3,1,0,0,2,,35.7671098,-81.3046735
813943,"April 7, 2017",Minnesota,Saint Paul,1600 block of English St,3,1,1,0,1,,44.991867,-93.0459419
814094,"April 7, 2017",Illinois,Chicago,5600 block of W Lake St,1,5,0,0,0,,41.887757,-87.7657941
813821,"April 7, 2017",Texas,Houston,3829 Mount Pleasant St,4,0,1,0,0,,29.6856718,-95.3662206
813028,"April 6, 2017",Louisiana,Lake Charles,2000 block of Tulip St,1,3,0,0,4,,30.211226,-93.192982
810756,"April 3, 2017",Pennsylvania,Philadelphia,1100 block of W Stiles St,3,1,0,0,0,,39.971772,-75.1544411
811089,"April 3, 2017",Texas,Lubbock,5401 Ave Q,0,7,0,0,1,,33.54466060000001,-101.8509436
809978,"April 2, 2017",Illinois,Chicago,3500 block of W Van Buren St,2,4,0,0,0,,41.8756945,-87.7131028
809683,"April 2, 2017",Iowa,Des Moines,2500 Martin Luther King Jr. Parkway,0,5,0,0,0,,41.61691340000001,-93.6473151
809815,"April 1, 2017",California,Pittsburg,100 block of Madoline Street,0,5,0,0,1,,38.00533009999999,-121.8944452
809048,"April 1, 2017",Florida,Tampa,219 S Howard Ave,1,4,0,0,1,,27.9420515,-82.4832711
809499,"April 1, 2017",Oklahoma,Oklahoma City,1212 N Woodward Ave,2,3,0,0,1,,35.4810404,-97.57544759999999
807618,"March 30, 2017",Illinois,Chicago,2704 E 75th St,4,0,0,0,0,,41.7601624,-87.55840839999999
804115,"March 27, 2017",Florida,Sanford,209 Hays Dr,2,4,0,0,1,,28.7893184,-81.2816832
803689,"March 26, 2017",Ohio,Cleveland,E 75th St,2,2,0,0,0,,41.4629069,-81.6357432
803822,"March 26, 2017",Texas,Houston,5619 Aldine Bender Rd,2,4,0,0,1,,29.9329769,-95.3056955
803054,"March 26, 2017",Ohio,Cincinnati,4601 Kellogg Ave,1,15,1,0,1,,39.0930892,-84.42845369999999
802926,"March 25, 2017",Tennessee,Knoxville,Minnesota Ave,1,4,0,0,0,,35.9846368,-83.9578046
803460,"March 25, 2017",Michigan,Detroit,8443 Grand River Ave,1,3,0,0,1,,42.3612245,-83.1209599
802837,"March 25, 2017",Ohio,Cleveland,E 79th St and Woodland Ave,2,2,0,0,3,,41.4881868,-81.6333855
802425,"March 24, 2017",California,Fresno,300 block of South Villa Avenue,1,4,0,0,1,,36.7407395,-119.7141493
802240,"March 24, 2017",Missouri,Saint Louis,5100 block of Palm St,1,6,0,0,0,,38.6763833,-90.2547077
800363,"March 22, 2017",Wisconsin,Rothschild,1133 E Grand Ave,4,0,1,0,0,,44.8996462,-89.60936439999999
797553,"March 19, 2017",Kentucky,Louisville,1512 Portland Avenue,1,5,0,0,0,,38.2618516,-85.7749543
797125,"March 18, 2017",Michigan,Detroit,16000 block of Rutherford,3,1,0,1,1,,42.4085581,-83.20413409999999
794468,"March 15, 2017",Louisiana,Metairie,2508 Pasadena Ave,3,1,0,0,1,,29.9974626,-90.1765846
791298,"March 10, 2017",Illinois,Chicago,123 E 51st St,2,2,0,0,0,,41.8017521,-87.62146349999999
791274,"March 10, 2017",Louisiana,New Orleans (Gentilly),4200 block of Touro St,3,1,0,0,0,,30.0008372,-90.0618645
789798,"March 7, 2017",Illinois,Chicago,W 76th St and S May St,0,4,0,0,0,,41.7559897,-87.65267229999999
789424,"March 5, 2017",Georgia,Columbus,600 block of 32nd Street,0,4,0,0,0,,32.4940719,-84.9851066
787875,"March 4, 2017",Kansas,Topeka,SE Bellview Ave and SE 23rd St,1,4,0,0,1,,39.026109,-95.64496799999999
787801,"March 4, 2017",California,Sacramento,2500 block of 33rd St,0,4,0,0,0,,38.5554299,-121.4698016
786876,"March 3, 2017",Pennsylvania,Philadelphia,7165 Germantown Ave,0,4,0,0,0,,40.0601473,-75.1907204
787435,"March 3, 2017",California,Riverside,8300 block of Trey Ave,0,5,0,0,0,,33.9405673,-117.4625799
785262,"February 28, 2017",Ohio,Cincinnati,1700 of Casey Dr,0,6,0,0,0,,39.17776360000001,-84.5462386
783963,"February 27, 2017",Virginia,Newport News,11810 Fountain Way,0,4,0,0,0,,37.085587,-76.47167209999999
783623,"February 26, 2017",Indiana,Gary,1700 Grant St,1,4,0,0,1,,41.5858981,-87.3567197
783102,"February 25, 2017",Ohio,Warren,1564 Niles Cortland Rd SE,2,3,0,0,1,,41.2208847,-80.7406286
783090,"February 25, 2017",Florida,Jacksonville,3604 Moncrief Rd,1,4,0,0,0,,30.3602998,-81.6765183
780792,"February 22, 2017",New York,Rochester,191 Genesee St,0,4,0,0,0,,43.1464405,-77.6361963
780036,"February 21, 2017",Ohio,Cleveland,16700 Lorain Ave,0,4,0,0,2,,41.4509201,-81.8140459
779582,"February 21, 2017",Mississippi,Toomsuba,Butts Road,4,0,0,0,1,,32.4345177,-88.4990502
778941,"February 20, 2017",Ohio,Cleveland,1082 East 105th Street,0,5,0,0,0,,41.5275486,-81.6157233
778182,"February 19, 2017",Virginia,Norfolk,Church Street and East Virginia Beach Blvd,1,3,0,0,0,,36.8564798,-76.2792522
777876,"February 18, 2017",Pennsylvania,Philadelphia,50 block of N Conestoga St,0,4,0,0,0,,39.9618404,-75.22966310000001
777410,"February 18, 2017",Indiana,South Bend,1000 block of Yukon St,1,3,0,0,0,,41.6915138,-86.2634534
775903,"February 15, 2017",California,Salinas,30 Soledad Street,0,4,0,0,1,,36.6788265,-121.652655
775531,"February 15, 2017",Illinois,Chicago,3949 South Albany Avenue,3,1,0,1,1,,41.8211966,-87.70184669999999
773002,"February 12, 2017",Missouri,Caruthersville,908 Truman Blvd,1,5,0,1,1,,36.1914071,-89.6676817
773162,"February 12, 2017",New York,Newburgh,253 South William Street,1,3,0,0,0,,41.4963899,-74.0190136
773908,"February 12, 2017",Florida,Greenville,Church Ave and Obadiah St,0,5,0,0,0,,30.4616354,-83.636644
772753,"February 11, 2017",Illinois,Chicago,100 block of N Mayfield,1,3,0,0,0,,41.8823918,-87.77200060000001
772989,"February 11, 2017",Tennessee,Savannah,Clifton Road and Midway Drive,0,4,0,0,0,,35.2352699,-88.2328028
772067,"February 10, 2017",Louisiana,New Orleans,2nd St and Dryades St,1,5,0,0,0,,29.9314856,-90.0916497
769889,"February 8, 2017",Ohio,Cleveland,16379 Euclid Ave,1,4,0,0,1,,41.5461835,-81.5659792
769511,"February 7, 2017",South Carolina,Columbia,5500 block of Fairfield Road,0,4,0,0,0,,34.0592506,-81.025748
769859,"February 7, 2017",Arkansas,Little Rock,25 Par Drive,1,3,0,1,2,,34.6729205,-92.4307867
768243,"February 6, 2017",Mississippi,Yazoo City,11th Street,4,0,0,0,1,,32.8608092,-90.4005548
765559,"January 31, 2017",Tennessee,Memphis,1576 S White Station Rd,0,4,0,0,1,,35.0880611,-89.8903632
765153,"January 31, 2017",District of Columbia,Washington,2900 block of Martin Luther King Jr Ave SE,0,4,0,0,0,,38.8459207,-76.99638089999999
764020,"January 30, 2017",Minnesota,Minneapolis (Crystal),5410 Lakeland Ave N,0,4,0,0,3,,45.0514273,-93.3536905
763313,"January 29, 2017",Louisiana,Shreveport,6363 Hearne Ave,1,3,0,1,1,,32.4494113,-93.77965879999999
1025158,"January 27, 2017",Washington,Bremerton,Tenino Dr W,4,0,0,0,3,,47.5625175,-122.8283605
761973,"January 27, 2017",Tennessee,Brownsville,221 Morgan St,0,10,0,0,1,,35.5976273,-89.23223469999999
760482,"January 26, 2017",Georgia,Albany,1510 Maryland Drive,2,3,0,0,1,,31.5848634,-84.1831532
760259,"January 25, 2017",Illinois,Chicago,500 block of E 75th St,0,6,0,0,0,,41.7586749,-87.612292
757158,"January 22, 2017",Texas,Manvel,200 block of Oak Shore Dr,2,2,1,0,0,,29.4627365,-95.35799399999999
757032,"January 22, 2017",Illinois,Chicago (Englewood),1800 block of W 63rd,0,4,0,0,0,,41.7790191,-87.64145189999999
757001,"January 22, 2017",Georgia,Atlanta,2841 Greenbriar Pkwy SW,3,1,0,0,0,,33.6884655,-84.49348049999999
756801,"January 21, 2017",Georgia,Jonesboro,6510 Tara Blvd,0,6,0,0,0,,33.5769568,-84.3720527
756526,"January 21, 2017",Florida,Boynton Beach,500 NE 2nd St,0,5,0,0,0,,26.5309036,-80.06166499999999
756504,"January 21, 2017",Tennessee,Memphis,500 block of Delta Road,2,2,0,0,0,,35.0183165,-90.0808278
757955,"January 20, 2017",Mississippi,Como,Smart Road,1,4,0,0,0,,34.5333306,-89.7741592
756015,"January 20, 2017",California,Fresno,4700 block of E Montecito Ave,0,4,0,0,0,,36.7340778,-119.740962
752756,"January 16, 2017",Texas,Houston,8535 Martin Luther King Boulevard,0,4,0,0,0,,29.6590455,-95.3361601
752222,"January 16, 2017",Florida,Miami,6011 NW 32nd Ave,0,8,0,0,4,,25.8294486,-80.2489153
752249,"January 15, 2017",Colorado,Capulin,County Road Y,3,1,0,0,1,,37.298152,-106.1042689
751367,"January 15, 2017",Mississippi,Magnolia,6000 block of Church Road,1,4,0,0,1,,31.1285292,-90.534022
749361,"January 12, 2017",Missouri,Kansas City,8607 E 61st Terrace,3,2,0,0,0,,39.0122675,-94.4855894
749769,"January 12, 2017",California,Salinas,500 block of Sunrise St,2,2,0,0,0,,36.68518299999999,-121.6142162
748152,"January 11, 2017",New Jersey,Newark,Hawkins Street and Christie Street,1,3,0,0,1,,40.7278923,-74.1388462
748348,"January 11, 2017",Illinois,Chicago,4200 block of S Talman,1,3,0,0,0,,41.81733380000001,-87.6911433
745236,"January 7, 2017",Michigan,Flint,2500 block of Churchill Ave,1,3,0,0,1,,43.03413,-83.6587857
744799,"January 6, 2017",California,Pasadena,100 block of W Claremont St,2,2,0,0,5,,34.1664422,-118.1528961
743995,"January 6, 2017",Florida,Fort Lauderdale,100 Terminal Dr,5,6,0,0,1,,26.0725153,-80.14291709999999
742542,"January 4, 2017",California,Fontana,14520 Village Dr,3,1,0,0,1,,34.0449003,-117.4847252
742001,"January 3, 2017",Texas,Allen,500 block of Hawthorne Drive,0,4,0,0,1,,33.0842765,-96.6664497
743282,"January 1, 2017",Mississippi,Winstonville,114 North Greyer Street,0,5,0,0,0,,33.9140222,-90.7515148
739451,"January 1, 2017",Texas,Dallas,9220 Skillman Street,1,3,0,0,0,,32.9022012,-96.71431270000001
739766,"January 1, 2017",Florida,Miami,8000 block of NW 14th Ave,0,7,0,0,0,,25.848281,-80.22159959999999
1289686,"December 31, 2018",Ohio,Cleveland,4462 Denison Ave,3,2,0,0,0,,41.453447,-81.7169321
1288376,"December 29, 2018",Ohio,Lima,904 S Main St,1,3,0,0,1,,40.7261811,-84.10520819999999
1287286,"December 28, 2018",Missouri,Saint Charles,150 Whetstone Dr,4,0,0,1,1,,38.78117160000001,-90.5635815
1284586,"December 24, 2018",Louisiana,Lutcher,2176 Main St,2,2,0,0,2,,30.0393142,-90.70190339999999
1283229,"December 23, 2018",Missouri,Springfield,1042 W College St,1,6,0,0,1,,37.2080649,-93.3050007
1282704,"December 22, 2018",Nevada,Las Vegas,3528 S Maryland Pkwy,0,4,0,0,0,,36.1241882,-115.1351839
1279617,"December 18, 2018",Maryland,Baltimore,3942 Park Heights Ave,0,4,0,1,1,,39.3342369,-76.6627714
1277327,"December 15, 2018",Florida,Miami,239 NW 16th St,0,5,0,0,0,,25.7905967,-80.1995148
1277411,"December 14, 2018",Colorado,Colorado Springs,700 block of Geiger Ct,1,3,0,0,2,,38.8430759,-104.7343651
1276091,"December 13, 2018",Pennsylvania,Philadelphia,4505 N Broad St,0,4,0,0,0,,40.0216301,-75.1481749
1276298,"December 11, 2018",Louisiana,Natchitoches,Caspari St and University Pkwy,1,3,0,0,0,,31.7529646,-93.09486629999999
1272855,"December 9, 2018",Wisconsin,Madison,3554 E Washington Ave,0,4,0,0,2,,43.1158124,-89.32712769999999
1273161,"December 8, 2018",California,Inglewood,801 S Inglewood Ave,0,5,0,0,0,,33.9534359,-118.3618174
1272106,"December 8, 2018",New York,Corona (Queens),89-25 130th St,0,5,0,0,1,,40.6991544,-73.820632
1267682,"December 1, 2018",Florida,Miami,NW Fifth Ave and NW Eighth St,0,5,0,0,0,,25.7815769,-80.2030048
1266937,"November 26, 2018",Tennessee,Powell,Tammy Dr,0,4,0,0,2,,36.052255,-84.0061599
1262814,"November 25, 2018",Alabama,Demopolis,Floyd St and Field St,2,2,0,0,0,,32.5064025,-87.8227103
1263332,"November 25, 2018",California,Oakland,1000 block of 24th St,0,4,0,0,0,,37.8165997,-122.2803129
1263086,"November 25, 2018",Texas,Houston,4500 block of Yale St,1,3,0,0,0,,29.8308124,-95.4010031
1262013,"November 23, 2018",Florida,Miami,5801 NW 27th Ave,2,5,0,0,0,,25.8278675,-80.24064840000001
1261351,"November 22, 2018",Indiana,Fort Wayne,6100 block of Downingtown Dr,3,2,0,0,2,,41.0289625,-85.1278268
1260525,"November 21, 2018",Missouri,Saint Louis,4200 block of Shreve Ave,0,4,0,0,0,,38.6791163,-90.2416133
1258777,"November 19, 2018",Colorado,Denver,1200 21st Street,1,3,0,1,2,,39.753228,-104.9906734
1258804,"November 19, 2018",Pennsylvania,Philadelphia,5100 block of Malcolm St,4,0,0,0,4,,39.94770159999999,-75.22530139999999
1258009,"November 18, 2018",California,Los Angeles (Watts),95th St and Defiance Ave,1,3,0,1,0,,33.9506849,-118.2453102
1257508,"November 16, 2018",Arkansas,Little Rock,4405 W 14th St,3,1,0,0,1,,34.738581,-92.3230648
1256435,"November 14, 2018",Louisiana,Baton Rouge,4896 Gus Young Ave,3,1,0,0,0,,30.4618915,-91.1414867
1254225,"November 13, 2018",New Mexico,Gallup,CR 1 and Defiance Draw Rd,3,1,1,0,0,,35.4919919,-108.8974992
1254084,"November 12, 2018",North Carolina,Dunn,4640 Woods Crossroads Rd,3,1,0,0,1,,35.3067367,-78.521608
1253361,"November 11, 2018",Arizona,Globe,598 N Broad St,3,1,0,0,1,,33.3999315,-110.7896004
1249561,"November 7, 2018",California,Thousand Oaks,99 Rolling Oaks Dr,12,2,1,0,0,,34.1765728,-118.8748917
1246727,"November 3, 2018",New York,Watertown,136 Franklin St,0,5,0,0,1,,43.9737217,-75.9093278
1247019,"November 2, 2018",California,Long Beach (North Long Beach),5800 block of Brayton Ave,0,4,0,0,0,,33.8603224,-118.1760502
1246489,"November 2, 2018",Florida,Tallahassee,1950 Thomasville Rd,2,4,1,0,0,,30.4672175,-84.2689784
1245274,"November 1, 2018",Missouri,Springfield,906 E Locust St,3,2,0,0,1,,37.2271672,-93.28035949999999
1245703,"November 1, 2018",Minnesota,Minneapolis,3400 block of Girard Ave N,0,5,0,0,0,,45.0169207,-93.2966063
1244754,"October 31, 2018",Michigan,Detroit,19000 block of Langholm St,1,3,0,0,1,,42.4342848,-83.011175
1246059,"October 30, 2018",California,Vallejo,Woodrow Ave and Reis Ave,2,3,0,0,0,,38.0933008,-122.2320367
1244424,"October 30, 2018",California,Los Angeles,65th Place and Vermont Avenue,0,5,0,0,0,,33.9798537,-118.2918766
1243331,"October 29, 2018",California,Riverside,3252 Mission Inn Ave,0,7,0,0,0,,33.9802249,-117.3689693
1243010,"October 28, 2018",Arkansas,El Dorado,2 Whites Quarters,2,2,0,0,1,,33.202455,-92.64999739999999
1242807,"October 27, 2018",Tennessee,Memphis,4275 Lady Slipper Ln,0,5,0,0,3,,35.0319241,-89.8502228
1241819,"October 27, 2018",Pennsylvania,Pittsburgh,5898 Wilkins Ave,11,6,0,1,1,,40.4435818,-79.9212455
1242443,"October 26, 2018",New Jersey,Jersey City,77 Brinkerhoff St,1,3,0,0,2,,40.71906600000001,-74.07385599999999
1240751,"October 24, 2018",Illinois,Chicago,6200 block of S King Dr,0,5,0,0,0,,41.7819848,-87.6159995
1238603,"October 22, 2018",Illinois,Chicago,9231 S Cottage Grove Av,0,6,0,0,0,,41.7265486,-87.6041075
1237930,"October 21, 2018",Florida,Jacksonville,900 block of A Philip Randolph Blvd,1,5,0,0,0,,30.3330584,-81.6428311
1238052,"October 21, 2018",Washington,Lakewood,8722 S Tacoma Way,1,3,0,0,4,,47.1784703,-122.4852914
1234087,"October 16, 2018",Georgia,Atlanta,Broad St,0,4,0,0,0,,33.8968095,-84.2996941
1233663,"October 15, 2018",Tennessee,Columbia,1075 Carters Creek Pike,4,0,1,0,0,,35.7282479,-87.013122
1232554,"October 14, 2018",Texas,Fort Worth,5310 E Rosedale St,0,4,0,0,0,,32.7304501,-97.2416714
1233563,"October 14, 2018",Nevada,Las Vegas,2815 W Lake Mead Blvd,3,1,0,0,1,,36.196548,-115.1780313
1233068,"October 14, 2018",California,Palo Alto (East Palo Alto),2500 block of Pulgas Ave,2,2,0,0,0,,37.4733125,-122.1315534
1232288,"October 13, 2018",Texas,Taft,511 Wilburn St,4,1,0,0,2,,27.9748982,-97.4079132
1232018,"October 13, 2018",Missouri,Saint Louis,400 block of Midlothian Road,0,4,0,0,0,,38.7558384,-90.2036553
1232044,"October 12, 2018",South Carolina,Spartanburg,1620 John B White Sr Blvd,0,6,0,0,2,,34.9235871,-81.9791758
1231385,"October 12, 2018",Nevada,Las Vegas,6500 block of W Charleston Blvd,0,4,0,0,0,,36.15998,-115.2390449
1229738,"October 8, 2018",Alabama,Birmingham,Joppa Ave,0,4,0,0,0,,33.5459787,-86.7230097
1226923,"October 6, 2018",Oklahoma,Tulsa,9453 E 31st St,0,4,0,0,0,,36.1193439,-95.8694634
1226853,"October 6, 2018",Texas,Houston,6802 Cullen Blvd,1,3,0,0,0,,29.6892398,-95.3538925
1226384,"October 6, 2018",California,Oakland,Williams St and Telegraph Ave,0,4,0,2,0,,37.8365941,-122.2624637
1226179,"October 4, 2018",New Mexico,Espanola (Española),1813 N Riverside Dr,1,3,0,0,3,,36.01931,-106.0628459
1225631,"October 4, 2018",Georgia,Swainsboro,Lucky St,0,4,0,0,3,,32.5980758,-82.341629
1223865,"October 3, 2018",South Carolina,Florence,932 Ashton Dr,2,6,0,0,1,,34.2212532,-79.8474276
1223755,"October 3, 2018",Pennsylvania,Philadelphia,5101 Germantown Ave,1,4,0,0,0,,40.0306223,-75.1650451
1221758,"October 1, 2018",Illinois,Chicago,500 block of S Michigan Ave,2,2,0,0,1,,41.8755216,-87.6248715
1221794,"September 30, 2018",California,Compton,1300 E Palmer St,1,3,0,0,0,,33.8980777,-118.2093725
1220912,"September 29, 2018",Florida,Orlando,1700 block of 24th St,1,4,0,0,2,,28.516796,-81.40340690000001
1220331,"September 28, 2018",Pennsylvania,Philadelphia,5100 block of Haverford Ave,2,2,0,0,0,,39.9640999,-75.2221192
1217150,"September 24, 2018",Tennessee,Memphis,1528 Ragan St,3,2,0,0,0,,35.1043523,-90.0094043
1215987,"September 23, 2018",California,Bakersfield,2600 block of Chandler Court,1,4,0,0,0,,35.3309926,-119.0401527
1215954,"September 23, 2018",California,Baldwin Park,3700 block of Loma Lane,0,4,0,0,0,,34.0762519,-117.9823022
1215904,"September 22, 2018",New York,Hempstead,Dolan St,0,4,0,0,0,,40.7060923,-73.61876149999999
1215739,"September 21, 2018",District of Columbia,Washington,1800 block of Benning Rd NE,0,4,0,0,2,,38.899295,-76.9773783
1213926,"September 20, 2018",Maryland,Aberdeen,1501 Perryman Rd,3,3,1,0,0,,39.4708967,-76.1999391
1214298,"September 20, 2018",New York,Syracuse,1317 Midland Ave,0,5,0,0,0,,43.02600959999999,-76.1513339
1213223,"September 19, 2018",Wisconsin,Middleton,1850 Deming Way,0,4,1,0,0,,43.0951384,-89.52491239999999
1213836,"September 19, 2018",Illinois,Chicago,W Cermak Rd and S State St,0,4,0,0,0,,41.8529523,-87.6270813
1213293,"September 19, 2018",Pennsylvania,Masontown,1 E Church St,0,4,1,0,0,,39.8471571,-79.8992786
1212984,"September 18, 2018",Louisiana,New Orleans (Algiers),1100 block of Sumner St,0,4,0,0,0,,29.94389709999999,-90.0376773
1212567,"September 18, 2018",Tennessee,Memphis,4622 Faronia Rd,0,4,0,0,5,,35.0224324,-90.01944120000002
1211659,"September 17, 2018",Maryland,Silver Spring,123 Amberleigh Dr,3,1,1,0,0,,39.0911041,-77.00325699999999
1210742,"September 15, 2018",Wisconsin,Milwaukee,820 S 21st St,0,4,0,0,0,,43.0221173,-87.9392439
1209006,"September 12, 2018",California,Bakersfield,660 Manwell Blvd,5,0,1,0,0,,35.34900410000001,-118.9163103
1208397,"September 11, 2018",Illinois,Chicago,10600 block of S Bensley Avenue,0,4,0,0,0,,41.7025894,-87.56335039999999
1206828,"September 10, 2018",Tennessee,Memphis,140 Lt George W Lee Ave,0,5,0,0,1,,35.1391258,-90.0536121
1206409,"September 9, 2018",Illinois,Elgin,550 S McLean Blvd,1,3,0,0,0,,42.0198563,-88.3140639
1206375,"September 9, 2018",Alabama,Auburn,224 W Magnolia St,1,4,0,0,2,,32.6070868,-85.4838697
1206050,"September 7, 2018",Minnesota,Minneapolis,2024 N Washington Ave,1,3,0,0,1,,45.0001129,-93.2815454
1204538,"September 6, 2018",Ohio,Cincinnati,511 Walnut St,3,2,1,0,0,,39.1017443,-84.5118141
1204486,"September 4, 2018",Georgia,Albany,1200 block of Gillespie Ave,0,4,0,0,1,,31.5709532,-84.17960459999999
1202134,"September 2, 2018",Texas,San Antonio,600 block of Morningview St,0,4,0,0,0,,29.4102813,-98.4249104
1202274,"September 2, 2018",New Jersey,Paterson,43 12th Ave,2,2,0,0,0,,40.9217584,-74.163702
1202318,"September 2, 2018",Alabama,Birmingham,500 23rd St S,0,6,0,1,0,,33.5096143,-86.7974613
1201885,"September 2, 2018",Arkansas,Fort Smith,801 Garrison Ave,0,4,0,0,0,,35.3862052,-94.42310359999999
1202332,"September 2, 2018",California,San Bernardino,1277 East Lynwood Drive,0,8,0,0,0,,34.1462558,-117.2594578
1202437,"September 2, 2018",New Jersey,Trenton,Stuyvesant Ave and Bryn Mawr Ave,0,4,0,0,0,,40.23527869999999,-74.7820484
1201973,"September 1, 2018",Florida,Fort Lauderdale (Lauderhill),5225 NW 24th Ct,1,3,0,0,0,,26.1566753,-80.1860754
1201135,"September 1, 2018",Ohio,Cleveland,3232 Lakeside Ave East,1,7,0,0,0,,41.5157298,-81.6716273
1200904,"August 31, 2018",Colorado,Aurora,1900 block of Peoria St,2,2,0,1,1,,39.7456415,-104.8468153
1197278,"August 27, 2018",Arkansas,Pine Bluff,2600 block of W 34th Ave,1,3,0,0,0,,34.1944163,-92.0292382
1196028,"August 26, 2018",Florida,Jacksonville,2 Independent Dr,2,9,1,0,0,,30.3248442,-81.6594975
1195537,"August 25, 2018",Virginia,Richmond,4 N 18th St,0,5,0,0,0,,37.53329009999999,-77.4275011
1196051,"August 25, 2018",Tennessee,Nashville,1564 9th Ave N,1,4,0,0,0,,36.1780871,-86.79768969999999
1194315,"August 23, 2018",Pennsylvania,Philadelphia,5800 block of Oakland St,0,4,0,0,0,,40.0286711,-75.0790906
1194598,"August 23, 2018",Maryland,Baltimore,1700 block of Homestead St,0,4,0,0,0,,39.3205182,-76.59454769999999
1194057,"August 22, 2018",Missouri,Saint Louis,I-64 and Jefferson Ave,0,4,0,0,0,,38.6305837,-90.21582839999999
1192788,"August 21, 2018",Tennessee,Memphis,2119 E Alcy Rd,0,4,0,0,1,,35.0770106,-89.9938797
1191368,"August 20, 2018",Tennessee,Jackson,60 Heritage Square,1,4,0,0,0,,35.6582474,-88.85617429999999
1192036,"August 20, 2018",Ohio,Cleveland,E 94th St and Kinsman Rd,1,3,0,0,0,,41.47167,-81.62012539999999
1191279,"August 19, 2018",Illinois,Chicago,7400 block of S Dante Ave,0,5,0,0,0,,41.76044940000001,-87.58968279999999
1190035,"August 18, 2018",New York,Bronx,925 Allerton Ave,0,4,0,0,1,,40.8657387,-73.8602861
1189717,"August 17, 2018",Illinois,Chicago,1600 block of W 65th St,0,7,0,0,0,,41.7760833,-87.66452439999999
1188597,"August 15, 2018",South Carolina,Greenwood,104 Mimosa Ct,0,5,0,0,0,,34.2124051,-82.096992
1186888,"August 14, 2018",Pennsylvania,Wyncote,1000 S Easton Rd,0,5,0,0,1,,40.0837345,-75.1690963
1185622,"August 12, 2018",Pennsylvania,Pittsburgh,5600 block of Broad St,0,4,0,0,1,,40.4643466,-79.9298951
1185520,"August 12, 2018",California,Clearlake,4786 Yarrington Ct,3,1,1,0,0,,38.9487774,-122.6291096
1184607,"August 11, 2018",Colorado,Thornton,4050 E 100th Ave,1,3,0,0,1,,39.8771092,-104.9391135
1186061,"August 11, 2018",California,San Francisco,Geneva St and Mission St,1,4,0,0,1,,37.7920871,-122.395093
1184992,"August 10, 2018",Missouri,Saint Louis,1515 N 13th St,0,4,0,0,1,,38.6415581,-90.1943227
1184206,"August 10, 2018",Michigan,Detroit,6300 block of Vinewood St,0,4,0,0,1,,42.3501438,-83.10846099999999
1182893,"August 8, 2018",New Jersey,Paterson,Mercer St and Franklin St,0,4,0,0,0,,40.92628029999999,-74.1605275
1182717,"August 8, 2018",Pennsylvania,Philadelphia,North 12th Street and West Huntingdon Street,2,4,0,0,0,,39.9918785,-75.15116859999999
1179935,"August 5, 2018",Illinois,Chicago,50 block of N Leclaire Ave,1,4,0,0,0,,41.8810648,-87.7526437
1179619,"August 5, 2018",Illinois,Chicago,1300 block of S Millard Ave,1,5,0,0,0,,41.8642789,-87.71694099999999
1179607,"August 5, 2018",Illinois,Chicago,1300 block of W 76th St,0,8,0,0,0,,41.7563745,-87.6566216
1179677,"August 5, 2018",Illinois,Chicago,900 block of S Karlov Ave,0,4,0,0,0,,41.8697624,-87.72791219999999
1179644,"August 5, 2018",Illinois,Chicago,1600 block of S Avers Ave,0,4,0,0,0,,41.8587302,-87.721508
1179810,"August 4, 2018",Nevada,Las Vegas,3400 block of Coran Ln,0,6,0,0,0,,36.1958423,-115.1848002
1180161,"August 4, 2018",Missouri,Kansas City,E 18th St and Highland Ave,0,6,0,0,1,,39.0911742,-94.5621539
1179805,"August 4, 2018",Illinois,Chicago,1600 block of N Leclaire Ave,1,3,0,0,0,,41.90975419999999,-87.7528349
1179589,"August 4, 2018",Wisconsin,Milwaukee,40th St and Vliet St,0,4,0,0,0,,43.0487085,-87.9635904
1176169,"July 31, 2018",California,Gardena,1212 West 135th Street,2,3,0,0,1,,33.9089901,-118.297083
1177024,"July 30, 2018",Georgia,Savannah,12328 Largo Dr,0,4,0,0,0,,31.9796077,-81.1488365
1175571,"July 30, 2018",Illinois,Chicago,1200 block of S Avers Ave,0,4,0,0,0,,41.7622043,-87.7188822
1174423,"July 29, 2018",Pennsylvania,York,100 block of E Maple St,0,4,0,0,0,,39.9561677,-76.7222311
1174960,"July 29, 2018",Arizona,Phoenix,2501 E Van Buren St,1,4,0,0,0,,33.4504229,-112.0273652
1174990,"July 29, 2018",Michigan,Lansing,Spring and River Street,0,4,0,0,0,,42.7252583,-84.5479336
1174190,"July 28, 2018",Louisiana,New Orleans,3400 S Claiborne Ave,3,7,0,0,1,,29.9404978,-90.0977958
1174527,"July 28, 2018",California,Los Angeles,8801 S Vermont Ave,2,4,0,0,0,,33.9577244,-118.2920231
1173476,"July 27, 2018",Texas,Robstown,603 East Ave J,4,0,1,0,0,,27.7994439,-97.6598193
1173637,"July 27, 2018",Illinois,Chicago,1100 block of S Troy St,0,4,0,0,0,,41.868095,-87.7048765
1172224,"July 26, 2018",Ohio,Cleveland,18416 St Clair Ave,1,6,0,0,2,,41.5720488,-81.5500702
1173069,"July 26, 2018",California,Oakland,73rd Ave and Bancroft Ave,2,2,0,0,0,,37.7658248,-122.1772264
1172403,"July 26, 2018",Texas,Dallas,3019 South Blvd,0,6,0,0,0,,32.7728384,-96.7665572
1172333,"July 25, 2018",Louisiana,New Orleans,7000 block of Bullard Ave,0,4,0,0,1,,30.0472359,-89.9623647
1170482,"July 23, 2018",Illinois,Chicago,6400 block of S May St,0,5,0,0,0,,41.777687,-87.653595
1168828,"July 21, 2018",Maryland,Baltimore,1000 block of Dundalk Ave,0,4,0,0,0,,39.2823865,-76.536856
1169103,"July 21, 2018",Illinois,Chicago,3100 block of W Fulton St,2,5,0,0,0,,41.8867769,-87.70401799999999
1169656,"July 20, 2018",Washington,Sunnyside,500 block of S 15th St,1,4,0,0,0,,46.3234236,-120.0010067
1167806,"July 20, 2018",New Jersey,Elizabeth,323 Irvington Ave,0,4,0,0,0,,40.6713226,-74.21907379999999
1166302,"July 18, 2018",Oklahoma,Oklahoma City,7201 Melrose Ln,0,4,0,0,4,,35.4718643,-97.639184
1165214,"July 16, 2018",Florida,Palm Beach Gardens (Riviera Beach),2100 block of W 28th St,2,4,0,0,0,,26.7844717,-80.08746169999999
1165299,"July 16, 2018",Pennsylvania,Philadelphia,2100 block of N 4th St,1,4,0,0,0,,39.9827181,-75.14058299999999
1165183,"July 16, 2018",District of Columbia,Washington,300 block of 53rd St NE,1,4,0,0,10,,38.8940499,-76.9252806
1164167,"July 15, 2018",Colorado,Denver,50th Ave and Grant St,0,4,0,0,0,,39.7874239,-104.984085
1164110,"July 15, 2018",Tennessee,Chattanooga,1400 Cowart St,0,5,0,0,0,,35.0382332,-85.3094636
1163947,"July 14, 2018",Maryland,Fort Washington,9500 block of Fort Foote Rd,0,4,0,0,0,,38.7590465,-77.0230035
1162785,"July 13, 2018",Virginia,Richmond,1401 Roseneath Rd,1,3,0,0,0,,37.5690457,-77.4744649
1162687,"July 12, 2018",Tennessee,Memphis,3678 Powers Rd,0,5,0,0,0,,35.2265863,-89.9110659
1162437,"July 11, 2018",Texas,Houston,9550 Bissonnet St,0,4,0,0,0,,29.676025,-95.54882099999999
1161230,"July 11, 2018",Florida,Reddick,16300 block of NW Gainesville Rd,0,4,0,0,0,,29.3857026,-82.2059168
1159820,"July 9, 2018",Florida,Orlando,Southland Blvd and Orange Blossom Trail,1,4,0,0,2,,28.4557857,-81.3993364
1160253,"July 9, 2018",Delaware,Wilmington,2709 Ferris Rd,4,0,1,0,0,,39.7409432,-75.6178187
1160418,"July 8, 2018",Alabama,Brandon,565 US-80,0,5,0,1,0,,32.350733,-88.7434417
1159528,"July 8, 2018",Tennessee,Memphis,Mount Moriah Rd and Mendenhall Rd,0,4,0,0,0,,35.11045,-89.89546759999999
1158826,"July 7, 2018",Alabama,Wetumpka,135 Granite Way,2,2,1,0,0,,32.4714464,-86.12233909999999
1156480,"July 5, 2018",New York,Brooklyn,280 Herkimer St,0,4,0,0,0,,40.6789999,-73.94432110000001
1157073,"July 5, 2018",New York,Albany,First St and Lexington Ave,0,4,0,0,0,,42.6613449,-73.7653895
1156528,"July 5, 2018",California,Los Angeles,1600 block of W. 2nd Street,3,3,0,0,0,,34.0612707,-118.2637319
1156638,"July 5, 2018",Virginia,Virginia Beach,1800 block of Atlantic Ave,0,6,0,0,1,,36.8464949,-75.9748754
1157733,"July 5, 2018",Ohio,Lima,1440 Bellefontaine Ave,1,5,0,0,0,,40.7280878,-84.07669419999999
1155906,"July 4, 2018",Georgia,Atlanta,5456 E Fayetteville Rd,1,3,0,0,0,,33.5895687,-84.4354642
1155567,"July 3, 2018",Missouri,Saint Louis,1700 block of Billups Ave,1,5,0,0,0,,38.6565835,-90.24254739999999
1154998,"July 3, 2018",District of Columbia,Washington,1700 block of Benning Rd NE,0,4,0,0,0,,38.8996539,-76.9791006
1154558,"July 2, 2018",New York,Buffalo,Grape St,2,2,0,0,1,,42.8999155,-78.8559858
1153997,"July 1, 2018",Illinois,Chicago,3400 block of W Walnut Ave,0,6,0,0,0,,41.885711,-87.71132
1153531,"June 30, 2018",Maryland,Baltimore,4000 block of Penhurst Ave,0,6,0,0,0,,39.338886,-76.68501169999999
1153134,"June 30, 2018",Georgia,Ashburn,800 Block of W. Washington,1,6,0,0,2,,31.7000331,-83.6697185
1153471,"June 30, 2018",New Jersey,Jersey City,Lexington Ave and John F Kennedy Blvd,0,5,0,0,1,,40.7180504,-74.0793467
1151584,"June 28, 2018",Maryland,Annapolis,888 Bestgate Rd,5,0,0,0,1,,38.9942721,-76.5435835
1151355,"June 27, 2018",California,Oakland,8901 MacArthur Boulevard,1,3,0,0,0,,37.7562345,-122.1618565
1151527,"June 27, 2018",Texas,San Antonio,100 block of Holly Street,0,4,0,0,1,,29.4221268,-98.53725519999999
1151373,"June 27, 2018",Connecticut,Hartford,124 Hillside Ave,0,4,0,0,0,,41.7496149,-72.6976391
1149910,"June 25, 2018",Illinois,Chicago,3900 block of S Vincennes Ave,0,6,0,0,0,,41.8238013,-87.61272989999999
1148468,"June 24, 2018",North Carolina,Sanford,109 S Steele St,1,5,0,1,1,,35.480586,-79.17874929999999
1148678,"June 24, 2018",Florida,Punta Gorda,2450 Harbour Dr,0,4,0,0,0,,26.992128,-81.99601179999999
1148647,"June 24, 2018",Florida,Indiantown,17068 SW Palm Beach St,0,4,0,0,0,,27.0248433,-80.4860303
1149173,"June 24, 2018",Florida,Palm Beach Gardens (Riviera Beach),1200 block of W 35th St,1,3,0,0,0,,26.7907793,-80.07246169999999
1149463,"June 24, 2018",Indiana,Gary,2500 block of Harrison Street,1,3,0,0,0,,41.5732709,-87.34645090000001
1148596,"June 24, 2018",Ohio,Sandusky,1504 Milan Rd,0,5,0,0,0,,41.4445599,-82.69931179999999
1148042,"June 23, 2018",Kansas,Wichita,1403 Harding  St,0,4,0,0,0,,37.7085278,-97.2783845
1147720,"June 23, 2018",Illinois,Chicago,100 block of East 51st St,1,4,0,0,0,,41.8021612,-87.6223547
1161366,"June 23, 2018",Tennessee,Covington,319 N High St,0,4,0,0,0,,35.5679154,-89.65229839999999
1147323,"June 22, 2018",Pennsylvania,Homestead (Munhall),1324 Margaret St,1,3,0,0,0,,40.4040038,-79.9029422
1146968,"June 21, 2018",California,San Bernardino,279 W Base Line,1,3,0,0,0,,34.1212117,-117.2894385
1146760,"June 21, 2018",Louisiana,Morganza,Deaton Ln,0,4,0,0,0,,30.7113396,-91.5559801
1146547,"June 21, 2018",Illinois,Chicago,6500 block of S Claremont Ave,0,4,0,0,0,,41.7754741,-87.6824949
1145709,"June 20, 2018",California,Modesto,2300 block of West Hatch Road,0,5,0,0,0,,37.6072884,-121.0307324
1145881,"June 19, 2018",Alabama,Huntsville,905 Lee Dr NW,0,4,0,0,1,,34.731391,-86.60317599999999
1144852,"June 18, 2018",Illinois,Bloomington,311 Riley Dr,3,1,0,0,1,,40.4914464,-88.9583923
1143558,"June 18, 2018",Illinois,Chicago,1300 block of S Loomis St,2,3,0,0,0,,41.8650742,-87.661813
1143135,"June 17, 2018",North Carolina,Charlotte,3215 Queen City Dr,0,4,0,0,0,,35.2401438,-80.9189447
1142789,"June 17, 2018",New Jersey,Trenton,635 S Clinton Ave,0,17,1,2,2,,40.2103327,-74.75473749999999
1143081,"June 17, 2018",Georgia,Macon,325 Edgewood Ln,1,3,0,0,1,,32.8209267,-83.6359323
1143524,"June 17, 2018",Illinois,Chicago,2200 block of S Sacramento Ave,0,4,0,0,0,,41.85164779999999,-87.7004226
1141645,"June 14, 2018",California,Union City,32992 Mission Blvd,0,5,0,0,0,,37.6103444,-122.0226659
1141745,"June 14, 2018",New York,Buffalo,Marigold Ave,1,4,0,0,0,,42.934638,-78.8293719
1141943,"June 14, 2018",California,Tracy,West 6th Street,1,4,0,0,1,,37.736423,-121.4334336
1141108,"June 14, 2018",Colorado,Westminster,5150 W 80th Ave,1,3,0,0,1,,39.8413703,-105.0525749
1142145,"June 14, 2018",Pennsylvania,Philadelphia,400 block of Penn St,0,4,0,0,0,,40.0259571,-75.17624099999999
1139320,"June 12, 2018",New York,Bronx,W 166th St and  Summit Ave,0,4,0,0,0,,40.8359055,-73.92869189999999
1139176,"June 11, 2018",Alabama,Montgomery,3220 block of Virginia Pines Ln,0,4,0,0,3,,32.3133971,-86.24140229999999
1138324,"June 11, 2018",Florida,Orlando,4932 Eaglesmere Dr,5,0,1,0,0,,28.4897693,-81.4653179
1137435,"June 10, 2018",California,Valley Village,12719 Tiara St,0,6,0,0,0,,34.1788589,-118.4101359
1137586,"June 10, 2018",Indiana,Indianapolis (Lawrence),4745 N Richardt Ave,1,4,0,0,1,,39.8426687,-86.0364123
1137547,"June 10, 2018",Illinois,Aurora,300 block of W Park Ave,0,7,0,0,0,,41.7643277,-88.3174114
1137600,"June 10, 2018",Florida,Bradenton,5627 14th St W,1,5,0,0,2,,27.4419006,-82.5745458
1137473,"June 10, 2018",Illinois,Chicago,6400 block of S Eberhart Ave,1,5,0,0,0,,41.77833709999999,-87.6134452
1137848,"June 10, 2018",Illinois,Bloomington,1200 block of Orchard Rd,2,2,0,0,1,,40.4903278,-88.950638
1137737,"June 9, 2018",North Carolina,Kannapolis,1709 S Cannon Blvd,0,4,0,0,0,,35.4705519,-80.6097449
1136928,"June 9, 2018",Massachusetts,Boston,14 Copeland St,0,4,0,0,1,,42.3221163,-71.0813156
1137402,"June 9, 2018",Pennsylvania,Philadelphia,2000 block of 20th St,1,4,0,0,0,,39.9846564,-75.1666125
1134378,"June 5, 2018",Florida,Jacksonville,Town Center Pkwy,3,1,0,0,0,,30.2619341,-81.5290028
1132408,"June 3, 2018",Texas,Dallas,4500 Spring Ave,0,5,0,0,0,,32.7739575,-96.7419706
1131909,"June 3, 2018",Illinois,Chicago,1200 block of W 73rd Pl,1,3,0,0,0,,41.7606112,-87.6542317
1131855,"June 2, 2018",Nebraska,Omaha,S 11th St and Farnam St,1,6,0,0,1,,41.2575854,-95.9305608
1132050,"June 2, 2018",New York,Buffalo,Strauss Street,0,5,0,0,0,,42.8970259,-78.8411815
1129432,"May 31, 2018",South Carolina,Timmonsville,544 Chaney Grove Rd,3,2,0,0,1,,34.0980261,-79.9829772
1126712,"May 27, 2018",Louisiana,Shreveport,857 E Stoner Ave,0,4,0,0,1,,32.4999106,-93.7204235
1126434,"May 27, 2018",Colorado,Aurora,15373 E 6th Ave,1,3,0,0,0,,39.7262436,-104.8091096
1124777,"May 25, 2018",Ohio,Cincinnati,1000 block of Ross Avenue,0,4,0,0,1,,39.112994,-84.57500739999999
1122728,"May 20, 2018",Indiana,Anderson,1604 Madison Ave,0,4,0,0,0,,40.0998282,-85.6915677
1121111,"May 20, 2018",Mississippi,Hazlehurst,513 Monticello St,1,7,0,0,2,,31.8507208,-90.3879211
1118785,"May 18, 2018",Texas,Santa Fe,16000 Hwy 6,10,13,0,0,1,,29.3932651,-95.1439214
1116705,"May 16, 2018",Texas,Ponder,610 Lone Star Park Ln,4,1,1,0,0,,33.178475,-97.28560920000001
1115110,"May 14, 2018",Maryland,Baltimore,2020 Etting St,0,4,0,0,0,,39.3074008,-76.6364315
1114725,"May 13, 2018",California,Los Angeles,365 W Manchester Avenue,2,2,0,0,1,,33.9602978,-118.2799327
1115051,"May 13, 2018",California,Stockton,2436 Belleview St,3,2,0,0,0,,37.9284281,-121.2617573
1114402,"May 13, 2018",Mississippi,Byhalia,French Rd and Berta Rd,0,4,0,0,1,,34.8557868,-89.6531653
1114276,"May 12, 2018",Nebraska,Omaha,3201 Decatur St,0,6,0,0,0,,41.275372,-95.95990139999999
1113538,"May 12, 2018",New Jersey,Paulsboro,275 W Buck St,0,4,0,0,0,,39.8298165,-75.2469693
1113737,"May 11, 2018",Missouri,Saint Louis,4800 block of Farlin Ave,0,4,0,0,0,,38.6768271,-90.2438
1112948,"May 11, 2018",Oklahoma,Talihina,2nd St and Dallas St,0,4,1,0,0,,34.7497206,-95.0457245
1111950,"May 9, 2018",Missouri,Saint Louis,5200 block of Minerva Avenue,0,4,0,0,0,,38.661442,-90.26855599999999
1111649,"May 9, 2018",Nebraska,Omaha,Sahler St and N 48th St,0,4,0,0,0,,41.29688040000001,-95.98550209999999
1110399,"May 7, 2018",California,San Diego,15th St and J St,0,5,0,0,0,,32.7094294,-117.1504001
1108856,"May 6, 2018",Oklahoma,Stillwater,2020 East Lakeview Road,0,4,0,0,0,,36.146026,-97.036727
1109322,"May 6, 2018",Tennessee,Memphis,499 N Watkins St,2,4,0,0,1,,35.1512251,-90.0129997
1108879,"May 5, 2018",Georgia,Columbus,4944 Sentry Street,0,5,0,0,1,,32.4451753,-84.9090624
1110773,"May 4, 2018",North Carolina,Henderson,519 Hilliard St,0,4,0,0,0,,36.3168122,-78.3974619
1109928,"May 4, 2018",Illinois,Chicago Heights,200 block of E 23rd St,0,4,0,0,0,,41.4941294,-87.62888439999999
1106451,"May 2, 2018",Illinois,Chicago,3500 block of W Grenshaw St,1,4,0,0,2,,41.867505,-87.71315039999999
1106432,"May 2, 2018",New York,Brooklyn,333 Bristol St,1,4,0,0,0,,40.6633026,-73.91089269999999
1106557,"May 2, 2018",Minnesota,Minneapolis,2400 block of Ogema Place,0,4,0,1,2,,44.956643,-93.2443668
1105061,"May 1, 2018",Louisiana,New Orleans,3200 block of Saint Claude Ave,0,5,0,0,0,,29.9670315,-90.0423599
1103454,"April 30, 2018",Florida,Pompano Beach,4251 N Dixie Hwy,0,4,0,0,0,,26.2833525,-80.1117392
1103465,"April 30, 2018",District of Columbia,Washington,3600 block of New York Ave NE,0,4,0,0,0,,38.91703,-76.9550355
1103423,"April 29, 2018",Tennessee,Wartburg,519 South Kingston St,0,4,0,0,1,,36.099,-84.59206909999999
1102808,"April 29, 2018",Washington,Seattle (Skyway),12603 Renton Ave S,2,2,0,0,0,,47.4910425,-122.240149
1103045,"April 29, 2018",North Carolina,Monroe,1500 block of Massey St,1,3,0,0,1,,34.9889091,-80.5342209
1102900,"April 29, 2018",Florida,West Palm Beach,1969 S Military Trail,1,3,0,0,1,,26.6483128,-80.112544
1102559,"April 28, 2018",North Carolina,Maxton,Modest Rd,0,5,0,0,0,,34.8142098,-79.3079965
1100691,"April 25, 2018",Arkansas,Pine Bluff,300 block of West 24th Street,0,4,0,0,0,,34.2052022,-92.00504699999999
1100852,"April 25, 2018",Missouri,Saint Louis,1151 Northdale Dr,3,1,0,0,1,,38.7871673,-90.20224999999999
1099516,"April 24, 2018",Michigan,Flint,2200 block of Ave A,0,4,0,0,0,,43.0362888,-83.69750479999999
1096826,"April 22, 2018",Tennessee,Antioch,3571 Murfreesboro Pike,4,3,0,0,1,,36.0505606,-86.61552619999999
1097700,"April 22, 2018",Louisiana,New Orleans,1900 block of St Roch Ave,2,4,0,0,1,,29.9769087,-90.05332729999999
1096232,"April 21, 2018",Pennsylvania,Philadelphia,1800 block of W Diamond St,2,2,0,0,1,,39.9853691,-75.1631697
1096388,"April 20, 2018",California,San Francisco,3rd Street and Quesada Ave,1,5,0,0,0,,37.7331932,-122.3912071
1095043,"April 18, 2018",North Carolina,Asheville,73 Hansel Ave,3,3,1,0,0,,35.59163789999999,-82.58360030000001
1092279,"April 15, 2018",Louisiana,Shreveport,6956 Jewella Ave,0,6,0,0,0,,32.4434754,-93.7982474
1088778,"April 9, 2018",California,Vallejo,201 Maine St,0,4,0,0,0,,38.0976207,-122.2569936
1087153,"April 8, 2018",North Carolina,Hickory,247 1st Ave NW,1,3,0,0,3,,35.7330408,-81.3413595
1087021,"April 8, 2018",Florida,Miami,1300 block of NW 63rd Terrace,2,2,0,0,0,,25.8336238,-80.2187668
1086773,"April 6, 2018",Florida,Jacksonville,6100 block of Transylvania Ave,0,4,0,0,0,,30.24900869999999,-81.7412725
1086966,"April 6, 2018",Virginia,Virginia Beach,5800 block of Pickering St,1,3,0,0,0,,36.8586667,-76.1779347
1084847,"April 4, 2018",Louisiana,New Orleans,3300 Garden Oaks Drive,2,2,0,0,0,,29.9218289,-90.0220088
1083552,"April 2, 2018",Texas,Houston,8500 block of Redcliff Rd,1,3,0,0,0,,29.9040699,-95.522408
1082835,"April 1, 2018",Michigan,Saginaw,600 block of Yale St,0,5,0,0,0,,43.4191787,-83.9818929
1083011,"April 1, 2018",Alabama,Mobile,3556 Halls Mill Rd,1,4,0,0,3,,30.6387358,-88.1228878
1082273,"March 31, 2018",New Jersey,Asbury Park,Atlantic Ave and Monmouth Ave,0,5,0,0,0,,40.2164585,-74.0187327
1080234,"March 29, 2018",Texas,Plano,7401 Alma Dr,1,3,0,0,1,,33.0776251,-96.71197269999999
1080442,"March 29, 2018",New Jersey,Camden,Kaighn Ave and Haddon Ave,0,4,0,0,0,,39.9321008,-75.10272379999999
1077180,"March 24, 2018",Utah,Salt Lake City (West Valley City),3180 South 5600 West,0,4,0,0,0,,40.7017383,-112.0256068
1074886,"March 21, 2018",California,San Francisco,949 Geneva Ave,0,5,1,0,0,,37.7162671,-122.4403103
1071427,"March 17, 2018",Kentucky,Louisville,2928 W Kentucky St,0,7,0,0,1,,38.2436367,-85.8024343
1071381,"March 17, 2018",Illinois,Harvey,16700 S Halsted St,0,4,0,0,0,,41.5867771,-87.6371717
1078612,"March 13, 2018",Florida,Macclenny,South Blvd,0,4,0,0,1,,30.2779977,-82.1133356
1068615,"March 12, 2018",California,Modesto,2000 block of Robertson Rd,0,4,0,0,0,,37.613032,-121.0234798
1067061,"March 11, 2018",Indiana,South Bend,800 block of E Dayton St,0,6,0,0,2,,41.6558243,-86.2392419
1067264,"March 11, 2018",Illinois,Champaign,700 block of N Hickory St,1,3,0,0,0,,40.1223688,-88.2421992
1067296,"March 11, 2018",Michigan,Saginaw,Cumberland Ave and Hess St,1,4,0,0,0,,43.4001065,-83.8571561
1066594,"March 9, 2018",North Carolina,Wadesboro,1300 E Caswell St,3,1,0,0,1,,34.9626681,-80.0531649
1064514,"March 7, 2018",Alabama,Hurtsboro,531 Main Street,2,2,0,0,1,,32.2404561,-85.4147459
1062466,"March 4, 2018",Illinois,Rockford,426 Howard Ave,1,4,0,0,1,,42.2725146,-89.1224871
1061748,"March 3, 2018",New York,Brooklyn,Kings Highway and Utica Avenue,1,3,0,0,0,,40.634077,-73.9285007
1062123,"March 3, 2018",Florida,Miami,1300 Block of NW 62nd Ln,0,4,0,0,0,,25.8327185,-80.21901
1059559,"February 27, 2018",Connecticut,Bridgeport,1306 Stratford Ave,0,4,0,0,0,,41.1785532,-73.1647334
1057518,"February 26, 2018",Michigan,Detroit,22700 Fenkell Ave,4,0,1,0,0,,42.4004881,-83.2659884
1056240,"February 23, 2018",Florida,Palm Beach Gardens (Riviera Beach),W 23rd St,1,3,0,0,0,,26.7817338,-80.0734293
1052372,"February 18, 2018",Texas,San Antonio,2893 Cinema Ridge,0,5,0,0,0,,29.4632584,-98.62038140000001
1052035,"February 17, 2018",Kansas,Kansas City,1615 Minnesota,1,7,0,0,0,,39.1153052,-94.6477539
1051407,"February 17, 2018",Tennessee,Memphis,3188 N Watkins Ave,0,5,0,0,0,,35.2126922,-90.0031267
1051291,"February 16, 2018",Oklahoma,Oklahoma City,1700 block of SW 15,1,3,0,0,2,,35.4494661,-97.5440677
1049217,"February 14, 2018",Florida,Pompano Beach (Parkland),5901 Pine Island Rd,17,17,0,0,1,,26.304503,-80.26945700000002
1049024,"February 13, 2018",Louisiana,New Orleans,5400 block of Andry St,2,3,0,0,2,,29.9665194,-90.0169488
1047761,"February 11, 2018",Michigan,Detroit,19432 Lamont St,3,3,1,0,1,,42.4377754,-83.0548048
1046961,"February 10, 2018",Kentucky,Paintsville,413 Mill St,4,0,1,0,0,,37.8162317,-82.8106329
1044234,"February 7, 2018",Florida,Lake Worth (Lantana),I-95 and W Lantana Rd,2,3,1,0,0,,26.5867357,-80.052207
1043447,"February 5, 2018",Colorado,Colorado Springs,4225 Galley Rd,1,4,1,0,0,,38.8464867,-104.7501
1042280,"February 3, 2018",Ohio,Cleveland (Garfield Heights),11321 Broadway Ave,1,5,0,0,0,,41.4335842,-81.6050149
1040815,"January 31, 2018",Missouri,Saint Louis,Goodfellow Blvd and Dr Martin Luther King Dr,0,4,0,0,0,,38.6720721,-90.27938979999999
1037529,"January 28, 2018",Pennsylvania,Melcroft,1301 Indian Creek Valley Rd,4,0,1,0,0,,40.0518596,-79.3896268
1037515,"January 28, 2018",Indiana,Indianapolis,1313 N Sherman Dr,2,2,0,1,1,,39.7851443,-86.10184819999999
1038429,"January 28, 2018",Pennsylvania,Reading,123 S 3rd St,4,0,0,0,1,,40.3330593,-75.9316764
1037438,"January 27, 2018",Kentucky,Bowling Green,645 Pearl Street,0,4,0,0,0,,37.0104805,-86.45085189999999
1037541,"January 27, 2018",California,Los Angeles,243 East 119th St,0,5,0,0,0,,33.9249037,-118.2702563
1035803,"January 25, 2018",District of Columbia,Washington,1600 block of Kenilworth Ave NE,0,4,0,0,0,,38.9113016,-76.9353481
1033262,"January 23, 2018",Kentucky,Benton,416 High School Rd,2,14,0,0,1,,36.9128027,-88.3327633
1034205,"January 23, 2018",Pennsylvania,Philadelphia,N 24th St and Ridge Ave,0,4,0,0,0,,39.9816659,-75.1738988
1032393,"January 21, 2018",Florida,Orlando,3101 Willow Bend Blvd,0,4,0,0,2,,28.582257,-81.4441609
1031851,"January 21, 2018",Illinois,Chicago,3200 W Division St,0,4,0,0,0,,41.9028587,-87.7069767
1029095,"January 17, 2018",District of Columbia,Washington,2000 block of 16th St SE,1,3,0,0,1,,38.86532830000001,-76.9821825
1042072,"January 15, 2018",Florida,Alachua,14223 NW 156th Pl,0,5,0,0,2,,29.798494,-82.497143
1026804,"January 14, 2018",Alabama,Eutaw,809 Mesopotamia St,1,4,0,0,0,,32.8503517,-87.9023914
1027013,"January 14, 2018",Alabama,Madison,101 Westchester Dr,0,4,0,0,1,,34.684409,-86.7665254
1025673,"January 12, 2018",Tennessee,Nashville,2614 Jenkins Ct,3,2,0,0,1,,36.1820122,-86.8204302
1025272,"January 11, 2018",Missouri,Saint Robert (St Robert),St Robert Outer Road and Houston Road,2,2,0,0,1,,37.831855,-92.1035309
1022067,"January 7, 2018",Alabama,Union Springs,US-29,1,5,0,0,0,,32.1385469,-85.713471
1022055,"January 7, 2018",Florida,Plantation,5225 W Broward Blvd,0,4,0,0,0,,26.1219053,-80.2188382
1021788,"January 5, 2018",Mississippi,Hattiesburg,6168 US 49,0,6,0,0,1,,31.3269492,-89.3285509
1020574,"January 4, 2018",Arkansas,Brinkley,615 W 6th St,1,3,0,0,1,,34.9037107,-91.2000424
1018295,"January 1, 2018",Alabama,Huntsville,2025 Sparkman Dr NW,1,3,0,0,0,,34.7627935,-86.5945376
1582816,"December 29, 2019",Illinois,Danville,1803 block of Westview Ave,0,5,0,0,0,,40.1559932,-87.6146968
1582197,"December 29, 2019",New York,Buffalo,50 block of Henrietta Ave,1,3,0,0,0,,42.9564186,-78.89992869999999
1583444,"December 29, 2019",California,Ceres,800 block of Allacante Dr,0,5,0,0,0,,37.5907868,-120.9831814
1581590,"December 27, 2019",California,Modesto,1900 block of Vernon Ave,1,3,0,0,0,,37.6143978,-121.0272923
1581103,"December 27, 2019",Texas,Houston,500 block of Smart St,2,7,0,0,4,,29.8843557,-95.4057297
1581476,"December 27, 2019",Georgia,Kennesaw,1575 Ridenour Pkwy NW,0,4,0,0,0,,33.9913245,-84.5885521
1580308,"December 26, 2019",Florida,Saint Petersburg,4300 6th St S,0,5,0,0,0,,27.7295985,-82.63912289999999
1579889,"December 25, 2019",California,Oakland,2100 block of 34th Ave,0,4,0,0,0,,37.7838143,-122.2193704
1579970,"December 25, 2019",Iowa,Coralville,954 Boston Way,1,3,0,0,2,,41.6863713,-91.6015919
1579856,"December 25, 2019",Virginia,Richmond,1800 E Main St,1,3,0,0,0,,37.5329804,-77.42740189999999
1579266,"December 24, 2019",Louisiana,New Orleans,6400 block of General Meyer Ave,0,4,0,0,0,,29.924103,-89.98465569999999
1594317,"December 24, 2019",Illinois,Joliet,1200 block of Cutter Ave,0,5,0,0,0,,41.5463532,-88.05336
1579220,"December 24, 2019",North Carolina,High Point,1226 Montlieu Ave,0,6,0,0,0,,35.979211,-79.979822
1577577,"December 22, 2019",Maryland,Baltimore,225 Park Ave,0,7,0,0,0,,39.2925653,-76.61795219999999
1577688,"December 22, 2019",Minnesota,Minneapolis (Spring Lake Park),8407 Plaza Blvd NE,1,7,0,0,0,,45.1224397,-93.23431149999999
1577518,"December 22, 2019",Illinois,Chicago,5700 block of S May St,0,12,0,1,2,,41.790408,-87.653915
1578711,"December 21, 2019",Louisiana,Edgard,2555 LA-18,0,4,0,0,1,,30.0449509,-90.566214
1577046,"December 20, 2019",Mississippi,Waynesboro,Turner St,1,6,0,0,1,,31.6706383,-88.6459689
1577438,"December 20, 2019",Alabama,Tuskegee,2900 block of Davison St,2,2,0,0,0,,32.3994182,-85.72020619999999
1575175,"December 18, 2019",Texas,San Antonio,2418 SW Military Dr,0,4,0,0,4,,29.3547088,-98.5323435
1573754,"December 17, 2019",Montana,Great Falls,1701 10th Ave S,3,1,1,0,0,,47.49444339999999,-111.2780256
1572275,"December 15, 2019",Georgia,Columbus,600 block of 32nd St,1,4,0,0,0,,32.4940719,-84.9851066
1573471,"December 14, 2019",California,Ivanhoe,15700 block of Paradise Ave,0,4,0,0,0,,36.3820772,-119.2221414
1571348,"December 12, 2019",Missouri,Saint Louis (Moline Acres),9900 block of Lewis and Clark Blvd,1,3,0,0,1,,38.7469282,-90.2397137
1568230,"December 10, 2019",New Jersey,Jersey City,223 Martin Luther King Dr,4,3,2,0,0,,40.7070672,-74.0837047
1567932,"December 8, 2019",Texas,Desoto,200 block of W Wintergreen Rd,2,3,0,0,0,,32.6185799,-96.8583359
1567231,"December 8, 2019",Louisiana,New Orleans,3801 Washington Ave,1,4,0,0,0,,29.9489138,-90.099046
1565216,"December 6, 2019",Florida,Pensacola,280 Taylor Rd,3,8,1,0,0,,30.3553578,-87.2884112
1564524,"December 4, 2019",Alabama,Montgomery,500 Eastdale Rd S,2,2,0,0,0,,32.3731415,-86.20346029999999
1562685,"December 1, 2019",Michigan,Kalamazoo,6300 block of Proctor St,1,3,0,0,1,,42.2853321,-85.50616
1562043,"December 1, 2019",Louisiana,Cotton Valley,116 Hawthorne Loop,2,3,0,0,1,,32.8132531,-93.43001389999999
1561966,"December 1, 2019",Louisiana,New Orleans,2000 block of N Dorgenois St,2,2,0,0,0,,29.9823104,-90.0649742
1561813,"December 1, 2019",Illinois,Aurora,700 block of S 5th St,1,4,0,0,0,,41.7521458,-88.310628
1561734,"December 1, 2019",Louisiana,New Orleans,700 block of Canal St,0,11,0,1,2,,29.953033,-90.06935560000001
1561398,"November 30, 2019",Arkansas,Hensley,6500 block of E Sardis Rd,0,5,0,0,1,,34.54406460000001,-92.3551414
1560645,"November 29, 2019",Texas,Amarillo,2650 Dumas Dr,0,7,0,0,0,,35.2418901,-101.8302841
1559257,"November 27, 2019",New York,Bronx,E 153rd St and Courtlandt Ave,0,5,0,0,1,,40.81937629999999,-73.9182821
1558067,"November 25, 2019",Florida,Brownsville,NW 29th Ave and 44th St,2,2,0,0,2,,25.8152069,-80.2425062
1557006,"November 24, 2019",Alabama,Birmingham,7 15th St W,1,4,0,0,0,,33.4996517,-86.86095259999999
1556633,"November 24, 2019",California,Los Angeles,100 block of E 11th St,0,6,0,0,0,,34.0390855,-118.2581521
1556984,"November 24, 2019",Louisiana,Cottonport,3846 LA-29,2,2,0,0,1,,30.9914766,-92.080912
1555879,"November 23, 2019",California,Los Angeles,833 S Spring St,0,4,0,0,1,,34.0425292,-118.2546953
1556002,"November 23, 2019",Louisiana,Tallulah,Depot St,1,6,0,0,1,,32.408048,-91.1882611
1554807,"November 21, 2019",Washington,Everett,120 West Casino Rd,0,4,0,0,1,,47.92015,-122.2353271
1555135,"November 21, 2019",California,Long Beach,1100 block of 10th St,0,5,0,0,0,,33.7788199,-118.1788889
1554446,"November 20, 2019",California,Richmond,20th St and Roosevelt Ave,0,4,0,0,0,,37.9392976,-122.3419643
1552068,"November 18, 2019",New Jersey,Newark,139 S 8th St,1,4,0,0,0,,40.7455292,-74.1963567
1551531,"November 17, 2019",California,Fresno,5361 E Lamona Ave,4,6,0,0,4,,36.7609163,-119.7156482
1551162,"November 17, 2019",Ohio,Cleveland,7100 block of Lawn Ave,0,4,0,0,0,,41.4761682,-81.7337446
1550546,"November 16, 2019",California,San Diego,2152 Flintridge Dr,5,0,1,0,0,,32.6776098,-117.0690992
1548689,"November 14, 2019",California,Santa Clarita,21900 Centurion Way,2,3,1,0,0,,34.4422368,-118.5174813
1547021,"November 11, 2019",Florida,Belle Glade,SW 7th St,0,4,0,0,0,,26.6803706,-80.6760943
1546983,"November 11, 2019",Colorado,Aurora,384 S Ironton St,0,6,0,0,1,,39.7092413,-104.8634401
1546102,"November 10, 2019",Missouri,Kansas City,4704 Independence Ave,0,4,0,0,0,,39.1056856,-94.52703009999999
1546038,"November 10, 2019",Tennessee,Memphis,2080 E. Brooks Rd,1,4,0,0,0,,35.0611336,-89.9944113
1546155,"November 10, 2019",Arkansas,Little Rock,3000 block of W 12th St,0,4,0,0,0,,34.7401776,-92.30709139999999
1545955,"November 9, 2019",Michigan,Detroit,3800 block of E McNichols Rd,0,4,0,0,0,,42.4184189,-83.0629289
1545152,"November 9, 2019",North Carolina,Charlotte,2700 block of Lytham Dr,2,2,0,0,1,,35.1120291,-80.8634172
1546508,"November 9, 2019",Georgia,Vidalia,Wiggins St,0,4,0,0,2,,32.2279475,-82.408407
1543835,"November 7, 2019",Georgia,Conyers,1800 block of Green St,1,3,1,0,0,,33.6844542,-83.98661899999999
1541774,"November 4, 2019",Texas,Houston,5000 block of Northridge Dr,1,3,0,1,0,,29.6714423,-95.3484953
1540863,"November 3, 2019",Ohio,Toledo,600 block of Magnolia St,0,4,0,0,0,,41.6618239,-83.5214369
1540841,"November 3, 2019",Texas,Nacogdoches,Sandyland Cir and CR 823,1,3,0,0,1,,31.654174,-94.73263860000002
1540280,"November 2, 2019",Louisiana,Baton Rouge,137 Taylor St,0,4,0,0,0,,30.4260801,-91.1809433
1540240,"November 2, 2019",Michigan,Detroit,7000 block of E. Kirby,1,4,0,0,0,,42.3760529,-83.0224346
1539572,"November 1, 2019",Arizona,Tolleson,2434 S 86th Ln,0,5,0,0,0,,33.4248992,-112.2465528
1539557,"November 1, 2019",Texas,San Angelo,1616 S Chadbourne St,0,4,0,0,2,,31.4440552,-100.4334661
1539347,"October 31, 2019",California,Orinda,114 Lucille Way,5,3,0,0,0,,37.8734462,-122.1834296
1537992,"October 30, 2019",Pennsylvania,Philadelphia,5026 Walton Ave,4,0,0,0,1,,39.9491456,-75.2241463
1537044,"October 29, 2019",Maryland,Baltimore,4700 block of Liberty Heights Ave,1,3,0,0,0,,39.3316745,-76.6957389
1537672,"October 29, 2019",California,Long Beach,2709 E 7th St,3,9,0,0,11,,33.7755256,-118.1597533
1536787,"October 28, 2019",Maryland,Baltimore,4160 Pimlico Rd,1,3,0,0,0,,39.33723860000001,-76.66309559999999
1536706,"October 27, 2019",Michigan,Detroit,East Outer Dr and Helen St,0,4,0,0,0,,42.4411794,-83.0318322
1535629,"October 27, 2019",Michigan,Lansing,Balfour Dr and W Miller Rd,1,4,0,0,0,,42.6692109,-84.5762821
1535478,"October 26, 2019",Texas,Greenville,2275 US-380,2,6,0,0,0,,33.13626370000001,-96.17633160000001
1534704,"October 24, 2019",Oklahoma,Oklahoma City,1900 block of NW 12th St,2,2,0,0,0,,35.4813871,-97.54352709999999
1533166,"October 22, 2019",Oklahoma,Oklahoma City (Midwest City),7020 E Green Ave,1,3,0,0,0,,35.4495065,-97.3967019
1531326,"October 21, 2019",South Carolina,Sumter,29 Wesmark Blvd,0,4,0,0,1,,33.9523525,-80.3756516
1530965,"October 20, 2019",Texas,Port Arthur,1100 block of Vicksburg Ave,1,3,0,0,0,,29.8866772,-93.9317559
1530407,"October 19, 2019",Pennsylvania,Duquesne,600 block of Priscilla Ave,0,4,0,0,0,,40.3682131,-79.8495425
1530276,"October 19, 2019",Texas,El Paso,3812 Truman Ave,1,4,0,0,1,,31.8188724,-106.447012
1527528,"October 15, 2019",Ohio,Columbus,1600 block of Manchester Ave,0,4,0,0,0,,40.0220989,-82.9686053
1525999,"October 13, 2019",Pennsylvania,Philadelphia,W Clearfield St and N 8th St,0,6,0,0,0,,39.9987934,-75.14379190000001
1526952,"October 13, 2019",Ohio,Akron,Main St,0,4,0,0,0,,41.0709625,-81.5243958
1525062,"October 12, 2019",New York,Brooklyn,75 Utica Ave,3,3,1,0,0,,40.6763851,-73.9301985
1525476,"October 12, 2019",Illinois,Chicago,6733 W Irving Park Rd,5,0,0,0,1,,41.9548816,-87.7516283
1525408,"October 12, 2019",Pennsylvania,Philadelphia,700 block of W Russell St,1,3,0,0,0,,40.003591,-75.141539
1525628,"October 12, 2019",Maryland,Baltimore,800 block of W Lexington St,1,3,0,0,0,,39.291247,-76.6307695
1525265,"October 12, 2019",Michigan,Eastpointe,15163 E 10 Mile Rd,1,5,0,0,1,,42.4798297,-82.9644762
1523606,"October 10, 2019",Florida,Tampa,5410 N Falkenburg Rd,2,2,0,0,0,,27.9957813,-82.3353752
1524264,"October 10, 2019",Pennsylvania,Philadelphia,900 block of S 5th St,0,5,0,0,0,,39.9372944,-75.151966
1522979,"October 9, 2019",Massachusetts,Lowell,149 Ennell Street,0,5,0,0,0,,42.6574699,-71.3092286
1523204,"October 9, 2019",Maryland,Baltimore,1600 block of W North Ave,1,3,0,0,0,,39.3103158,-76.6431805
1521226,"October 7, 2019",Massachusetts,Abington,135 Centre Ave,4,0,1,0,0,,42.1066876,-70.9385365
1520425,"October 6, 2019",Indiana,Evansville,1127 Chestnut St,0,5,0,0,1,,37.9731667,-87.56022209999999
1520499,"October 6, 2019",Colorado,Denver,7100 block of Ruth Way,0,4,0,0,0,,39.8257736,-105.0130289
1520330,"October 6, 2019",Kansas,Kansas City,1013 Central Ave,4,5,0,0,2,,39.1007999,-94.6360862
1520547,"October 5, 2019",Missouri,Saint Louis,10035 Crown Point Dr,0,5,0,0,0,,38.7508249,-90.2608123
1519090,"October 3, 2019",North Carolina,Roxboro,700 South Foushee St,1,3,0,0,0,,36.3833467,-78.9847808
1518859,"October 3, 2019",Missouri,Marshall,S Olson Ave,1,3,0,0,1,,39.1084679,-93.1935543
1517804,"October 1, 2019",Missouri,Saint Louis,Leonor K. Sullivan Blvd and Poplar St,0,4,0,0,0,,38.6210692,-90.191766
1515312,"September 29, 2019",Illinois,Round Lake (Round Lake Park),500 block of Fairlawn Ave,1,3,0,0,0,,42.35721909999999,-88.0769297
1515242,"September 29, 2019",Wisconsin,Milwaukee,1500 block of N 29th St,0,4,0,0,0,,43.0500672,-87.949991
1515128,"September 29, 2019",Florida,Jacksonville,2200 block of Clemente Dr,0,4,0,0,0,,30.3246984,-81.6880177
1517360,"September 29, 2019",Kansas,Claflin,1500 block of NE 100th Rd,0,4,0,0,0,,38.5074005,-98.4988036
1515327,"September 29, 2019",Texas,Beaumont,4100 block of Highland Ave,4,0,0,0,1,,30.0472821,-94.0854633
1511999,"September 24, 2019",Illinois,Chicago,2000 block of South Hoyne Ave,1,3,0,0,0,,41.8549039,-87.67837720000001
1510411,"September 23, 2019",Indiana,Gary,1600 block of Connecticut St,2,2,0,0,1,,41.586842,-87.334783
1509721,"September 22, 2019",Missouri,Kansas City,2111 Television Plaza,0,5,0,0,0,,39.0419692,-94.5926089
1509411,"September 21, 2019",Louisiana,New Orleans,Poland Ave and St. Claude Ave,0,4,0,0,0,,29.9648352,-90.0314001
1508804,"September 21, 2019",South Carolina,Lancaster,1399 Old Charlotte Rd,2,8,0,0,1,,34.7418813,-80.7782188
1512486,"September 21, 2019",Ohio,Cleveland,3616 East 144th St,4,0,0,0,1,,41.4611899,-81.5815732
1509510,"September 21, 2019",Indiana,Indianapolis,101 W Maryland St,0,6,0,0,0,,39.7655527,-86.160219
1508859,"September 20, 2019",Louisiana,New Orleans,Canal Blvd and City Park Ave,1,5,0,0,1,,29.9820817,-90.11066389999999
1507939,"September 19, 2019",District of Columbia,Washington,1300 block of Columbia Rd NW,1,5,0,0,0,,38.9274351,-77.0306145
1507156,"September 18, 2019",Illinois,Chicago,4200 block of W Madison St,3,1,0,0,0,,41.8809868,-87.73092109999999
1507092,"September 18, 2019",California,Wilmington,800 block of Bayview Ave,2,2,0,0,0,,33.7797201,-118.2697854
1505354,"September 16, 2019",Wyoming,Cheyenne,3436 E 11th St,2,2,0,0,1,,41.1356782,-104.7661194
1504030,"September 14, 2019",Missouri,Saint Louis,5200 block of Tennessee Ave,1,3,0,0,0,,38.5707956,-90.2506671
1504012,"September 14, 2019",California,Oakland,38th Ave and MacArthur Blvd,1,4,0,0,1,,37.7905763,-122.1977588
1504387,"September 14, 2019",Georgia,Lagrange,1400 block of Elm St,0,4,0,0,1,,33.0178538,-85.0429033
1503192,"September 12, 2019",New Mexico,Albuquerque,1028 Lura Pl SW,4,2,0,0,0,,35.06402050000001,-106.6842008
1501350,"September 10, 2019",Illinois,Chicago,2200 block of W Maypole Ave,0,4,0,0,0,,41.8841147,-87.68181709999999
1499460,"September 8, 2019",South Carolina,Sumter,1083 Broad St,2,2,0,0,3,,33.9507538,-80.3761735
1500098,"September 8, 2019",Louisiana,Alexandria,2900 block of Cypress St,1,3,0,0,1,,31.2856508,-92.4439014
1499300,"September 7, 2019",North Carolina,Whiteville,Brittany Ln,3,1,0,0,2,,34.2481902,-78.6850442
1497180,"September 4, 2019",Florida,Jacksonville,400 W 62nd St,0,4,0,0,0,,30.38426459999999,-81.6589894
1497702,"September 4, 2019",Louisiana,Marrero,3044 Sorbonne Dr,2,2,0,0,2,,29.8508707,-90.1192349
1494697,"September 2, 2019",North Carolina,Greensboro,5528 W Market St,2,2,0,0,0,,36.0771192,-79.89005209999999
1495141,"September 2, 2019",Illinois,Chicago,6200 block of S King Dr,0,4,0,0,0,,41.7819848,-87.6159995
1495192,"September 2, 2019",Alabama,Elkmont,25019 Ridge Road,5,0,0,0,1,,34.9211151,-86.96982039999999
1494113,"September 1, 2019",Connecticut,Hartford,80 Edgewood St,1,3,0,0,3,,41.7796099,-72.6911868
1494669,"September 1, 2019",North Carolina,Rocky Mount,521 Country Club Road,0,4,0,0,0,,35.9665833,-77.8255913
1494548,"September 1, 2019",Alabama,Valley,502 Boulevard,0,7,0,0,1,,32.7911969,-85.1871199
1493374,"September 1, 2019",Ohio,Toledo,3257 Stickney Ave,0,4,0,0,0,,41.6827136,-83.5271169
1492778,"August 31, 2019",North Carolina,Charlotte,10035 Dabney Dr,1,3,0,0,0,,35.31339,-80.71797670000001
1492377,"August 31, 2019",South Carolina,Moncks Corner,336 Maplewood Rd,0,4,0,0,0,,33.156254,-80.0383634
1492441,"August 31, 2019",Texas,Odessa,8250 TX 191,7,23,1,0,0,,31.9246262,-102.2846595
1492264,"August 31, 2019",Pennsylvania,Philadelphia,4600 block of 4th St,2,2,0,0,0,,40.0208834,-75.1320104
1493429,"August 31, 2019",Maryland,Baltimore,900 block of N Monroe St,0,4,0,0,0,,39.2991074,-76.6476522
1492297,"August 31, 2019",Maryland,Frederick,600 block of N Market St,0,4,0,0,3,,39.42174230000001,-77.40966089999999
1493038,"August 31, 2019",Illinois,Chicago,7100 block of S Paulina St,2,3,0,0,0,,41.7648873,-87.6662489
1491495,"August 30, 2019",Maryland,Baltimore,1600 block of E 29th St,1,3,0,0,0,,39.3249316,-76.592913
1492087,"August 30, 2019",Alabama,Mobile,1621 Virginia St,0,9,0,0,1,,30.6726132,-88.07665949999999
1490466,"August 29, 2019",Maryland,Baltimore,2500 block of E Monument St,1,3,0,0,0,,39.2990019,-76.582112
1487729,"August 25, 2019",New Mexico,Hobbs,1700 block of E Bond St,3,4,0,0,1,,32.7036974,-103.1162685
1487573,"August 25, 2019",Illinois,Chicago,8200 block of S Maryland Ave,1,3,0,0,0,,41.74560169999999,-87.6041113
1487356,"August 24, 2019",Maryland,Temple Hills (Camp Springs),6200 block of Maxwell Dr,0,7,0,0,0,,38.8173635,-76.8982963
1487224,"August 24, 2019",Massachusetts,Lynn,Warren Street,1,3,0,0,3,,42.4612882,-70.9601042
1486232,"August 23, 2019",Texas,Houston,4900 block of Southwind St,2,2,1,0,1,,29.6779794,-95.3503175
1489373,"August 23, 2019",Georgia,Dublin,200 Riverview Park Dr,0,4,0,0,1,,32.51722820000001,-82.89721709999999
1486675,"August 23, 2019",Missouri,Saint Louis,1122 Union Blvd,1,3,0,0,0,,38.6578296,-90.27220729999999
1485340,"August 22, 2019",South Carolina,Columbia,851 Bush River Rd,2,2,0,0,1,,34.0304399,-81.1003416
1485548,"August 22, 2019",California,Los Angeles,300 block of West Fifth St,0,4,0,0,0,,34.0480568,-118.2510087
1484335,"August 20, 2019",Georgia,Atlanta,111 James P Brawley Dr SW,0,4,0,0,2,,33.7515371,-84.4135506
1482199,"August 18, 2019",Missouri,Kansas City,770 W 47th St,0,4,0,0,0,,39.0429588,-94.5956861
1481989,"August 17, 2019",Texas,Houston,12500 block of Mylla St,0,6,0,0,0,,29.7625933,-95.21547939999999
1480326,"August 15, 2019",Alabama,Montgomery,847 N University Dr,2,3,0,0,2,,32.3656317,-86.2974065
1479894,"August 15, 2019",Pennsylvania,Philadelphia,1400 block of W Conlyn St,0,5,0,0,0,,40.0419727,-75.1440851
1478869,"August 14, 2019",Pennsylvania,Philadelphia,3716 N 15th St,0,6,0,0,1,,40.0100353,-75.15297269999999
1479395,"August 13, 2019",Washington,Tacoma,E 38th St and E Roosevelt Ave,2,3,0,0,0,,47.2230912,-122.3988316
1478480,"August 12, 2019",Mississippi,Greenwood,200 Young St,0,4,0,0,1,,33.5191121,-90.17406319999999
1475924,"August 11, 2019",Illinois,Chicago,3500 block of W Lake St,0,6,0,0,0,,41.8849802,-87.71369469999999
1475361,"August 10, 2019",Virginia,Richmond,6346 Midlothian Turnpike,0,4,0,0,0,,37.5044366,-77.5138084
1476271,"August 10, 2019",California,San Francisco,1100 Fillmore St,0,4,0,0,0,,37.77985839999999,-122.4317264
1475208,"August 9, 2019",Illinois,Chicago,7300 block of S Artesian Ave,0,4,0,0,0,,41.76089349999999,-87.68467389999999
1472641,"August 7, 2019",Missouri,Saint Louis,4900 block of Plover Ave,3,1,0,0,0,,38.6951401,-90.25636370000001
1469344,"August 5, 2019",New York,Brooklyn,216 Buffalo Ave,0,4,0,0,0,,40.67174199999999,-73.92552409999999
1527721,"August 4, 2019",Louisiana,Lake Charles,110 Pryce St,0,4,0,0,5,,30.2343763,-93.21768
1468190,"August 4, 2019",Illinois,Chicago,1800 S Kildare Ave,1,7,0,0,0,,41.8569385,-87.7325752
1468799,"August 4, 2019",Tennessee,Memphis,443 E Shelby Dr,1,3,0,0,0,,35.0204491,-90.04921569999999
1468091,"August 4, 2019",Illinois,Chicago,2900 block of W Roosevelt Rd,0,7,0,0,0,,41.8667567,-87.69859050000001
1467828,"August 4, 2019",Ohio,Dayton,419 E 5th St,9,17,1,0,0,,39.7574041,-84.1843796
1466705,"August 3, 2019",Texas,El Paso,7101 Gateway Blvd,23,23,0,0,1,,31.7771762,-106.3843811
1467157,"August 2, 2019",Virginia,Suffolk,200 block of N Broad St,1,3,1,0,0,,36.7315724,-76.5931368
1462317,"July 30, 2019",Ohio,Columbus,1280 E Long St,0,5,0,0,0,,39.96899200000001,-82.967171
1460630,"July 28, 2019",Pennsylvania,Philadelphia,2600 block of Carroll St,1,5,0,0,0,,39.9175758,-75.2336047
1460448,"July 28, 2019",California,Gilroy,7050 Miller Ave,3,17,1,0,0,,36.9962264,-121.5853281
1461352,"July 28, 2019",Wisconsin,Chippewa Falls,16964 54th Ave,4,2,1,0,0,,44.9206607,-91.32783789999999
1459941,"July 28, 2019",District of Columbia,Washington,637 T St NW,0,4,0,0,1,,38.9156966,-77.0213891
1460726,"July 28, 2019",Illinois,Chicago,3938 W Roosevelt Rd,0,4,0,0,0,,41.8664206,-87.7247075
1459389,"July 27, 2019",Kansas,Wichita,505 N Rock Rd,1,3,0,0,1,,37.6960492,-97.2469258
1459718,"July 27, 2019",New York,Brooklyn,1555 Linden Blvd,1,11,0,0,1,,40.65648119999999,-73.90282189999999
1459201,"July 26, 2019",Washington,Kennewick,E 10th Ave,1,3,0,0,0,,46.1981743,-119.0991893
1457165,"July 25, 2019",California,Canoga Park,21901 Roscoe Boulevard,4,2,0,0,1,,34.220124,-118.6047055
1453327,"July 21, 2019",Illinois,Chicago,3900 block of Roosevelt Rd,0,4,0,0,0,,41.8664502,-87.722873
1453884,"July 21, 2019",District of Columbia,Washington,2300 block of 15th St NE,0,4,0,0,0,,38.9219143,-76.9837647
1452654,"July 20, 2019",Pennsylvania,Clairton,501 Waddell Ave,0,4,0,0,0,,40.2943944,-79.8862177
1452617,"July 20, 2019",Illinois,Chicago,2401 N Lake Shore Dr,0,7,0,0,0,,41.9270754,-87.6306663
1450767,"July 18, 2019",Illinois,Chicago,3427 W Fulton Blvd,1,3,0,0,0,,41.88606670000001,-87.7122636
1450124,"July 17, 2019",Texas,Lubbock,N Elder Ave and E Colgate St,1,3,0,0,3,,33.6024732,-101.8029804
1449602,"July 16, 2019",Texas,San Antonio,6989 San Pedro Ave,0,4,0,0,1,,29.5076073,-98.4998754
1448578,"July 15, 2019",Georgia,Atlanta,1572 Hardee St NE,0,4,0,0,0,,33.7555946,-84.3366827
1447456,"July 14, 2019",Illinois,Chicago,4600 block of W Erie St,0,4,0,0,0,,41.8925395,-87.7414118
1446611,"July 13, 2019",Illinois,Chicago,7900 block of S Loomis Blvd,1,4,0,0,0,,41.75043429999999,-87.6585988
1447057,"July 13, 2019",Pennsylvania,Philadelphia,5433 Lansdowne Ave,0,7,0,0,0,,39.9773526,-75.2313077
1445066,"July 11, 2019",Texas,Houston,5901 Royal Palms St,0,4,0,0,0,,29.6977302,-95.33140499999999
1441967,"July 8, 2019",District of Columbia,Washington,3900 Martin Luther King Jr Ave SW,2,2,0,0,0,,38.832444,-77.00878740000002
1441565,"July 7, 2019",Michigan,Flint,Clio Rd and Myrtle St,0,6,0,0,0,,43.0503962,-83.73268619999999
1441613,"July 7, 2019",Missouri,Saint Louis,N Tucker Blvd and Convention Plaza,0,5,0,0,0,,38.6331962,-90.1960873
1441396,"July 7, 2019",Illinois,Chicago,5600 block of S Paulina St,0,4,0,0,0,,41.7920645,-87.6672825
1441296,"July 7, 2019",Illinois,Chicago,600 block of W 61st Pl,0,4,0,0,0,,41.783262,-87.639763
1441317,"July 7, 2019",New Mexico,Albuquerque,211 Gold Ave SW,0,4,0,0,0,,35.0835857,-106.6499332
1441427,"July 6, 2019",California,San Jose,3036 Quinto Way,0,4,0,0,0,,37.2680245,-121.9141819
1441721,"July 6, 2019",Missouri,Saint Louis,1921 Chambers Rd,5,0,0,0,1,,38.7496112,-90.2639887
1440510,"July 5, 2019",Massachusetts,Boston,Maple St,0,6,0,0,0,,42.2908,-71.1568816
1440879,"July 5, 2019",Nevada,Reno,600 block of Spokane St,1,3,0,2,3,,39.534903,-119.800418
1439593,"July 5, 2019",Illinois,Chicago,1600 block of E 67th St,0,5,0,0,0,,41.7733524,-87.5850901
1440257,"July 5, 2019",New York,Brooklyn,Elton St and Belmont Ave,0,4,0,0,0,,40.6724815,-73.8830758
1440765,"July 4, 2019",Illinois,Rockford,1100 block of Preston St,0,4,0,0,0,,42.2714753,-89.1063238
1439737,"July 4, 2019",California,Los Angeles,1900 block of Adair St,0,4,0,0,0,,34.0280142,-118.2582858
1438971,"July 4, 2019",Illinois,Chicago,800 block of N Homan Ave,1,3,0,0,1,,41.8955156,-87.71144489999999
1439765,"July 4, 2019",California,Fresno,4700 block of E Hamilton Ave,1,3,0,0,0,,36.7245752,-119.7409002
1439042,"July 3, 2019",Texas,Katy,5507 Everhart Manor Ln,1,3,1,0,0,,29.7177694,-95.796973
1438602,"July 2, 2019",Missouri,Saint Louis (Wellston),6250 Page Ave,0,4,0,0,0,,38.6714134,-90.29360799999999
1437094,"July 1, 2019",Maryland,Baltimore,1200 block of N Luzerne Ave,0,4,0,0,0,,39.3049179,-76.5814786
1435804,"June 30, 2019",California,Oakland,3000 block of Brookdale Ave,0,4,0,0,0,,37.7924237,-122.2155321
1436545,"June 30, 2019",California,Yucaipa,12700 block of California St,0,5,0,0,0,,34.0228929,-117.039234
1436254,"June 30, 2019",Texas,Dallas,3535 Munger Ave,2,2,0,0,0,,32.7980365,-96.7897912
1435578,"June 30, 2019",New York,Bay Shore,Farragut Ave,0,6,0,0,0,,40.746988,-73.2610992
1435041,"June 29, 2019",Connecticut,Hartford,Judson St and Martin St,0,4,0,0,0,,41.7893425,-72.6799544
1435297,"June 29, 2019",Louisiana,Gray,2700 block of W Park Ave,0,4,0,0,0,,29.7234255,-90.7995926
1434931,"June 29, 2019",Illinois,Chicago,2400 block of W Jackson Blvd,0,5,0,0,0,,41.8776696,-87.6865761
1435028,"June 29, 2019",Louisiana,Baton Rouge,7132 Florida Blvd,0,7,0,0,1,,30.4511343,-91.11570449999999
1434882,"June 28, 2019",New Jersey,Paterson,50 block of Jefferson St,0,4,0,0,0,,40.9256128,-74.1711345
1434602,"June 28, 2019",Connecticut,Hamden,937 Choate Ave,0,5,0,0,0,,41.42195700000001,-72.9375712
1434971,"June 28, 2019",Georgia,Atlanta,Ira St and Bass St SW,0,7,0,0,0,,33.7356504,-84.3999698
1434893,"June 28, 2019",New Jersey,Jersey City,167 Armstrong Ave,0,4,0,0,0,,40.7027342,-74.0873695
1435217,"June 28, 2019",Minnesota,Saint Paul,909 Desoto St,0,5,0,0,0,,44.9686583,-93.0814772
1432989,"June 27, 2019",Georgia,Atlanta,600 block of Parkway Dr,0,7,0,0,0,,33.7708803,-84.3730704
1433857,"June 26, 2019",Wisconsin,Milwaukee,2800 block of N 34th St,0,4,0,0,0,,43.0698833,-87.9559238
1432930,"June 26, 2019",Ohio,Akron,900 block of Rowe St,1,3,0,0,5,,41.0539403,-81.50205430000001
1429475,"June 23, 2019",California,La Jolla,7500 block of Draper Ave,1,3,0,0,2,,32.8396745,-117.2761302
1429810,"June 23, 2019",California,San Jose,568 Habbitts Court,4,0,1,0,0,,37.3010716,-121.8417386
1429047,"June 23, 2019",Indiana,South Bend,1150 E Mishawaka Ave,1,10,0,0,1,,41.6663988,-86.2330296
1429480,"June 23, 2019",Ohio,Columbus,1767 Genessee Ave,0,5,0,0,0,,40.0187718,-82.9634019
1429338,"June 23, 2019",South Carolina,Abbeville,1108 Cambridge St,3,1,0,0,1,,34.1883941,-82.36264729999999
1429399,"June 22, 2019",Virginia,Hampton,1st St and E Pembroke Ave,0,4,0,0,1,,37.0404966,-76.2917672
1429022,"June 22, 2019",Pennsylvania,Philadelphia,2400 block of Moore St,0,4,0,0,0,,39.9300722,-75.1853043
1428595,"June 22, 2019",Maryland,Baltimore,800 block of N Port St,1,4,0,0,0,,39.3002061,-76.5832337
1428788,"June 21, 2019",Michigan,Saginaw,1506 N Charles St,1,3,0,0,0,,43.4296369,-83.9677083
1427483,"June 21, 2019",Illinois,Chicago,6300 block of S King Dr,0,4,0,0,0,,41.7792315,-87.6160233
1428047,"June 21, 2019",California,Santa Maria,519  West Taylor St,4,0,1,0,0,,34.9752965,-120.4407046
1428229,"June 21, 2019",California,Richmond,700 block of 14th St,0,5,0,0,0,,37.9421232,-122.3564318
1426537,"June 20, 2019",Pennsylvania,Allentown,343 Hamilton St,0,10,0,0,2,,40.6050215,-75.4629193
1425193,"June 18, 2019",New Jersey,Newark,700 block of Dr Martin Luther King Jr Blvd,1,4,0,0,0,,40.7283187,-74.18156239999999
1425161,"June 17, 2019",Texas,San Antonio,E Market St and Tower of the Americas Way,0,4,0,0,0,,29.4213971,-98.4809971
1424957,"June 17, 2019",Tennessee,Memphis,2872 Coach Dr,0,5,0,0,0,,35.2042932,-89.9250556
1423697,"June 16, 2019",Pennsylvania,Philadelphia,6900 block of Reedbird Pl,1,5,0,0,0,,39.9143584,-75.2309264
1423330,"June 16, 2019",Kentucky,Louisville,Dixie Highway and Ormsby Ave,1,6,0,0,0,,38.2354488,-85.7875737
1423435,"June 16, 2019",Iowa,Des Moines,1200 block of Sampson St,0,6,0,0,0,,41.6008497,-93.5927031
1422981,"June 15, 2019",Louisiana,Shreveport,2500 block of Hollywood Ave,0,4,0,0,0,,32.4570365,-93.77755979999999
1420933,"June 12, 2019",North Carolina,Charlotte,305 N Graham St,1,3,0,0,2,,35.232551,-80.8444845
1419305,"June 11, 2019",Colorado,Aurora,12500 block of E Kansas Pl,0,4,0,0,0,,39.6946693,-104.8425879
1420432,"June 11, 2019",Georgia,Savannah,6900 Block of Damascus Rd,2,2,0,0,1,,32.0045075,-81.0727337
1418533,"June 9, 2019",Ohio,Cleveland,17218 Tarkington Ave,1,3,0,0,0,,41.431398,-81.562472
1418548,"June 9, 2019",New York,Buffalo,2081 Niagara St,0,4,0,0,0,,42.941147,-78.90537429999999
1418457,"June 9, 2019",Tennessee,Henning,265 N Main St,1,3,0,0,0,,35.673603,-89.572743
1418180,"June 8, 2019",Washington,White Swan,5151 Medicine Valley Rd,5,2,0,0,2,,46.42593309999999,-120.8173318
1417570,"June 8, 2019",Illinois,Chicago,3500 block of W North Ave,0,4,0,0,0,,41.9102576,-87.7141475
1417716,"June 7, 2019",Texas,Austin,8220 TX-71,0,5,0,0,1,,30.2475924,-97.8863259
1416374,"June 6, 2019",Illinois,Chicago,2500 block of N Lake Shore Dr,1,3,0,0,0,,41.9403139,-87.639842
1415399,"June 5, 2019",California,Santa Rosa,828 W 9th Street,0,4,0,0,3,,38.4408223,-122.7347242
1412419,"June 1, 2019",South Carolina,Allendale,473 Main St S,0,5,0,0,0,,33.0059004,-81.3101052
1411598,"June 1, 2019",Illinois,Chicago,300 block of East Chicago Ave,0,4,0,0,0,,41.897099,-87.61810849999999
1411408,"June 1, 2019",Virginia,Portsmouth,1100 block of Mt Vernon Ave,1,3,0,0,1,,36.836407,-76.33598239999999
1412243,"June 1, 2019",Illinois,Chicago,5600 block of West Madison St,0,4,0,0,0,,41.8807263,-87.7650676
1411963,"June 1, 2019",Georgia,Atlanta,12 Broad Street,0,4,0,1,0,,33.7553354,-84.3897971
1412430,"June 1, 2019",Georgia,Macon,Suzanne Dr and Robinson Dr,2,4,0,0,2,,32.8423155,-83.6916818
1410442,"May 31, 2019",Virginia,Virginia Beach,2405 Courthouse Drive,12,4,1,0,0,,36.7510134,-76.05741689999999
1411661,"May 31, 2019",California,West Covina,306 N Hollow Ave,1,3,0,0,1,,34.0754806,-117.936319
1410329,"May 30, 2019",Illinois,Robbins,14000 block of Grace Ave,0,5,0,0,0,,41.6383103,-87.7058335
1408289,"May 29, 2019",Texas,Cleveland,26311 TX-321,2,2,1,0,0,,30.3255657,-95.0500946
1409255,"May 29, 2019",Louisiana,Reserve,300 block of Homewood Place,1,3,0,0,2,,30.0686124,-90.5450374
1407941,"May 27, 2019",Missouri,Saint Louis,5900 block of Goodfellow Blvd,2,2,0,0,0,,38.7134144,-90.25480259999999
1406330,"May 27, 2019",District of Columbia,Washington,1200 block of Sumner Rd SE,0,5,0,0,0,,38.86110439999999,-76.99722469999999
1407189,"May 27, 2019",New Jersey,Trenton,100 block of Walnut St,1,5,0,0,0,,40.2209711,-74.7489382
1405445,"May 26, 2019",District of Columbia,Washington,3509 Wheeler Rd SE,1,3,0,0,0,,38.83926960000001,-76.99411979999999
1405749,"May 26, 2019",Virginia,La Crosse,800 block of Alvis Road,0,5,0,0,3,,36.6091459,-78.027849
1406070,"May 26, 2019",California,Stockton,600 block of E Oak St,1,3,0,0,0,,37.9598108,-121.2849029
1404417,"May 25, 2019",New Jersey,Trenton,225 Brunswick Ave,0,9,0,0,0,,40.2281316,-74.761325
1404580,"May 25, 2019",Michigan,Detroit,3400 block of Devonshire,3,2,0,0,1,,42.3901645,-82.9344002
1405196,"May 25, 2019",Virginia,Chesapeake,Holly Cove Dr and Schooner Trail,1,9,0,0,0,,36.79987060000001,-76.39959
1405317,"May 25, 2019",Maryland,Baltimore,500 block of N Belnord Ave,0,4,0,0,0,,39.2971871,-76.5788145
1405221,"May 25, 2019",Oklahoma,Oklahoma City,N Kelley Ave and NE 26th St,0,5,0,0,0,,35.4968757,-97.4944388
1400095,"May 20, 2019",Oklahoma,Tulsa,8118 E 16th St,2,2,0,0,1,,36.1383811,-95.88552279999999
1400146,"May 20, 2019",Louisiana,Alexandria,1900 block of Bacon Street,1,4,0,0,1,,31.2863466,-92.4558352
1400561,"May 20, 2019",Ohio,Columbus,2424 Sullivant Ave,0,4,0,0,0,,39.9456147,-83.06347799999999
1399820,"May 19, 2019",Oregon,Portland,226 SE Madison St,0,5,0,0,0,,45.5127183,-122.6631109
1399017,"May 18, 2019",Mississippi,Cascilla,700 Leverette Ln,0,4,1,0,0,,33.8848664,-90.1201993
1398553,"May 18, 2019",Alabama,Atmore,100 Martin Luther King Avenue,1,8,0,0,2,,31.0319254,-87.47910859999999
1398593,"May 18, 2019",California,Long Beach,1616 West Pacific Coast Highway,1,4,0,0,0,,33.7896205,-118.2142617
1398584,"May 18, 2019",Iowa,Cedar Rapids,70 Kirkwood Ct SW,2,2,0,0,1,,41.9216635,-91.6554073
1400934,"May 18, 2019",Nebraska,Omaha,2825 Y St,0,4,0,0,0,,41.1974141,-95.9558886
1399346,"May 18, 2019",North Carolina,Winston Salem (Winston-salem),4252 Cody Drive,2,4,0,0,0,,36.1501776,-80.2511289
1398538,"May 18, 2019",Indiana,Muncie,2410 W. Euclid Ave,1,6,0,0,1,,40.2073129,-85.4148007
1398876,"May 17, 2019",California,Sacramento,7326 Stockton Blvd,1,3,0,0,0,,38.4908073,-121.4276385
1397521,"May 16, 2019",Ohio,Cleveland,9500 Cardwell Ave,0,4,0,0,0,,41.4347701,-81.61740329999999
1396491,"May 15, 2019",Louisiana,Saint Rose,100 block of St. Rose Ave,0,4,0,0,1,,29.9458555,-90.316785
1395560,"May 14, 2019",California,Los Angeles,1248 W 47th St,0,4,0,0,0,,34.0003565,-118.2970601
1393960,"May 13, 2019",Louisiana,New Orleans,2100 block of 4th St,0,4,0,0,1,,29.9355651,-90.0882297
1394330,"May 13, 2019",Missouri,Saint Louis,4047 Shreve Ave,4,1,0,0,0,,38.6773932,-90.2434426
1392923,"May 11, 2019",Pennsylvania,Effort,Toll Rd and Bayberry Rd,0,4,0,0,1,,40.9813323,-75.47401669999999
1391971,"May 10, 2019",Pennsylvania,Philadelphia,1900 block of N Croskey St,0,5,0,0,0,,39.9836209,-75.1712445
1392313,"May 10, 2019",Missouri,Saint Louis,4000 block of Ashland Ave,0,6,0,0,0,,38.6626594,-90.22654849999999
1390764,"May 8, 2019",Indiana,Indianapolis,Roache St and Rader St,0,4,0,0,0,,39.8046292,-86.1780773
1389220,"May 7, 2019",Colorado,Littleton (Highlands Ranch),8773 S Ridgeline Blvd,1,8,0,0,2,,39.5558704,-104.9973614
1386962,"May 5, 2019",New Jersey,North Bergen,2033 45th Street,1,3,0,1,1,,40.7846615,-74.0352563
1387170,"May 5, 2019",California,Oceano,1001 Cabrillo Hwy,0,6,0,0,1,,35.1124943,-120.6255867
1386510,"May 4, 2019",Missouri,Saint Louis,Union Blvd and Northland Ave,1,4,0,0,0,,38.6713543,-90.2638016
1386929,"May 4, 2019",Indiana,Indianapolis,101 W Maryland St,0,4,0,0,0,,39.7655527,-86.160219
1387245,"May 4, 2019",California,Stockton,5105 Holiday Dr,1,4,0,0,0,,38.0012191,-121.2972424
1386575,"May 4, 2019",Delaware,Wilmington,W 27th St and Tatnall St,0,4,0,0,0,,39.7557918,-75.53566049999999
1386481,"May 3, 2019",Texas,Dallas,5400 Cedar Springs Rd,1,3,0,0,0,,32.823073,-96.828403
1386085,"May 3, 2019",Maryland,Baltimore,1900 block of Ramsay St,0,5,0,0,0,,39.2832991,-76.6471598
1385642,"May 3, 2019",Maryland,Baltimore,2500 block of E Biddle St,0,4,0,0,3,,39.3049256,-76.58249959999999
1384553,"May 1, 2019",Massachusetts,Boston,32 Windermere Rd,1,3,0,0,0,,42.3138531,-71.0626171
1383752,"April 30, 2019",North Carolina,Charlotte,9214 South Library Ln,2,4,0,0,1,,35.305966,-80.730937
1381857,"April 28, 2019",Tennessee,Nashville,1407 Dr DB Todd Jr Blvd,0,7,0,0,0,,36.1719254,-86.80793109999999
1382099,"April 28, 2019",Alabama,Birmingham,514 19th St Ensley,0,4,0,0,0,,33.5129606,-86.8961116
1382711,"April 28, 2019",Ohio,West Chester,4637 Wyndtree Dr,4,0,0,0,1,,39.3506968,-84.46779839999999
1381979,"April 28, 2019",Maryland,Baltimore,2544 Edmondson Ave,1,7,0,0,0,,39.2949038,-76.65774859999999
1381771,"April 27, 2019",Mississippi,Jackson,700 block of Monterey St,1,3,0,0,0,,32.2763824,-90.22716559999999
1381273,"April 27, 2019",California,Poway,16934 Chabad Way,1,3,0,0,1,,33.0191553,-117.0532021
1377519,"April 21, 2019",Pennsylvania,Philadelphia,1500 block of South 31st St,0,4,0,0,0,,39.9352603,-75.19570809999999
1376873,"April 20, 2019",Tennessee,Memphis,761 Chestnut Ave,0,6,0,0,0,,35.1020488,-90.037286
1376883,"April 19, 2019",Kansas,Wichita,1628 S George Washington Blvd,0,4,0,0,1,,37.6690174,-97.3045638
1375235,"April 18, 2019",Kentucky,Louisville,4000 block of Bells Ln,0,4,0,0,0,,38.222716,-85.8223211
1373557,"April 16, 2019",Maryland,Germantown,18700 block of Curry Powder Ln,1,3,0,0,0,,39.1623196,-77.2646817
1370795,"April 14, 2019",Florida,Miami,NW 19th Ave and 60th St,2,2,0,0,1,,25.8297923,-80.2288676
1371024,"April 14, 2019",California,Vallejo,100 block of Princeton Ave,1,3,0,0,0,,38.1506002,-122.2513695
1371065,"April 14, 2019",California,Stockton,2539 E Main St,0,4,0,0,0,,37.9549595,-121.2509654
1374920,"April 13, 2019",California,Moreno Valley,23500 block of Alessandro Blvd,0,4,0,0,0,,33.9173328,-117.2524352
1370269,"April 12, 2019",Illinois,Carbondale,119 N Washington St,0,4,0,0,3,,37.7281025,-89.2151143
1368597,"April 11, 2019",Maryland,Baltimore,2200 block of Ruskin Ave,1,3,0,0,1,,39.3152283,-76.6478441
1369109,"April 11, 2019",California,Los Angeles,E 103rd St and S Main St,1,4,0,0,0,,33.9428484,-118.2738971
1369148,"April 11, 2019",Arizona,Phoenix,7112 W Minnezona Ave,3,2,0,0,1,,33.5040442,-112.212166
1367011,"April 9, 2019",Missouri,Kansas City,5339 Michigan Ave,1,3,0,0,0,,39.0290549,-94.5628911
1365052,"April 7, 2019",North Carolina,Winston Salem (Winston-salem),515 N Cherry St,0,7,0,0,1,,36.1002292,-80.2470644
1365077,"April 7, 2019",Indiana,Indianapolis,3600 block of Roosevelt Ave,2,2,0,0,0,,39.800137,-86.105245
1365173,"April 7, 2019",Delaware,Wilmington,940 N Pine St,0,6,0,0,0,,39.7429199,-75.54159299999999
1365100,"April 7, 2019",Louisiana,Shreveport,433 Flournoy Lucas Rd,0,4,0,0,2,,32.3893804,-93.7662194
1364443,"April 6, 2019",Florida,Tallahassee,500 block of Kissimmee St,0,4,0,0,0,,30.4225982,-84.2896729
1364540,"April 6, 2019",Illinois,Chicago,6300 block of S Seeley Ave,0,6,0,0,0,,41.7792965,-87.6751259
1363737,"April 4, 2019",Florida,Panama City,100 block of Allen Ave,1,3,0,0,1,,30.1460961,-85.6543482
1362715,"April 4, 2019",Georgia,Stockbridge,300 block of Eagle Ct,2,2,1,0,0,,33.5269572,-84.2404131
1362364,"April 2, 2019",Mississippi,Hermanville,13195 MS 18,0,4,0,0,1,,31.9618844,-90.83884719999999
1362182,"April 2, 2019",Kentucky,Covington,337 E 13th St,0,5,0,0,2,,39.0773656,-84.5018831
1360333,"March 31, 2019",Georgia,Atlanta,3041 Landrum Dr SW,1,4,0,0,0,,33.7069136,-84.48704459999999
1359599,"March 31, 2019",South Carolina,North Charleston,1900 block of Jacksonville Rd,0,7,0,0,1,,32.847253,-79.96104509999999
1359455,"March 31, 2019",Illinois,Chicago,500 block of N Hamlin Ave,1,4,0,0,0,,41.890095,-87.721407
1357591,"March 28, 2019",Maryland,Baltimore,6200 block of Boston St,0,4,0,0,0,,39.2780966,-76.54158079999999
1355275,"March 25, 2019",Nevada,North Las Vegas,2400 block of W San Miguel St,0,5,0,0,2,,36.2359005,-115.1758773
1354049,"March 24, 2019",Arizona,Phoenix,2202 W McDowell Rd,0,7,0,0,1,,33.466166,-112.1065541
1353714,"March 23, 2019",California,San Francisco,1300 Fillmore St,0,5,1,0,0,,37.781811,-122.43225
1350494,"March 19, 2019",Arizona,Phoenix,8526 N 27th Ave,2,4,0,0,1,,33.5613834,-112.1171816
1348844,"March 17, 2019",Georgia,Augusta,900 block of Broad St,0,4,0,0,1,,33.4758643,-81.9675384
1349256,"March 17, 2019",Georgia,Rochelle,Dennis St,1,3,0,0,2,,31.9527985,-83.4683149
1348793,"March 17, 2019",Nevada,Las Vegas,600 E Fremont St,0,4,0,0,3,,36.169094,-115.138607
1347974,"March 16, 2019",New Jersey,Camden,619 Ferry Ave,1,3,0,0,1,,39.9217158,-75.117249
1348291,"March 15, 2019",Alabama,Mobile,515 Dauphin Island Pkwy,2,3,0,1,2,,30.6720433,-88.08677490000001
1347894,"March 14, 2019",Montana,Missoula,5145 Airway Blvd,1,3,0,0,1,,46.9213075,-114.0718037
1344488,"March 11, 2019",New Jersey,Paterson,291 12th Ave,0,4,0,0,0,,40.9205806,-74.1520489
1343330,"March 10, 2019",Louisiana,Shreveport,2700 block of San Jacinto Ave,0,4,0,0,0,,32.4867569,-93.7929278
1343274,"March 10, 2019",Colorado,Denver,15th St and Market St,1,4,0,0,1,,39.74924499999999,-104.999786
1338860,"March 3, 2019",California,Oakland,316 14th St,0,4,0,0,1,,37.8033163,-122.2678922
1338765,"March 3, 2019",Illinois,Chicago,2900 block of E 79th St,0,6,0,0,0,,41.75204180000001,-87.5538227
1338790,"March 2, 2019",Arkansas,Pine Bluff,723 East 25th Ave,1,4,0,0,0,,34.2048308,-91.9939751
1337498,"February 28, 2019",California,Oakland,9755 Edes Ave,1,3,0,0,0,,37.73636279999999,-122.1841983
1333480,"February 22, 2019",Alabama,Birmingham,1100 block of Carnation Dr,2,2,0,0,1,,33.6106034,-86.6971384
1331974,"February 21, 2019",Maryland,Baltimore,500 block of Bloom St,1,4,0,0,0,,39.30828229999999,-76.63632539999999
1332507,"February 21, 2019",Kentucky,Elizabethtown,600 N Miles St,2,2,0,0,1,,37.70267219999999,-85.85725529999999
1332429,"February 21, 2019",Texas,Houston,12800 block of Eastbrook Dr,2,2,0,0,2,,29.7920292,-95.2116246
1332181,"February 20, 2019",Tennessee,Covington,529 N College St,0,4,0,0,1,,35.5708968,-89.6484222
1329144,"February 17, 2019",Texas,Henderson,504 S Van Buren St,2,2,0,0,1,,32.1493842,-94.8015082
1328792,"February 17, 2019",Indiana,Evansville,664 E Illinois St,0,5,0,0,1,,37.9792432,-87.554695
1329075,"February 17, 2019",Louisiana,New Orleans,Tulane Ave and Elk Pl,0,5,1,0,0,,29.9545704,-90.07460429999999
1328562,"February 16, 2019",Mississippi,Clinton,1214 Foxhill Dr,4,0,1,0,0,,32.3524829,-90.3194259
1327321,"February 15, 2019",Illinois,Aurora,641 Archer Ave,5,6,1,0,0,,41.7563683,-88.33273679999999
1324279,"February 11, 2019",Texas,Livingston,3628 FM 3126,4,0,1,0,0,,30.724968,-95.05633499999999
1323448,"February 9, 2019",Virginia,Petersburg,109 Perry St,0,4,0,0,0,,37.2247565,-77.4082937
1321021,"February 6, 2019",New York,Brooklyn,1778 Fulton St,1,3,0,0,0,,40.679063,-73.9283708
1321093,"February 5, 2019",Texas,San Antonio,538 Hot Wells Blvd,2,2,0,0,1,,29.3679484,-98.45897950000001
1319333,"February 4, 2019",District of Columbia,Washington,2341 Pennsylvania Ave SE,0,5,0,0,1,,38.87361569999999,-76.97180589999999
1319325,"February 4, 2019",Louisiana,Baton Rouge,4000 block of Topeka St,0,4,0,0,0,,30.4856372,-91.1611286
1320286,"February 3, 2019",California,Palm Springs,E Sunny Dunes Rd and El Placer Rd,4,0,0,0,1,,33.8122479,-116.5062343
1318391,"February 3, 2019",Illinois,Chicago,938 E 75th St,2,5,0,0,0,,41.7588199,-87.60131830000002
1318187,"February 1, 2019",California,San Diego,6800 block of Springfield St,0,4,0,0,0,,32.7286668,-117.0522621
1314253,"January 27, 2019",Alabama,Birmingham,Avenue O and Warrior Rd,0,5,0,0,0,,33.4932873,-86.8917312
1312391,"January 26, 2019",Georgia,Albany,300 block of W Roosevelt,0,4,0,0,0,,31.5813611,-84.15489099999999
1312463,"January 26, 2019",Indiana,Indianapolis,2957 N Sherman Dr,0,5,0,0,1,,39.8102367,-86.1023391
1313291,"January 26, 2019",New Jersey,Newark,612 Bergen St,1,3,0,0,0,,40.7230921,-74.1992527
1312284,"January 26, 2019",Louisiana,Gonzales,42350 Church Point Rd,5,0,0,0,1,,30.2405262,-90.8929265
1310775,"January 24, 2019",Pennsylvania,State College,1450 S Atherton St,3,1,1,0,0,,40.7843394,-77.83994430000001
1310397,"January 24, 2019",Georgia,Rockmart,319 Williamson St,4,1,0,0,1,,33.9981637,-85.05973399999999
1309114,"January 23, 2019",Florida,Sebring,1901 US 27 S,5,0,0,0,1,,27.4911622,-81.484131
1306920,"January 20, 2019",Florida,Miami,26133 SW 139th Ave,0,4,0,0,0,,25.600374,-80.41771729999999
1305563,"January 19, 2019",Pennsylvania,Lebanon,1140 Church St,0,4,0,0,2,,40.3435074,-76.4315342
1305294,"January 19, 2019",Texas,Houston,7041 Sherman St,0,0,3,1,0,,29.7372521,-95.2994166
1305679,"January 19, 2019",South Carolina,Gaffney,1435 Wilcox Ave,1,4,0,0,1,,35.1106832,-81.6040156
1305516,"January 19, 2019",Illinois,Chicago,4400 block of W Madison St,0,4,0,0,0,,41.88101959999999,-87.7358
1305538,"January 19, 2019",Florida,Jacksonville,11445 Brian Lakes Drive,2,2,1,0,0,,30.26939279999999,-81.8562371
1303486,"January 17, 2019",Kentucky,Owensboro,940 Audubon Ave,3,1,0,0,2,,37.7651934,-87.1274086
1302060,"January 16, 2019",Florida,Jacksonville,Emerson St and Spring Park Rd,1,5,0,0,0,,30.2911022,-81.6257966
1303303,"January 16, 2019",California,Palmdale,Ranch Center Dr and 40th St W,3,1,0,0,1,,34.5833789,-118.2022388
1301778,"January 15, 2019",Arkansas,Little Rock,5420 Baseline Rd,1,3,0,1,1,,34.6693174,-92.3386118
1299680,"January 13, 2019",Arizona,Phoenix,2445 E Van Buren St,1,4,0,1,0,,33.4510113,-112.0280495
1295294,"January 6, 2019",New Mexico,Roswell,1300 block of W College Blvd,0,4,0,0,1,,33.4084932,-104.5396587
1293054,"January 4, 2019",California,Torrance,22501 Hawthorne Blvd,3,4,0,0,1,,33.8239904,-118.3524123
1292684,"January 4, 2019",Virginia,Hurt,3197 Shula Dr,2,2,1,0,0,,37.056,-79.3329017
1291779,"January 2, 2019",Arkansas,Jonesboro,3516 Galaxy St,1,3,0,0,2,,35.822237,-90.6585923
1289877,"January 1, 2019",South Carolina,Columbia,1709 Decker Blvd,0,5,0,0,0,,34.0437454,-80.941347
1289618,"January 1, 2019",Florida,Tallahassee,2020 W Pensacola St,0,5,0,0,0,,30.4421089,-84.31853869999999
1891461,"December 31, 2020",Indiana,Indianapolis,8215 Center Run Road,1,3,0,0,0,,39.9067061,-86.05705019999999
1890946,"December 31, 2020",Oregon,Happy Valley,9200 block of SE Idleman Rd,0,4,0,0,0,,45.4505793,-122.5687569
1886974,"December 26, 2020",Illinois,Rockford,4007 E State St,3,3,0,0,1,,42.2647948,-89.03592789999999
1886913,"December 26, 2020",Florida,Tampa,N 20th St and E 7th Ave,2,2,0,0,1,,27.9602638,-82.4367498
1887059,"December 26, 2020",Massachusetts,Lynn,Washington St and Quincy Ter,1,5,0,0,1,,42.4676253,-70.9521232
1886849,"December 26, 2020",Florida,Miami,NW 61st St and NW 13th Ave,1,3,0,0,0,,25.831172,-80.2186363
1886721,"December 25, 2020",Arkansas,Atkins,5180 Pine Ridge Rd,4,0,1,0,0,,35.1977667,-92.99980160000001
1886372,"December 25, 2020",Florida,Boynton Beach,Martin Luther King Jr Blvd and N Seacrest Blvd,1,4,0,0,1,,26.5361134,-80.0642749
1886141,"December 24, 2020",Florida,Lakeland,1500 block of Amos Ave,1,4,0,0,0,,28.0643087,-81.96718039999999
1885251,"December 22, 2020",Mississippi,Meridian,Jeffrey Acres Rd,4,0,1,0,0,,32.2995035,-88.6609658
1882214,"December 20, 2020",Connecticut,Bridgeport,456 Connecticut Ave,2,2,0,0,0,,41.1790092,-73.1685161
1881213,"December 19, 2020",Illinois,Chicago,8936 S Cottage Grove Ave,0,6,0,0,0,,41.7328778,-87.6050183
1876727,"December 13, 2020",West Virginia,Elkview,1384 Cemetery Hill Dr,4,0,0,0,1,,38.43353820000001,-81.48328339999999
1877043,"December 12, 2020",California,San Bernardino,900 block of N Sierra Way,1,3,0,0,0,,34.116232,-117.2857006
1876231,"December 12, 2020",New York,Copiague,2336 Great Neck Rd,2,2,0,0,1,,40.6855711,-73.4012269
1876039,"December 12, 2020",New York,Brooklyn,574 Warren St,0,4,0,0,0,,40.6815793,-73.9822686
1876552,"December 12, 2020",Maryland,Hyattsville (Landover),8600 block of Old Ardmore Rd,2,2,0,0,0,,38.93933639999999,-76.8595871
1877628,"December 10, 2020",Georgia,Tifton,700 block of 17 1/2 St,0,4,0,0,0,,31.44265339999999,-83.5222497
1877122,"December 10, 2020",Mississippi,Jackson,1805 Hospital Dr,0,5,0,0,0,,32.2839641,-90.2540464
1908063,"December 8, 2020",West Virginia,Williamsburg,611 Flynns Creek Rd,5,0,1,0,0,,37.9925233,-80.5092724
1873798,"December 8, 2020",Louisiana,Lacombe,28399 Palmer Dr,0,1,2,2,0,,30.2967327,-89.9348512
1870827,"December 6, 2020",Texas,Venus,6100 N FM 157,0,6,0,0,0,,32.5166369,-97.1170071
1871627,"December 5, 2020",California,Hayward,25000 block of Eldridge Ave,1,3,0,0,0,,37.6467858,-122.089809
1870840,"December 5, 2020",North Carolina,Autryville,10101 Gip Rd,0,6,0,0,0,,34.922166,-78.62882
1869748,"December 4, 2020",Illinois,Chicago,4400 block of W Adams St,0,4,0,0,0,,41.8784515,-87.7363125
1867006,"December 1, 2020",Pennsylvania,Morrisville,1 Makefield Rd,1,3,0,0,0,,40.1977197,-74.8180306
1866100,"November 30, 2020",Alaska,Palmer,335 N Valley Way,4,0,0,0,1,,61.60963139999999,-149.1080571
1864683,"November 29, 2020",Mississippi,Grenada,Highway 8 East,0,11,0,0,0,,33.7754871,-89.8236997
1865110,"November 29, 2020",Tennessee,Memphis,3492 W Metropolitan Cir,2,2,0,1,3,,35.0536244,-89.94075509999999
1864205,"November 28, 2020",South Carolina,Conway,3800 block of Golden Key Rd,0,5,0,0,3,,33.92727790000001,-79.0373737
1863726,"November 28, 2020",South Carolina,Aiken,1695 Richland Ave E,1,10,0,0,4,,33.5521922,-81.6967966
1864177,"November 28, 2020",Louisiana,New Orleans,7001 Lawrence Rd,0,4,0,0,0,,30.0302882,-89.9961067
1862947,"November 27, 2020",Georgia,Macon,425 Cherry St,1,5,0,0,2,,32.8352013,-83.6263257
1863099,"November 27, 2020",Ohio,Toledo,3257 Stickney Ave,0,6,0,0,0,,41.6827136,-83.5271169
1862603,"November 26, 2020",Nevada,Henderson,870 E Lake Mead Pkwy,1,4,0,1,3,,36.0542621,-114.967605
1859390,"November 22, 2020",New York,Brooklyn,15 Albany Ave,1,6,0,0,2,,40.680288,-73.938125
1859110,"November 22, 2020",New Jersey,Trenton,Stuyvesant Ave and Hoffman Ave,0,4,0,0,0,,40.2348784,-74.7813353
1858455,"November 22, 2020",Illinois,Chicago,700 block of E 101st St,1,3,0,0,0,,41.7110837,-87.6053773
1859186,"November 22, 2020",Louisiana,New Orleans,9232 Chef Menteur Hwy,1,3,0,0,0,,30.0157753,-89.97794569999999
1857439,"November 21, 2020",Illinois,Chicago,W 79th St and S Justine St,0,6,0,0,0,,41.750385,-87.6622348
1857947,"November 21, 2020",Arizona,Phoenix,35th Ave and Earll Dr,1,4,0,0,0,,33.4840466,-112.1343492
1858965,"November 21, 2020",Nebraska,Bellevue,1307 Cornhusker Rd,2,2,0,0,1,,41.1580338,-95.93418059999999
1857040,"November 20, 2020",Wisconsin,Milwaukee (Wauwatosa),2500 N Mayfair Rd,0,8,0,0,1,,43.06383530000001,-88.0445613
1856417,"November 19, 2020",Florida,Haines City,422 N 15th St,1,3,0,0,0,,28.1136448,-81.6197664
1855276,"November 18, 2020",Texas,Houston,11614 Manor Park Dr,2,2,1,0,0,,29.7484131,-95.5824159
1856338,"November 18, 2020",South Carolina,Florence,500 block of Gaillard St,0,4,0,0,0,,34.190366,-79.756884
1854207,"November 17, 2020",Tennessee,Jackson,Honey Bear Cove,0,4,0,0,0,,35.6542734,-88.8660921
1854149,"November 16, 2020",Florida,Miami,200 block of S Biscayne River Dr,0,4,0,0,0,,25.9136044,-80.2038934
1853615,"November 16, 2020",Illinois,Chicago,700 block of S Pulaski Rd,0,4,0,0,0,,41.8724081,-87.7256253
1854076,"November 16, 2020",Illinois,Chicago,2700 block of S State St,0,4,0,0,0,,41.8443122,-87.6269157
1852831,"November 15, 2020",Louisiana,Shreveport,300 block of Douglas St,0,5,0,0,0,,32.5113849,-93.7554916
1853089,"November 15, 2020",Georgia,Jonesboro,500 Block of Museum Cir,2,2,0,0,2,,33.5426536,-84.36907579999999
1852604,"November 14, 2020",South Carolina,Sumter,1008 Marilyn Ave,3,1,0,0,1,,33.9472603,-80.3472901
1852853,"November 14, 2020",Missouri,Fulton,1915 N Bluff St,0,4,0,0,0,,38.8680365,-91.9448195
1852161,"November 14, 2020",Ohio,Cincinnati,400 block of Kings Run Dr,0,4,0,0,0,,39.1764214,-84.50913059999999
1852363,"November 14, 2020",California,Riverside,La Sierra Avenue and Tin Mine Road,2,3,0,0,0,,33.8524585,-117.4627322
1850981,"November 12, 2020",Florida,Tampa,1200 block of E Palifox St,2,4,0,0,0,,27.9875346,-82.4468988
1850693,"November 12, 2020",North Carolina,Gastonia,1225 Union Rd,0,6,0,0,2,,35.2471734,-81.1745025
1849308,"November 10, 2020",Florida,Tampa,N 50th St and Sligh Ave,1,7,0,0,0,,28.0106996,-82.401927
1847840,"November 9, 2020",Texas,Fort Worth,5310 E Rosedale St,0,4,0,0,0,,32.7304501,-97.2416714
1846712,"November 8, 2020",Virginia,Virginia Beach,3700 block of Whitney Ct,0,4,0,0,0,,36.7966108,-76.1051863
1846494,"November 8, 2020",Tennessee,Nashville,2nd Ave N and Commerce St,0,8,0,0,1,,36.1632541,-86.77604579999999
1846764,"November 7, 2020",Kansas,Ogden,225 Riley Ave,0,4,0,0,0,,39.1165137,-96.7099975
1845690,"November 7, 2020",South Carolina,Rock Hill,241 Albright Rd,1,3,0,0,1,,34.9130774,-81.0082352
1845477,"November 6, 2020",Louisiana,New Orleans,8622 Belfast St,2,2,0,0,1,,29.9618373,-90.12297889999999
1844573,"November 5, 2020",Ohio,Toledo,2125 Parkwood Ave,3,2,0,0,1,,41.6629001,-83.5577529
1843360,"November 4, 2020",Missouri,Jefferson City,1299 Lafayette St,0,4,0,0,1,,38.5618142,-92.17496799999999
1842362,"November 3, 2020",Nevada,Henderson,1445 Stonelake Cove Ave,3,1,1,0,0,,36.036593,-115.048399
1842421,"November 2, 2020",Ohio,Mansfield,136 Sturges Ave,0,5,0,0,0,,40.7550029,-82.52427589999999
1840600,"November 1, 2020",Arizona,Tucson,2500 block of E Aerospace Pkwy,2,2,0,0,0,,32.085754,-110.9484247
1840534,"November 1, 2020",South Carolina,Hollywood,7800 block of White Point Rd,0,6,0,0,0,,32.6535673,-80.32514979999999
1840265,"November 1, 2020",Indiana,Evansville,664 E Illinois St,0,4,0,0,0,,37.9792432,-87.554695
1840364,"November 1, 2020",Oklahoma,Oklahoma City,10601 S Western Ave,1,3,0,0,0,,35.3621315,-97.53096239999999
1841432,"November 1, 2020",North Carolina,Winston Salem (Winston-salem),3900 block of Glen Hi Rd,1,3,0,0,1,,36.0623495,-80.15320729999999
1840310,"November 1, 2020",New Jersey,Atlantic City,2721 Arctic Ave,1,4,0,0,0,,39.3568472,-74.4464488
1839628,"October 31, 2020",California,Sacramento,2800 block of Normington Dr,0,4,0,0,0,,38.615703,-121.4800197
1839576,"October 31, 2020",Washington,Sumner,127th Ave E and Valley Ave E,0,5,0,0,0,,47.2040102,-122.2602941
1839462,"October 31, 2020",California,Anaheim,1210 S State College Blvd,0,4,0,0,0,,33.8172318,-117.8888389
1840544,"October 31, 2020",Nevada,North Las Vegas,3700 block of Iverson Ln,0,4,0,0,0,,36.2265763,-115.1714344
1840041,"October 31, 2020",Maryland,College Park,7700 Baltimore Ave,0,7,0,0,0,,38.9856545,-76.93708219999999
1839112,"October 30, 2020",Maryland,Waldorf,2177 Crain Hwy,1,3,0,0,0,,38.6524599,-76.88204979999999
1839065,"October 30, 2020",Illinois,Chicago,11613 S Vincennes Ave,1,3,0,0,0,,41.6829073,-87.6683841
1838368,"October 29, 2020",Florida,Winter Garden,Center St and 11th St,0,4,0,0,0,,28.566704,-81.5711345
1837146,"October 28, 2020",Virginia,Roanoke,1400 block of Rorer Ave SW,0,4,0,0,0,,37.2737252,-79.96458899999999
1837429,"October 28, 2020",New Jersey,Newark,381 S 6th St,1,3,0,0,1,,40.7344513,-74.1991997
1834216,"October 25, 2020",Texas,Fort Worth,1900 block of Carver Ave,2,3,0,0,0,,32.7728219,-97.3218904
1835030,"October 25, 2020",Texas,San Antonio,2800 block of W Hutchins Pl,1,3,0,0,0,,29.3449672,-98.5509292
1834280,"October 25, 2020",North Carolina,Raleigh,1731 Trawick Rd,1,3,0,0,2,,35.8006722,-78.57837909999999
1834617,"October 24, 2020",Mississippi,Greenwood,W Martin Luther King Dr,2,8,0,0,1,,33.509886,-90.1769729
1832977,"October 22, 2020",Louisiana,Rayne,I-10,0,5,0,0,1,,30.2525314,-92.2541116
1832014,"October 22, 2020",Florida,Miami,1830 NW 50 St,1,3,0,0,0,,25.8204622,-80.2269531
1831995,"October 22, 2020",Massachusetts,Boston,Columbia Rd and Stanwood St,0,4,0,0,0,,42.3069994,-71.0765169
1831091,"October 22, 2020",Maryland,Baltimore,500 block of W Franklin St,0,4,0,0,0,,39.2950368,-76.6227801
1830875,"October 21, 2020",New York,Brooklyn,Nostrand Ave and Hawthorne St,1,5,0,0,1,,40.65784499999999,-73.950326
1830822,"October 21, 2020",Mississippi,Canton,1427 W Peace St,2,2,0,0,1,,32.6069372,-90.06547669999999
1830092,"October 20, 2020",Texas,Houston,2117 Chenevert St,3,1,0,0,2,,29.7439049,-95.3645547
1829132,"October 19, 2020",Ohio,Mansfield,136 Sturges Ave,0,5,0,0,0,,40.7550029,-82.52427589999999
1828796,"October 19, 2020",Louisiana,New Orleans,2599 N Prieur St,1,3,0,0,0,,29.9772304,-90.0478552
1827437,"October 18, 2020",Maryland,Annapolis,100 block of Clay St,1,3,0,0,0,,38.9798258,-76.4983594
1828080,"October 18, 2020",Illinois,Chicago,200 block of N Sacramento Blvd,1,4,0,0,0,,41.8840815,-87.701285
1828019,"October 18, 2020",Tennessee,Nashville,1100 block of W Grove Ave,0,4,0,0,0,,36.13501480000001,-86.78715559999999
1826680,"October 17, 2020",New York,Lockport,43 S Niagara St,1,5,0,0,2,,43.1703221,-78.7083589
1826613,"October 17, 2020",South Carolina,Rock Hill,524 N Anderson Rd,0,5,0,0,1,,34.9505414,-80.9974526
1826444,"October 16, 2020",California,San Jose,175 S Capitol Ave,2,4,0,0,3,,37.3595993,-121.8337211
1825525,"October 16, 2020",Florida,Orlando,2000 block of N Forsyth Rd,3,1,0,0,0,,28.572415,-81.296269
1826655,"October 16, 2020",Arizona,Mesa,2115 Guadalupe Rd,1,6,0,0,3,,33.362703,-111.8787967
1826675,"October 16, 2020",California,San Francisco,200 block of Scherwin St,1,3,0,0,0,,37.71075099999999,-122.4114918
1824979,"October 15, 2020",Louisiana,Lafayette,100 block of Laser Ln,2,2,0,0,1,,30.2708129,-92.0324239
1825896,"October 15, 2020",Maryland,Baltimore,2900 block of Westwood Ave,0,7,0,0,0,,39.3083264,-76.66625119999999
1824073,"October 14, 2020",Pennsylvania,Philadelphia,3900 block of  Buist Ave,0,4,0,0,0,,39.9248984,-75.2217994
1821574,"October 12, 2020",South Carolina,Myrtle Beach,1012 US-501,2,3,0,0,2,,33.6968611,-78.8933405
1821496,"October 11, 2020",Georgia,Atlanta,330 W Peachtree St NW,0,4,0,0,0,,33.7635246,-84.38701689999999
1820156,"October 10, 2020",Illinois,Chicago,100 block of S Keeler Ave,1,3,0,0,0,,41.8797088,-87.7305387
1823101,"October 10, 2020",South Carolina,Kingstree,55 Williamsburg County Hwy,0,8,0,0,1,,33.6853109,-79.82255529999999
1819955,"October 10, 2020",Missouri,Saint Louis (Jennings),8800 block of Shannon Fox Cir,2,2,0,0,1,,38.7318386,-90.25717069999999
1818055,"October 8, 2020",Pennsylvania,Philadelphia,4935 Frankford Ave,1,6,0,0,0,,40.0197452,-75.08071430000001
1816799,"October 7, 2020",Alaska,Anchorage,200 block of McCarrey St,1,4,0,0,0,,61.2227835,-149.7922096
1817184,"October 7, 2020",New York,Brooklyn,181 Hegeman Ave,1,3,0,0,0,,40.6567873,-73.90521749999999
1815308,"October 5, 2020",District of Columbia,Washington,400 block of Orange St SE,1,3,0,0,0,,38.8468533,-77.00376
1814148,"October 4, 2020",Georgia,Atlanta,1570 Joseph E Boone Blvd NW,1,3,0,2,2,,33.7633534,-84.43915460000001
1813872,"October 4, 2020",Indiana,Indianapolis,5462 Massachusetts Ave,3,4,0,0,0,,39.8156516,-86.0744646
1813583,"October 3, 2020",California,Sacramento,Roanoke Ave and Haywood St,1,3,0,0,1,,38.6348179,-121.4406141
1813306,"October 3, 2020",Tennessee,Clarksville,100 block of Tiny Town Rd,0,5,0,0,0,,36.6305833,-87.4330099
1812972,"October 2, 2020",California,Los Angeles,51st St and Hoover St,0,4,0,0,0,,33.9964483,-118.2871593
1812838,"October 2, 2020",Washington,Seattle,9700 block of 59th Ave S,0,4,0,0,0,,47.5152003,-122.2593446
1812049,"October 1, 2020",Michigan,Detroit,15018 Houston Whittier St,0,5,0,0,0,,42.4205005,-82.96712839999999
1810696,"September 30, 2020",North Carolina,Greensboro,700 block of Milton St,0,4,0,0,0,,36.0676499,-79.8255839
1810881,"September 30, 2020",Florida,Jacksonville,12517 Beach Blvd,0,4,0,0,0,,30.2887743,-81.4915221
1810358,"September 30, 2020",Wisconsin,Milwaukee,4217 W Fond du Lac Ave,0,7,0,0,0,,43.08154649999999,-87.9661454
1809910,"September 29, 2020",Pennsylvania,Philadelphia,4500 block of N 19th St,0,5,0,0,0,,40.022641,-75.15672599999999
1809484,"September 29, 2020",Ohio,Painesville,100 block of Morse Ave,2,2,0,0,0,,41.7235294,-81.25065289999999
1807325,"September 28, 2020",Michigan,Detroit,6609 Michigan Ave,0,6,0,0,0,,42.3309156,-83.1248102
1806806,"September 27, 2020",Ohio,Sandusky,Hancock St and Neil St,1,3,0,0,1,,41.4489119,-82.70353
1808628,"September 27, 2020",California,San Bernardino,900 block of N Sierra Way,1,3,0,0,0,,34.116232,-117.2857006
1807096,"September 27, 2020",Tennessee,Nashville,619 Millwood Dr,0,4,0,0,1,,36.1298337,-86.7145472
1807046,"September 26, 2020",Pennsylvania,Philadelphia,100 block of N Lindenwood St,0,4,0,0,0,,39.9617392,-75.2258533
1806035,"September 26, 2020",Alabama,Enterprise,507 Glover Ave,1,3,0,0,0,,31.3196587,-85.847458
1806002,"September 26, 2020",Iowa,Waterloo,501 W 4th St,2,6,0,0,1,,42.4925035,-92.34245759999999
1805722,"September 26, 2020",Illinois,Chicago,2400 block of W Lithuanian Plaza Ct,0,4,0,0,0,,41.7683302,-87.683487
1806368,"September 26, 2020",Missouri,Saint Louis,4700 block of Vernon Ave,0,5,0,0,0,,38.656681,-90.254634
1806500,"September 25, 2020",Pennsylvania,Philadelphia,1300 block of Sanger St,0,4,0,0,0,,40.0275518,-75.0801022
1804511,"September 23, 2020",Georgia,Hampton,1577 Glynn Ct,1,3,0,0,1,,33.4502114,-84.3403627
1802862,"September 23, 2020",Minnesota,Minneapolis,200 W Broadway Ave,0,5,0,0,0,,44.9993266,-93.28052699999999
1800886,"September 21, 2020",Ohio,Struthers,111 Perry St,1,3,0,1,3,,41.0511132,-80.5875645
1800549,"September 20, 2020",New York,Corona (Queens),Merrick Blvd and Foch Blvd,0,4,0,0,0,,40.7449859,-73.8642613
1800514,"September 20, 2020",Connecticut,Stamford,Ursula Pl and Dale St,1,3,0,0,1,,41.0515458,-73.51918789999999
1800026,"September 19, 2020",New York,Buffalo,Glenwood Ave and Jefferson Ave,1,4,0,0,0,,42.912365,-78.8539656
1799748,"September 19, 2020",Illinois,Chicago,12200 block of S May St,0,4,0,0,0,,41.67209769999999,-87.65053689999999
1799703,"September 19, 2020",Illinois,Chicago,6900 block of S Claremont Ave,0,4,0,0,0,,41.7683515,-87.6820379
1800188,"September 19, 2020",New Jersey,Plainfield,523 W 3rd St,0,4,0,0,0,,40.61231,-74.42721809999999
1799307,"September 19, 2020",New York,Rochester,278 Pennsylvania Ave,2,14,0,0,0,,43.1666202,-77.5828725
1800192,"September 19, 2020",New Jersey,Paterson,Elizabeth St and Getty Ave,0,5,0,0,1,,40.8972886,-74.1588653
1800779,"September 19, 2020",Arkansas,West Memphis,900 block of Winchell St,0,5,0,0,0,,35.1349167,-90.18988069999999
1799160,"September 18, 2020",Arkansas,Little Rock,5311 Mabelvale Pike,0,4,0,0,0,,34.7007769,-92.34190869999999
1797620,"September 16, 2020",Pennsylvania,Philadelphia,1800 Wallace St,2,3,0,0,0,,39.9657387,-75.16751169999999
1796684,"September 15, 2020",California,San Jose,600 block of S 8th St,2,4,0,0,0,,37.3306248,-121.8763939
1796638,"September 15, 2020",Illinois,Chicago,3500 block of W Lawrence Ave,0,5,0,0,0,,41.96854829999999,-87.71615159999999
1795391,"September 14, 2020",Louisiana,Baker,Burgess Dr,0,4,0,0,1,,30.6040887,-91.1554719
1793826,"September 13, 2020",Michigan,Grand Rapids,3950 Stahl Dr SE,0,7,0,0,0,,42.91397,-85.569538
1794138,"September 13, 2020",Tennessee,Beechgrove,I-24 and Beech Grove Rd,2,3,1,0,0,,35.6264668,-86.2402686
1793559,"September 13, 2020",Florida,Tampa,5110 N 40th St,0,4,0,0,1,,27.992979,-82.4144761
1794086,"September 13, 2020",Illinois,Chicago,6100 block of S Throop St,1,3,0,0,0,,41.783216,-87.65715139999999
1793521,"September 13, 2020",New Jersey,New Brunswick,32 Delafield St,2,7,0,0,1,,40.4988701,-74.45606470000001
1792650,"September 12, 2020",Illinois,Chicago,100 block of N Pine Ave,2,3,0,1,0,,41.8822643,-87.763256
1793680,"September 12, 2020",North Carolina,Wilson,200 block of Dewey St,0,5,0,0,0,,35.7203129,-77.9283281
1793771,"September 12, 2020",Pennsylvania,Philadelphia,N 18th St and Dauphin St,0,4,0,0,0,,39.9886989,-75.16226600000002
1792624,"September 11, 2020",Louisiana,Donaldsonville,St Elizabeth St and Front St,0,5,0,0,1,,30.0981861,-90.9921166
1791482,"September 10, 2020",Louisiana,New Orleans,4100 block of Rayne Dr,3,2,0,0,1,,29.9990733,-90.07167009999999
1788401,"September 8, 2020",Maryland,Baltimore,2300 block of Greenmount Ave,0,5,0,0,0,,39.3154371,-76.6097601
1788168,"September 7, 2020",Louisiana,New Orleans,1500 block of Freret St,0,4,0,0,0,,29.9437439,-90.08445130000001
1787655,"September 7, 2020",New York,Brooklyn,Norstrand Ave and Crown St,0,5,0,0,2,,40.6662953,-73.9508448
1788352,"September 7, 2020",California,Aguanga,45125 Highway 371,7,0,0,0,0,,33.4576443,-116.8585256
1787222,"September 7, 2020",Indiana,Indianapolis,W 38th St and Graceland Ave,1,4,0,0,0,,39.8249149,-86.1627769
1786920,"September 6, 2020",Illinois,Chicago,S Kingston Ave and E 77th St,0,4,0,0,0,,41.7554112,-87.5626681
1786829,"September 6, 2020",Colorado,Commerce City,6700 block of Birch St,0,4,0,0,0,,39.8182489,-104.9362746
1787977,"September 6, 2020",Tennessee,Memphis,6555 Lost Oak Dr,0,4,0,0,2,,35.0606257,-89.8441797
1786855,"September 6, 2020",Georgia,Sparta,Faye St and Lee St,1,6,0,0,2,,33.2866722,-82.9668628
1787286,"September 6, 2020",Missouri,Kansas City,3999 Swope Pkwy,0,6,0,0,0,,39.0374499,-94.54541669999999
1786890,"September 6, 2020",Missouri,Saint Louis,5700 block of Minerva Ave,1,3,0,0,0,,38.6672496,-90.28073180000001
1787006,"September 6, 2020",Louisiana,New Iberia,1752 Center St,0,5,0,0,0,,29.9873917,-91.8388757
1787387,"September 6, 2020",Maryland,Baltimore,4900 block of Reisterstown Rd,0,4,0,0,0,,39.3420147,-76.6781513
1786488,"September 5, 2020",Texas,Houston,9940 Fondren Rd,0,4,0,0,0,,29.6719924,-95.50956289999999
1786449,"September 5, 2020",Maryland,Baltimore,2000 block of W Lexington St,1,3,0,0,0,,39.2906917,-76.6492634
1785713,"September 5, 2020",Florida,Williston,Co Rd 318 and US-27 Alt,0,6,0,0,0,,29.3891383,-82.4664624
1786806,"September 5, 2020",Arkansas,Little Rock,400 President Clinton Ave,0,4,0,0,1,,34.7476883,-92.2661552
1805455,"September 3, 2020",South Carolina,Anderson,R St and Chase Ave,1,3,0,0,1,,34.5094747,-82.6701729
1784592,"September 3, 2020",Arkansas,Pine Bluff,3101 Lilac Rd,3,1,0,0,1,,34.2057187,-92.0360977
1785358,"September 3, 2020",Florida,Miami,2000 block of NW 71st St,1,3,0,0,0,,25.8394059,-80.2302977
1784570,"September 3, 2020",Arkansas,Hensley,Woodson Lateral Rd and I-530,1,3,0,0,1,,34.5495357,-92.3039506
1785108,"September 3, 2020",Pennsylvania,Philadelphia,700 block of E Chelten Ave,0,6,0,0,0,,40.0442031,-75.1657575
1785593,"September 3, 2020",Arkansas,Little Rock,19 Nandina Cir,0,4,0,0,0,,34.65527,-92.43096080000001
1783582,"September 2, 2020",Pennsylvania,Philadelphia,1800 block of Moore St,2,2,0,0,0,,39.9288045,-75.1755257
1784141,"September 2, 2020",Georgia,Albany,1400 block of E Residence Ave,1,3,0,0,0,,31.582121,-84.119918
1783928,"September 2, 2020",California,Oakland,Kerwin Ave and 105th Ave,0,4,0,0,0,,37.7366352,-122.1723471
1825993,"August 31, 2020",Pennsylvania,Philadelphia,1500 block of W Clearfield St,0,5,0,0,0,,40.0002276,-75.15490480000001
1782962,"August 31, 2020",Florida,Tallahassee,2660 Old Bainbridge Rd,0,4,0,0,0,,30.48152929999999,-84.32099529999999
1780301,"August 30, 2020",Kentucky,Lexington,545 N Upper St,0,7,0,0,0,,38.054764,-84.48876320000001
1780199,"August 30, 2020",Illinois,Zion,2300 block of Joppa Ave,1,3,0,0,0,,42.4539807,-87.85362889999999
1780266,"August 30, 2020",Texas,San Antonio,S Olive St and Aransas Ave,2,2,0,0,0,,29.4056053,-98.47177719999999
1779981,"August 30, 2020",New York,Buffalo,500 block of Fillmore Ave,1,4,0,0,0,,42.88696460000001,-78.83960619999999
1784122,"August 30, 2020",Pennsylvania,Philadelphia,5317 Oxford Ave,0,4,0,0,0,,40.028949,-75.0849763
1779718,"August 30, 2020",Illinois,Chicago,11601 S Western Ave,1,4,0,0,0,,41.68242000000001,-87.6804415
1780091,"August 30, 2020",Kentucky,Madisonville,400 block of Elm St,0,5,0,0,0,,37.3358352,-87.5047467
1780228,"August 29, 2020",Nevada,Las Vegas,777 E Twain Ave,2,2,0,0,2,,36.1212895,-115.1464637
1778571,"August 29, 2020",Illinois,Rock Island,1800 2nd Ave,1,5,0,0,1,,41.5108857,-90.57435149999999
1778435,"August 28, 2020",Minnesota,Minneapolis,2400 block of Irving Ave N,0,4,0,0,0,,45.0037254,-93.2993439
1778542,"August 28, 2020",Pennsylvania,Chester,2900 block of W 2nd St,1,3,0,0,0,,39.8303403,-75.39140569999999
1779023,"August 28, 2020",Texas,Dallas,2600 block of Elm St,1,4,0,0,1,,32.7839623,-96.7867259
1777607,"August 27, 2020",Oregon,Portland,10500 block of NE Halsey St,1,3,0,0,0,,45.533518,-122.5545311
1777180,"August 26, 2020",Michigan,Pontiac,252 Carriage Circle Dr,3,1,0,0,1,,42.63349669999999,-83.2619116
1776905,"August 26, 2020",South Carolina,Hilton Head Island,Muddy Creek Rd and Spanish Wells Rd,0,4,0,0,3,,32.1927639,-80.7692069
1777400,"August 26, 2020",Pennsylvania,Philadelphia,5500 block of Chew Ave,0,4,0,0,0,,40.0432486,-75.1615126
1776189,"August 25, 2020",Virginia,Norfolk,800 block of E Princess Anne Rd,0,5,0,0,1,,36.8583884,-76.2756689
1775249,"August 25, 2020",New York,Rochester,70 block of Flower St,0,4,0,0,0,,43.1765698,-77.61581919999999
1774123,"August 24, 2020",Michigan,Detroit,11938 E McNichols Rd,0,4,0,0,0,,42.4208568,-83.00004559999999
1773194,"August 24, 2020",California,Sacramento,1200 block of Helena Ave,1,3,0,0,0,,38.6163337,-121.4392027
1774138,"August 24, 2020",Florida,West Palm Beach,1000 block of 18th St,0,4,0,0,0,,26.7295071,-80.0612058
1773996,"August 24, 2020",Virginia,Richmond,2300 block of Bethel St,1,4,0,0,0,,37.5551184,-77.4185708
1772623,"August 23, 2020",Arkansas,Pine Bluff,2901 W 28th Ave,0,7,0,0,0,,34.20227980000001,-92.0327107
1772513,"August 23, 2020",New York,Brooklyn,2946 W 23rd St,1,3,0,0,0,,40.5747445,-73.99039479999999
1772934,"August 23, 2020",Colorado,Pueblo,2000 block of Longhorn Point,0,6,0,0,2,,38.5355491,-104.6987365
1772680,"August 23, 2020",Tennessee,Somerville,1100 block of Brewer Rd,1,4,0,0,7,,35.3396797,-89.4694051
1772438,"August 23, 2020",Illinois,Champaign,100 block of Kenwood Rd,0,4,0,0,0,,40.1163219,-88.2858048
1773006,"August 23, 2020",Illinois,Chicago,6600 S Halsted St,0,4,0,0,0,,41.7740424,-87.6450156
1772764,"August 22, 2020",Illinois,Rockford,1300 block of 10th St,1,3,0,0,0,,42.25653,-89.076381
1772174,"August 22, 2020",Alabama,Bessemer (Hueytown),Allison Bonnet Memorial Dr and Rutledge Dr,1,3,0,0,0,,33.4595147,-86.9471174
1769444,"August 19, 2020",Pennsylvania,Philadelphia,700 block of S 55th St,0,4,0,0,0,,39.9496885,-75.2334235
1769489,"August 19, 2020",Illinois,Chicago,8500 block of S Parnell Ave,0,6,0,0,0,,41.738752,-87.63797
1768125,"August 18, 2020",Pennsylvania,Philadelphia,3000 block of Cumberland St,1,4,0,0,0,,39.9940517,-75.18103099999999
1767851,"August 18, 2020",New York,Corona (Queens),35-35 21st St,0,4,0,0,0,,40.7599332,-73.9354133
1767747,"August 18, 2020",Illinois,Rockford,3001 Harney Ct,0,4,0,0,0,,42.261324,-89.04970399999999
1768683,"August 17, 2020",Ohio,Cleveland,Dove Ave and E 102nd St,0,5,0,0,0,,41.4522988,-81.61406099999999
1766574,"August 17, 2020",New York,Brooklyn,Atlantic Ave and Hinsdale St,0,4,0,0,0,,40.6755298,-73.90161859999999
1767402,"August 17, 2020",Texas,Dayton,County Rd 4901,3,2,0,0,1,,29.9815224,-94.9664079
1765658,"August 16, 2020",Kentucky,Lexington,1000 block of Newtown Ct,1,3,0,0,0,,38.0772806,-84.4938975
1765624,"August 16, 2020",Ohio,Cincinnati,700 block of Chalfonte Pl,1,3,0,0,0,,39.1501497,-84.4903022
1765636,"August 16, 2020",Ohio,Cincinnati,70 E McMicken Ave,2,9,0,0,0,,39.1152546,-84.51483379999999
1766423,"August 16, 2020",Ohio,Cincinnati,700 block of Chalfonte Pl,1,3,0,0,1,,39.1501497,-84.4903022
1766380,"August 16, 2020",Colorado,Denver,W Alameda Ave and S Federal Blvd,2,4,0,0,0,,39.71121300000001,-105.0249834
1765920,"August 16, 2020",Oklahoma,Oklahoma City,SW 59th St and Agnew Ave,0,4,0,0,0,,35.40619290000001,-97.5551342
1765336,"August 15, 2020",Michigan,Belleville,24914 Martinsville Rd,4,0,0,0,1,,42.12112260000001,-83.46099869999999
1765499,"August 15, 2020",Pennsylvania,Philadelphia,N 10th St and Brown St,0,5,0,0,0,,39.9662414,-75.1535252
1765890,"August 15, 2020",New York,Rochester,501 Thurston Rd,0,5,0,0,0,,43.134944,-77.6512544
1765705,"August 15, 2020",Connecticut,New Haven,Rosette St and Hurlburt St,1,5,0,0,1,,41.2927581,-72.9374273
1764756,"August 15, 2020",Alabama,Troy,4100 US-231 S,2,3,0,0,1,,31.7617648,-85.89486989999999
1764619,"August 14, 2020",New York,New York (Manhattan),111 Lenox Ave,0,4,0,0,0,,40.8017931,-73.95018499999999
1762951,"August 12, 2020",New Jersey,Newark,N 12th St,1,4,0,0,0,,40.7654151,-74.1899278
1762997,"August 12, 2020",Ohio,Dayton,2049 Catalpa Dr,1,3,0,0,0,,39.7853256,-84.2258926
1761557,"August 11, 2020",California,Torrance,22904 Lockness Ave,0,5,0,0,0,,33.8172344,-118.3053018
1759873,"August 9, 2020",Colorado,Denver,1400 block of W Byers Pl,0,9,0,0,0,,39.711894,-105.007012
1759779,"August 9, 2020",Ohio,Toledo,Monroe St and N Detroit Ave,0,6,0,0,0,,41.6645981,-83.5703139
1758966,"August 9, 2020",District of Columbia,Washington,3300 block of Dubois Pl SE,1,21,0,0,0,,38.8854122,-76.9595802
1760207,"August 9, 2020",Mississippi,Jackson,3600 block of Cromwell St,0,4,0,0,0,,32.3430386,-90.214854
1760261,"August 9, 2020",Texas,Houston,9700 Homestead Rd,0,4,0,0,0,,29.8521828,-95.2999854
1759425,"August 8, 2020",Kentucky,Paducah,900 block of Boyd St,1,3,0,1,4,,37.0911728,-88.6104348
1759237,"August 8, 2020",Alabama,Birmingham,426 18th St Ensley,1,5,0,0,0,,33.5143251,-86.8965312
1758838,"August 8, 2020",Pennsylvania,Philadelphia,1101 N 38th St,0,6,0,0,0,,39.9735243,-75.1988128
1759439,"August 8, 2020",Massachusetts,Brockton,124 Laureston St,0,5,0,0,0,,42.0682486,-71.01914529999999
1758774,"August 8, 2020",New York,Albany,First St and Quail St,1,3,0,0,0,,42.6614541,-73.7776765
1757380,"August 6, 2020",California,Oakland,4500 block of Fairfax Ave,1,3,0,0,1,,37.7807863,-122.2058777
1756248,"August 5, 2020",Illinois,Chicago,700 block of S Karlov Ave,0,4,0,0,0,,41.87206159999999,-87.7279788
1755566,"August 4, 2020",Wisconsin,Madison,333 S Rosa Rd,0,4,0,0,2,,43.0624189,-89.4763961
1755297,"August 4, 2020",District of Columbia,Washington,5400 block of Georgia Ave NW,0,4,0,0,0,,38.9552762,-77.0281409
1754613,"August 4, 2020",California,Beverly Hills,13200 Mulholland Dr,1,4,0,0,0,,34.1269503,-118.4208079
1754640,"August 4, 2020",Missouri,Saint Louis,5300 block of Bircher Blvd,1,3,0,0,0,,38.68752449999999,-90.25335079999999
1754672,"August 4, 2020",Connecticut,Hartford,818 Windsor St,1,5,0,0,0,,41.7899924,-72.6684063
1754363,"August 3, 2020",New York,Bronx,450 St Ann's Ave,0,4,0,0,0,,40.8113663,-73.91410379999999
1753320,"August 2, 2020",Pennsylvania,Philadelphia,3100 block of Weymouth St,0,4,0,0,0,,39.9954829,-75.1173287
1753561,"August 2, 2020",New Jersey,Newark,200 block of 6th Ave,0,5,0,0,0,,40.7559422,-74.1856981
1752100,"August 1, 2020",Illinois,Chicago,100 block of N Laporte Ave,1,4,0,0,2,,41.8831013,-87.749042
1753235,"August 1, 2020",Texas,Pointblank,4411 Counts Rd,2,3,0,0,0,,30.7492595,-95.2193374
1751949,"August 1, 2020",Colorado,Denver,3000 block of W Virginia Ave,1,4,0,0,0,,39.7075204,-105.0250358
1752790,"August 1, 2020",Alabama,Montgomery,1100 block of Eastern Blvd,0,4,0,0,0,,32.3656765,-86.2121915
1752019,"July 31, 2020",Pennsylvania,Philadelphia,2500 block of Ingersoll St,1,3,0,0,0,,39.9763016,-75.17682789999999
1750611,"July 30, 2020",Florida,Tampa,I-275 and N Westshore Blvd,0,5,0,0,1,,27.9464946,-82.5239715
1750548,"July 30, 2020",Florida,Miami Gardens,16701 NW 42 Ave,0,5,0,0,0,,25.9260979,-80.2682629
1750250,"July 29, 2020",Michigan,Detroit,5200 block of Canton St,0,4,0,0,0,,42.374378,-83.02224
1749873,"July 29, 2020",Ohio,Elyria,537 Willow Park Rd,4,0,1,0,0,,41.3836406,-82.11421779999999
1749746,"July 29, 2020",Missouri,Saint Louis,5500 block of Floy Ave,3,2,0,0,1,,38.70765189999999,-90.2576136
1749281,"July 28, 2020",Delaware,Wilmington,1100 block of Beech St,2,2,0,0,0,,39.7381098,-75.5664965
1749535,"July 28, 2020",Wisconsin,Milwaukee,2600 block of W Atkinson Ave,0,4,0,0,0,,43.0977997,-87.94113940000001
1748134,"July 27, 2020",Washington,Federal Way,2410 S 312th St,1,3,0,0,1,,47.3253602,-122.3016852
1747700,"July 27, 2020",Illinois,Chicago,705 E 92nd Pl,1,4,0,0,0,,41.7263571,-87.6067789
1746658,"July 26, 2020",Texas,Mount Enterprise,1039 FM 1798,0,4,0,0,1,,32.0138702,-94.7073499
1746441,"July 26, 2020",Michigan,Flint,4462 Corunna Rd,1,3,0,0,2,,43.0024752,-83.7705435
1746282,"July 26, 2020",Kentucky,Louisville,I-64,1,3,0,0,0,,38.2417358,-85.6830068
1746417,"July 26, 2020",Colorado,Commerce City,6300 block of Ivanhoe St,1,3,0,0,0,,39.8110714,-104.9210774
1748023,"July 26, 2020",Arkansas,Magnolia,1000 block of W Monroe St,0,4,0,0,0,,33.2646161,-93.2531315
1746582,"July 25, 2020",Michigan,Flint,4813 Clio Rd,0,6,0,0,1,,43.0585463,-83.7351874
1745903,"July 25, 2020",North Carolina,Raleigh,503 Bragg St,0,4,0,0,1,,35.7658985,-78.6324818
1746160,"July 25, 2020",Florida,Miami,2900 block of Northwest 51st St,1,3,0,0,2,,25.8205765,-80.24278679999999
1746430,"July 25, 2020",Colorado,Denver,East 33rd Ave and Hudson St,2,3,0,0,0,,39.7638091,-104.9240421
1746674,"July 25, 2020",Texas,Dallas,525 S Riverfront Blvd,0,4,0,0,0,,32.7694106,-96.81126689999999
1745737,"July 25, 2020",California,Manteca,4447 Woodward Ave,0,7,0,0,0,,37.7759961,-121.2532699
1744407,"July 24, 2020",Georgia,Atlanta,Sunset Ave NW and Lester St NW,2,2,0,0,1,,33.7588614,-84.4099516
1743168,"July 23, 2020",Virginia,Fairfield,3700 block of Meadowbridge Rd,1,3,0,0,0,,37.8792991,-79.2894783
1743488,"July 23, 2020",Virginia,Petersburg,Wesley St,0,4,0,0,0,,37.2166815,-77.4105908
1744332,"July 23, 2020",Illinois,Chicago,120th St and Prairie Ave,2,4,0,0,0,,41.6762987,-87.6165473
1743108,"July 22, 2020",Michigan,Warren,28200 block of Lawson St,0,4,0,0,0,,42.4715186,-82.9779973
1741838,"July 21, 2020",Illinois,Chicago,1018 W 79th St,0,15,0,0,0,,41.7507188,-87.6496942
1740533,"July 20, 2020",Virginia,Richmond,6850 Forest Hill Ave,1,4,0,0,0,,37.5384522,-77.52109879999999
1740615,"July 20, 2020",Illinois,Chicago,S Lawndale Ave and W Douglas Blvd,0,5,0,0,0,,41.8623792,-87.7177495
1739920,"July 19, 2020",Michigan,Detroit,McKinney St and Meuse St,1,3,0,0,0,,42.421886,-82.942038
1739571,"July 19, 2020",Nebraska,Omaha,28th St and T Ave,0,8,0,0,0,,41.2013833,-95.954593
1740013,"July 19, 2020",Illinois,Chicago,11300 block of South Carpenter St,2,3,0,0,0,,41.6885248,-87.64863350000002
1739434,"July 19, 2020",Illinois,Peoria,NE Water St and Hamilton Blvd,0,13,0,0,0,,40.69069349999999,-89.58624429999999
1739658,"July 19, 2020",District of Columbia,Washington,3600 block of 14th St NW,1,8,0,0,0,,38.9364286,-77.0330036
1739917,"July 19, 2020",Michigan,Detroit,9122 Dexter Ave,4,0,0,0,1,,42.3700357,-83.11699999999999
1738635,"July 18, 2020",Illinois,Chicago,1600 block of S Keeler Ave,1,4,0,0,0,,41.8588042,-87.72984269999999
1739097,"July 17, 2020",Ohio,Columbus,E 6th Ave and Summit St,0,4,0,0,0,,39.989076,-83.00189730000001
1739413,"July 17, 2020",Florida,Madison,SW Louisiana Terrace,0,4,0,0,1,,30.454677,-83.4154808
1736508,"July 16, 2020",Tennessee,Nashville,S 7th St and Sylvan St,0,5,0,0,0,,36.166887,-86.7606069
1736383,"July 15, 2020",Louisiana,Shreveport,6725 Buncombe Rd,1,3,0,0,0,,32.4122357,-93.8844831
1735326,"July 15, 2020",New York,Brooklyn,President St and Franklin Ave,1,5,0,0,0,,40.6689103,-73.9586113
1735573,"July 14, 2020",Missouri,Saint Joseph,S 18th St and Charles St,0,5,0,0,0,,39.7650709,-94.8387551
1735470,"July 14, 2020",North Carolina,Durham,200 Block of S Benjamine St,0,8,0,0,0,,35.9852821,-78.8687331
1733702,"July 13, 2020",New York,Brooklyn,Remsen Ave,0,6,0,0,0,,40.6466429,-73.9131233
1734064,"July 13, 2020",Kentucky,Louisville,1200 block of W Hill St,1,3,0,0,0,,38.2272584,-85.7757233
1734058,"July 13, 2020",Washington,Kent,23201 Pacific Hwy South,0,6,0,0,2,,47.3935602,-122.2956145
1732993,"July 12, 2020",New York,Brooklyn,Madison St and Marcus Garvey Blvd,1,3,0,0,2,,40.6860966,-73.9386595
1732485,"July 12, 2020",Louisiana,Baton Rouge,4718 Plank Rd,1,7,0,0,0,,30.4929836,-91.155059
1732688,"July 12, 2020",Michigan,Lansing,3029 BeauJardin Dr,0,5,0,0,0,,42.6853322,-84.5083528
1732365,"July 12, 2020",Florida,Fort Lauderdale,3000 block of NW 12th Ct,2,2,0,0,0,,26.1404809,-80.1854216
1733188,"July 12, 2020",Illinois,Chicago,700 block of W 66th Pl,1,3,0,0,0,,41.7734158,-87.6426443
1732229,"July 12, 2020",Illinois,Chicago,1100 block of N Lawndale Ave,1,4,0,0,0,,41.9010368,-87.71922169999999
1732532,"July 12, 2020",Mississippi,Como,2965 Hunter Chapel Road,2,4,0,0,2,,34.5531702,-89.8807325
1731349,"July 11, 2020",New York,Rochester,485 N Clinton Ave,0,6,0,0,0,,43.1666177,-77.6109379
1732321,"July 11, 2020",Delaware,Wilmington,600 block of N Pine St,0,5,0,0,0,,39.739382,-75.5441263
1727743,"July 7, 2020",Virginia,Alexandria,7900 block of Janna Lee Ave,0,5,0,0,0,,38.7461209,-77.0947419
1728683,"July 7, 2020",New Jersey,Paterson,Harrison St and Carroll St,4,3,0,0,0,,40.9228484,-74.1615659
1727567,"July 6, 2020",Illinois,Chicago,1305 W 76th St,0,6,0,0,0,,41.7555444,-87.6567798
1725108,"July 5, 2020",South Carolina,Greenville,1701 White Horse Rd,2,8,0,0,1,,34.7941022,-82.4202205
1725883,"July 5, 2020",Illinois,Chicago,3700 block of W Jackson Blvd,0,4,0,0,0,,41.8772551,-87.7182122
1725802,"July 5, 2020",Iowa,Davenport,1000 block of W 3rd St,1,3,0,0,0,,41.5226514,-90.58783350000002
1725167,"July 5, 2020",New York,New York (Manhattan),549 Academy St,0,5,0,0,0,,40.862896,-73.922433
1726770,"July 5, 2020",Arkansas,Helena,1317 Perry St,1,3,0,0,0,,34.5296404,-90.6017501
1725690,"July 5, 2020",Georgia,Atlanta,200 block of Auburn Ave,2,13,0,0,1,,33.7557763,-84.3811868
1725946,"July 5, 2020",Missouri,Columbia,Volunteer Dr and Grace Ln,2,3,0,0,1,,38.9503079,-92.2559381
1725379,"July 5, 2020",Wisconsin,Milwaukee,5800 block of W Hope Ave,0,4,0,0,0,,43.0953854,-87.9862476
1726446,"July 5, 2020",Texas,Houston,Service Rd and Holcombe Blvd,0,4,0,0,0,,29.7060534,-95.389839
1725327,"July 5, 2020",Maryland,Cambridge,700 block of Weaver Ave,0,4,0,0,0,,38.567143,-76.0891061
1725145,"July 5, 2020",Illinois,Chicago,1500 block of S Millard Ave,1,5,0,0,0,,41.8607915,-87.71647949999999
1725635,"July 5, 2020",Pennsylvania,Ephrata,6 Blackberry Ln,0,4,0,0,1,,40.1847333,-76.1522111
1726034,"July 5, 2020",Illinois,Freeport,900 block of S Carroll Ave,1,5,0,0,0,,42.2909782,-89.61470949999999
1727515,"July 5, 2020",Mississippi,Greenville,Union St,0,4,0,0,0,,33.4099006,-91.0365663
1725571,"July 5, 2020",Michigan,Detroit,San Juan Dr and W McNichols Rd,2,4,0,0,0,,42.4171334,-83.1461767
1725025,"July 4, 2020",Maryland,Temple Hills (Marlow Heights),4600 Dallas Pl,1,3,0,0,0,,38.8255809,-76.9485386
1725670,"July 4, 2020",Georgia,Atlanta,1600 block of Lakewood Ave,0,5,0,0,0,,33.7105715,-84.3800029
1724231,"July 4, 2020",Michigan,Detroit,8340 Homer St,2,3,0,0,0,,42.3040512,-83.12610219999999
1725098,"July 4, 2020",Illinois,Chicago,8300 block of S Kingston Ave,1,3,0,0,0,,41.7445144,-87.56247959999999
1725081,"July 4, 2020",Illinois,Chicago,6100 block of S Carpenter St,4,4,0,0,0,,41.7831947,-87.65109179999999
1725407,"July 4, 2020",Massachusetts,Lynn,134 Fayette St,1,4,0,0,3,,42.4712426,-70.9380892
1724219,"July 4, 2020",Mississippi,Jackson,6340 Ridgewood Ct Dr,1,3,0,0,1,,32.3959279,-90.13931459999999
1724887,"July 4, 2020",Louisiana,Baton Rouge,11300 block of Greenwell Springs Rd,0,4,0,0,1,,30.4925393,-91.0572133
1723897,"July 3, 2020",Alabama,Birmingham (Hoover),2000 Riverchase Galleria,1,3,0,0,3,,33.3789439,-86.8076043
1724273,"July 3, 2020",Maryland,Baltimore,700 block of S Woodington Rd,0,4,0,0,0,,39.2751222,-76.6900587
1723184,"July 2, 2020",California,Delano,2100 block of Oleander St,2,3,0,0,0,,35.785076,-119.2395326
1723352,"July 2, 2020",Massachusetts,Somerville,5 River Rd,0,4,0,0,3,,42.3971379,-71.09329509999999
1722839,"July 2, 2020",New Jersey,Paterson,N Main St and Jefferson St,1,4,0,0,0,,40.9251298,-74.1709326
1722142,"July 1, 2020",California,Oakland,MacArthur Fwy and 106th Ave,0,4,0,0,0,,37.7429677,-122.152503
1729506,"July 1, 2020",Louisiana,Lake Charles,1600 block of Moss St,0,4,0,0,1,,30.2187025,-93.21295599999999
1721964,"June 30, 2020",Iowa,Davenport,1400 block of Pershing Ave,0,5,0,0,0,,41.5340719,-90.5711743
1720781,"June 30, 2020",Georgia,Atlanta,Parkway Dr,1,4,0,0,0,,33.662198,-84.4046855
1721669,"June 30, 2020",Massachusetts,Boston,14 Circuit St,1,3,0,0,0,,42.32357289999999,-71.08509029999999
1720761,"June 30, 2020",Illinois,Chicago,350 W Chicago Ave,0,4,0,0,0,,41.896802,-87.6377693
1721572,"June 30, 2020",Ohio,Dayton,3500 block of Stanford Pl,0,4,0,0,0,,39.7779281,-84.24364589999999
1722317,"June 30, 2020",Arkansas,Greenbrier,123 Laramie Rd,0,4,0,0,1,,35.2439247,-92.2603671
1720834,"June 29, 2020",California,Sylmar,Osborne St and Foothill Blvd,0,4,0,0,0,,34.2735536,-118.3938017
1720655,"June 29, 2020",South Dakota,Sioux Falls,902 N Prairie Ave,1,3,0,0,1,,43.55790289999999,-96.73690889999999
1719693,"June 28, 2020",Pennsylvania,Philadelphia,1900 block of E Somerset St,2,2,0,0,0,,39.9901234,-75.12161619999999
1719668,"June 28, 2020",Alabama,Akron,Co Rd 21,0,7,0,0,1,,32.8568549,-87.6818873
1718966,"June 27, 2020",Illinois,Chicago,3100 block of S Rhodes Ave,2,2,0,0,0,,41.838468,-87.6135087
1718847,"June 27, 2020",California,Red Bluff,10815 State Hwy 99W,2,4,1,0,0,,40.109474,-122.1920099
1718463,"June 27, 2020",Illinois,Peoria,1400 block of SW Jefferson St,0,4,0,0,0,,40.682286,-89.6064565
1718238,"June 27, 2020",New York,Brooklyn,Rockaway Pkwy and Ave B,0,4,0,0,0,,40.65299479999999,-73.9109691
1719645,"June 27, 2020",Arkansas,Blytheville,600 block of Parkway Dr,3,1,0,0,1,,35.9254936,-89.894573
1717828,"June 26, 2020",Colorado,Aurora,698 Peoria St,0,5,0,0,0,,39.7271461,-104.8443218
1718292,"June 26, 2020",California,Fresno,Pico Ave,0,4,0,0,0,,36.8015796,-119.8328845
1717173,"June 26, 2020",Arizona,Phoenix,5035 W McDowell Rd,0,4,0,0,0,,33.4655847,-112.1686423
1717543,"June 25, 2020",Pennsylvania,Philadelphia,Emerald St and E Atlantic St,0,4,0,0,0,,39.9984368,-75.1032953
1716944,"June 25, 2020",Connecticut,Bridgeport,527 Huntington Rd,1,3,0,0,0,,41.2002126,-73.1821204
1715616,"June 24, 2020",Tennessee,Jackson,Melwood St,0,4,0,0,1,,35.6412895,-88.8160139
1714504,"June 23, 2020",Illinois,Chicago,9100 block of South Ellis Ave,0,4,0,0,0,,41.7292946,-87.6000995
1715231,"June 23, 2020",Florida,Lake Worth,Lantana Rd and Edgecliff Ave,0,5,0,0,0,,26.5894285,-80.13767039999999
1712342,"June 22, 2020",North Carolina,Charlotte,1800 block of Beatties Ford Rd,4,5,0,0,0,,35.2601017,-80.8548788
1713075,"June 22, 2020",California,San Francisco,200 block of Leavenworth St,0,5,0,0,1,,37.7830345,-122.4139362
1713790,"June 22, 2020",New York,Brooklyn,Sterling St and Brooklyn Ave,0,5,0,0,0,,40.6634635,-73.94554269999999
1712876,"June 22, 2020",Minnesota,Minneapolis,N Morgan Ave and N 16th Ave,0,4,0,0,0,,44.9952267,-93.30446309999999
1712898,"June 22, 2020",Minnesota,Minneapolis,627 W Broadway,0,4,0,0,0,,44.9988088,-93.28759699999999
1712408,"June 22, 2020",Illinois,Chicago,200 S Central Park Blvd,0,5,0,0,0,,41.8781679,-87.7158214
1712386,"June 22, 2020",Illinois,Chicago,5200 block of S Lowe Ave,0,4,0,0,0,,41.7996434,-87.64199479999999
1713668,"June 22, 2020",Ohio,Columbus,1910 Fountainview Ct,1,4,0,0,0,,39.9404962,-82.83416369999999
1711747,"June 21, 2020",New York,Buffalo,W Ferry St and Niagara St,0,4,0,0,0,,42.915199,-78.8994539
1711626,"June 21, 2020",Texas,Austin,500 block of E 7th St,0,5,0,0,0,,30.2678638,-97.7375115
1711410,"June 21, 2020",Minnesota,Minneapolis,2939 Hennepin Ave S,0,11,0,0,0,,44.94876439999999,-93.2977906
1711690,"June 21, 2020",Alabama,Auburn,600 block of Railroad Ave,0,4,0,0,0,,32.6099113,-85.4925303
1713493,"June 21, 2020",Texas,Corpus Christi,5802 Everhart Rd,1,3,0,0,1,,27.7029309,-97.3895261
1711605,"June 21, 2020",Wisconsin,Milwaukee,North 28th St and West Ruby Ave,0,5,0,0,0,,43.0989925,-87.9479874
1711487,"June 21, 2020",Illinois,Chicago,2600 block of W Potomac Ave,1,3,0,0,0,,41.904964,-87.69221689999999
1710537,"June 20, 2020",New York,Bronx,Mount Eden Pkwy and Monroe Ave,0,4,0,0,0,,40.8426712,-73.90685599999999
1711285,"June 20, 2020",New York,Syracuse,Marcellus St and Wyoming St,1,8,0,0,9,,43.04734759999999,-76.1604352
1711876,"June 20, 2020",Michigan,Detroit,Appoline St and Puritan Ave,0,4,0,0,0,,42.4095269,-83.17081390000001
1711272,"June 20, 2020",Michigan,Saginaw,Livingston Dr and Tausend St,1,3,0,0,0,,43.3953381,-83.9315451
1710849,"June 20, 2020",Wisconsin,Janesville,6530 S US-51,0,5,0,0,2,,42.5850837,-89.0205586
1710920,"June 20, 2020",North Carolina,Pinetops,715 E Lashley St,2,2,0,0,0,,35.7871881,-77.6289611
1710680,"June 20, 2020",New Jersey,Jersey City,Union St and Ocean Ave,1,4,0,0,3,,40.7004385,-74.0835696
1711397,"June 20, 2020",Kansas,Wichita,3741 N Rock Rd,0,5,0,0,0,,37.7510742,-97.2462773
1711134,"June 20, 2020",New York,Bronx,Mapes Ave,0,4,0,0,0,,40.8465242,-73.8856334
1708889,"June 18, 2020",New York,Albany,8 Albany St,0,7,0,0,0,,42.6685832,-73.7409429
1708432,"June 17, 2020",Illinois,Chicago,1323 W 76th St,0,4,0,0,0,,41.7555826,-87.6572431
1706994,"June 16, 2020",Iowa,Fort Dodge,900 block of 10th Ave SW,2,2,0,0,4,,42.4970276,-94.1849785
1706710,"June 15, 2020",Illinois,Chicago,W Diversey Ave,0,4,0,0,0,,41.9325468,-87.6599254
1704879,"June 14, 2020",Minnesota,Minneapolis,328 W Broadway Ave,1,6,0,0,2,,44.9993638,-93.2847773
1704862,"June 14, 2020",Kentucky,Louisville,531 Franklin St,1,4,0,0,0,,38.2567969,-85.7408659
1704873,"June 14, 2020",Louisiana,Lafayette,400 block of Jefferson St,0,5,0,0,1,,30.2266417,-92.01765809999999
1705050,"June 14, 2020",Louisiana,Lake Charles,3945 US-90,0,4,0,0,1,,30.2359288,-93.1591182
1705346,"June 14, 2020",Louisiana,New Orleans,600 block of S Lopez St,2,2,0,0,0,,29.9642854,-90.0959221
1705355,"June 13, 2020",Arkansas,Rison,Carver St and Center St,0,4,0,0,2,,33.958574,-92.1852031
1705440,"June 13, 2020",California,Hesperia,8100 block of Julie Ct,0,5,0,0,0,,34.3996897,-117.2489458
1704116,"June 13, 2020",Missouri,Saint Louis,3103 N Grand Blvd,2,4,0,0,1,,38.6587334,-90.21897270000001
1704176,"June 13, 2020",Maryland,Baltimore,700 block of S Broadway St,0,5,0,0,1,,39.2833992,-76.59367670000002
1704580,"June 13, 2020",Georgia,Atlanta,69 Mason Ave NE,2,5,0,0,0,,33.6150635,-84.547875
1704727,"June 13, 2020",District of Columbia,Washington,3100 block of Waclark Pl SE,2,5,0,0,0,,38.84438280000001,-77.0020444
1704415,"June 13, 2020",New York,Wyandanch,76 Grand Blvd,1,7,0,0,0,,40.7527662,-73.3536362
1703509,"June 12, 2020",Pennsylvania,Philadelphia,N Broad St and Colwyn St,0,6,0,0,0,,40.0156645,-75.1498064
1704217,"June 12, 2020",New York,Bronx,E 233rd St and Bronx River Pkwy,1,3,0,0,0,,40.8947378,-73.8614137
1703985,"June 12, 2020",Texas,San Antonio,8134 Broadway St,0,8,0,0,1,,29.5110258,-98.4659295
1702276,"June 11, 2020",Virginia,Richmond,800 block of N 1st St,0,4,0,0,0,,37.5498317,-77.4365765
1702172,"June 11, 2020",District of Columbia,Washington,1200 block of Mt Olivet Rd NE,0,7,0,0,0,,38.9102947,-76.9848415
1703044,"June 11, 2020",Louisiana,Monroe,1101 Richwood Road 2,5,0,1,0,0,,32.4381437,-92.0972654
1703055,"June 11, 2020",Texas,Houston,5840 Glenmont Dr,2,4,0,0,0,,29.7204546,-95.4842074
1701714,"June 10, 2020",California,Paso Robles,900 Park St,1,4,1,0,0,,35.6241443,-120.6896343
1702372,"June 10, 2020",California,Sacramento,68th Avenue and Della Circle,1,4,0,0,0,,38.49007659999999,-121.4120515
1701382,"June 10, 2020",Ohio,Toledo,1100 block of Baker St,1,3,0,0,0,,41.6678278,-83.53275599999999
1700864,"June 9, 2020",North Carolina,Scotland Neck,E 13th St and Greenwood St,0,5,0,0,0,,36.131734,-77.418168
1701426,"June 9, 2020",Pennsylvania,Philadelphia,600 block of N 8th St,1,6,0,0,0,,39.963043,-75.15181199999999
1701491,"June 9, 2020",California,Vallejo,100 block of Cynthia Ave,2,3,0,0,0,,38.1467274,-122.2305377
1700371,"June 8, 2020",New York,Brooklyn,512 Bristol St,0,4,0,0,0,,40.6583985,-73.9100552
1700250,"June 8, 2020",Tennessee,Memphis,1525 E McLemore Ave,0,4,0,0,4,,35.1152432,-90.0114121
1699193,"June 7, 2020",Tennessee,Dyersburg,1305 Grant St,0,5,0,0,0,,36.0234388,-89.37244799999999
1699577,"June 7, 2020",Arkansas,Hope,1400 block of East Hickory St,0,5,0,0,0,,33.6819563,-93.58209459999999
1700234,"June 7, 2020",Illinois,Robbins,13600 block of Central Park Ave,1,3,0,0,0,,41.64581949999999,-87.7088151
1699211,"June 7, 2020",Missouri,Sikeston,915 Plantation Blvd,2,7,0,0,3,,36.8663961,-89.5675931
1698987,"June 7, 2020",Illinois,Chicago,50 block of S Seeley Ave,1,3,0,0,0,,41.8804731,-87.6781439
1699667,"June 7, 2020",Illinois,Chicago,3700 block of S State St,0,6,0,0,0,,41.826403,-87.627125
1698868,"June 6, 2020",California,Sacramento,Gardendale Rd and 29th St,1,4,0,0,2,,38.490483,-121.4740385
1698306,"June 6, 2020",Missouri,Kansas City,E 18th St and Vine St,1,4,0,0,0,,39.09121349999999,-94.5633482
1700812,"June 6, 2020",Mississippi,Drew,Wilson Ave,0,5,0,0,2,,33.811109,-90.5256129
1698276,"June 6, 2020",Ohio,Ironton,1305 S 3rd St,0,4,0,0,1,,38.5254931,-82.6774717
1697541,"June 5, 2020",Colorado,Denver,4900 block of Wheeling St,0,4,0,0,1,,39.7862864,-104.8359069
1697453,"June 4, 2020",Alabama,Valhermoso Springs,522 Talucah Rd,7,0,0,0,2,,34.523711,-86.6766957
1695998,"June 2, 2020",Texas,Dallas,7460 S Westmoreland Rd,1,3,0,0,0,,32.6551178,-96.8844038
1695586,"June 2, 2020",Wisconsin,Racine,Kewaunee St and Michigan Blvd,0,5,0,0,5,,42.7393779,-87.78277829999999
1695645,"June 2, 2020",Illinois,Chicago,8404 S Colfax Ave,0,4,0,0,0,,41.7424694,-87.56149789999999
1694735,"June 1, 2020",Missouri,Saint Louis,1915 Olive St,0,4,0,0,0,,38.632234,-90.2081279
1693340,"May 31, 2020",Mississippi,Gulfport,S Carolina Ave and Polk St,1,5,0,0,0,,30.4088925,-89.0856936
1693580,"May 31, 2020",Pennsylvania,Philadelphia,700 block of E Clearfield St,0,4,0,0,0,,39.9952862,-75.11764339999999
1692513,"May 30, 2020",New Jersey,Paterson,E 23rd St and 10th Ave,0,4,0,0,3,,40.9240782,-74.14992769999999
1692912,"May 30, 2020",District of Columbia,Washington,300 block of 37th St SE,0,4,0,0,0,,38.8856075,-76.9527193
1693064,"May 30, 2020",Texas,Houston,9635 Scott St,1,4,0,0,1,,29.6518544,-95.36834160000001
1693246,"May 30, 2020",Florida,Altha,21281 Apachee Rd,1,4,1,0,0,,30.5704721,-85.12714419999999
1692496,"May 30, 2020",North Carolina,Gastonia,3000 block of Earl Ln,1,5,0,0,0,,35.2296632,-81.2073691
1692102,"May 29, 2020",Virginia,Portsmouth,500 block of Edwards St,0,5,0,0,0,,36.822642,-76.29957189999999
1691221,"May 28, 2020",Kentucky,Louisville,601 W Jefferson St,0,7,0,0,0,,38.2544334,-85.76049720000002
1690922,"May 28, 2020",Tennessee,Memphis,TN 385 and Kirby Pkwy,0,4,0,0,0,,35.0700772,-89.8426897
1691440,"May 28, 2020",Pennsylvania,Philadelphia,300 block of N 55th St,1,3,0,0,0,,39.9659665,-75.2300106
1690369,"May 27, 2020",Massachusetts,Boston,5 Ames St,1,4,0,0,0,,42.2904264,-71.0867009
1690524,"May 27, 2020",Ohio,Cleveland,12800 Euclid Ave,1,3,0,0,0,,41.5187315,-81.5934096
1690439,"May 27, 2020",California,San Jose,1100 block of William Ct,0,5,0,0,0,,37.3414088,-121.8622783
1689419,"May 27, 2020",Pennsylvania,Philadelphia,1800 block of Hart Ln,0,4,0,0,0,,39.9919993,-75.12154400000001
1688610,"May 26, 2020",Mississippi,Vicksburg,4045 Clay St,0,4,0,0,0,,32.3441471,-90.8372534
1689252,"May 26, 2020",Pennsylvania,Philadelphia,2700 block of N Darian St,0,4,0,0,0,,39.9927892,-75.1456111
1688917,"May 26, 2020",Illinois,Chicago,W Washington Blvd and N Hamlin Blvd,2,2,0,0,0,,41.881905,-87.7208325
1689555,"May 26, 2020",California,Los Angeles,119th St and Berendo Ave,0,5,0,0,0,,33.9250535,-118.2945804
1688753,"May 26, 2020",South Carolina,Bowman,Dibble St and Rail St,3,5,0,0,0,,33.3478698,-80.6853345
1687219,"May 24, 2020",Missouri,Saint Louis,Union Boulevard and Cote Brilliante Ave,0,4,0,0,0,,38.6681879,-90.2660204
1687037,"May 24, 2020",South Carolina,Myrtle Beach,12th Ave N and Ocean Blvd,0,4,0,0,2,,33.69469,-78.8769908
1687414,"May 24, 2020",Alabama,Danville,68 Flint Creek Pvt Dr,3,1,0,0,1,,34.5037435,-87.0675581
1686222,"May 23, 2020",Texas,Houston,2900 Travis St,0,4,0,0,0,,29.7437558,-95.3771472
1686615,"May 23, 2020",Illinois,Rock Island,800 14 1/2 St,1,4,0,0,0,,41.5032573,-90.57847799999999
1687027,"May 23, 2020",South Carolina,Jonesville,100 block of Dover Rd,2,5,0,0,2,,34.8210642,-81.6329422
1687108,"May 23, 2020",North Carolina,Charlotte,4900 Block of Albemarle Rd,0,6,0,0,0,,35.1998481,-80.76460589999999
1687097,"May 23, 2020",Michigan,Flint,4100 block of Minerva St,1,3,0,0,0,,43.0634549,-83.7430217
1686414,"May 23, 2020",Florida,Fort Lauderdale (Lauderhill),7776 NW 44th St,0,5,0,0,0,,26.1782174,-80.25336779999999
1686747,"May 23, 2020",Florida,Daytona Beach,13 S Atlantic Ave,0,6,0,0,0,,29.2264931,-81.0069621
1686685,"May 23, 2020",Illinois,Chicago,3911 W Grenshaw St,1,3,0,0,0,,41.8669156,-87.7233317
1687381,"May 23, 2020",Mississippi,Jackson,2300 block of Oakhurst Dr,1,3,0,1,1,,32.2764707,-90.2188106
1686015,"May 22, 2020",Ohio,Cleveland,11921 Miles Ave,1,3,0,0,0,,41.4455076,-81.5991523
1683810,"May 20, 2020",Texas,Houston,6918 Landor St,1,3,1,0,0,,29.8300416,-95.30462159999999
1683653,"May 19, 2020",Illinois,Decatur,300 block of West Leafland Ave,0,5,0,0,0,,39.8535474,-88.9591579
1682322,"May 18, 2020",California,Bakersfield,901 W Columbus St,0,5,0,0,0,,35.3977311,-119.0108201
1681602,"May 17, 2020",South Carolina,Charleston,23 Cannon St,0,4,0,0,0,,32.7912424,-79.94216850000001
1682233,"May 17, 2020",South Carolina,Saint Matthews,100 block of Bugleflower Ln,3,1,1,0,0,,33.6303393,-80.7822554
1681588,"May 16, 2020",Louisiana,Bogalusa,Martin Luther King Dr and E 4th St,0,13,0,0,0,,30.7757817,-89.8510165
1686369,"May 15, 2020",Florida,Gainesville,2305 SE Hawthorne Rd,0,5,0,0,1,,29.6449607,-82.2941807
1850080,"May 15, 2020",Pennsylvania,Philadelphia,4300 block of Germantown Ave,0,4,0,0,0,,40.0192327,-75.15602129999999
1680027,"May 14, 2020",New Mexico,Albuquerque,820 Louisiana SE,0,5,0,0,1,,35.0642068,-106.568267
1679086,"May 13, 2020",Illinois,Rockford,2914 W State St,1,4,0,0,0,,42.2765511,-89.13183490000002
1678589,"May 13, 2020",Kentucky,Garrison,6151 Kinney Rd,1,4,0,0,1,,38.5982911,-83.18565559999999
1679356,"May 13, 2020",Tennessee,Memphis,3500 block of Commerce Cir,0,4,0,0,0,,35.051495,-89.9210501
1677566,"May 11, 2020",Alabama,Montgomery,Rosa Parks Ave and Courtland Dr,0,4,0,0,0,,32.349302,-86.316546
1676515,"May 10, 2020",Louisiana,Baton Rouge,2944 Plank Rd,0,5,0,0,2,,30.4748845,-91.16151579999999
1676579,"May 10, 2020",Texas,Fort Worth,4750 Wilbarger St,0,5,0,0,10,,32.6983185,-97.25328429999999
1676746,"May 10, 2020",Texas,Katy,18000 block of Bonners Park Cir,0,5,0,1,0,,29.8566586,-95.69671799999999
1676121,"May 9, 2020",Missouri,Saint Louis,3500 block of Arkansas Ave,0,4,0,0,0,,38.5935072,-90.2418095
1674802,"May 7, 2020",Maryland,Baltimore,5100 block of Stafford Rd,0,4,0,0,0,,39.2803564,-76.70044519999999
1673989,"May 6, 2020",Texas,Houston,14200 block of Bridgeport Rd,3,1,0,0,1,,29.6009444,-95.41945109999999
1674299,"May 6, 2020",Tennessee,Memphis,4000 block of Barron Ave,2,2,0,0,1,,35.0968477,-89.9292218
1673633,"May 6, 2020",Georgia,Albany,1900 block of Meadow Dr,1,3,0,0,9,,31.6043527,-84.10810649999999
1671289,"May 3, 2020",Ohio,Columbus,300 block of S Ashburton Rd,0,4,0,0,0,,39.9656411,-82.9121553
1671624,"May 3, 2020",Florida,Jacksonville,2100 block of Brooklyn Rd,1,3,0,0,0,,30.3746523,-81.6960562
1671078,"May 3, 2020",Illinois,Chicago,3700 W 13th St,0,5,0,0,0,,41.8644379,-87.7178056
1670970,"May 2, 2020",Pennsylvania,Philadelphia,200 block of S Cecil St,0,4,0,0,0,,39.9580944,-75.23705269999999
1668470,"April 29, 2020",Indiana,Indianapolis,451 E Stop 11 Rd,0,4,0,0,0,,39.6509235,-86.1534157
1666945,"April 27, 2020",Wisconsin,Milwaukee,2800 block of N 12th St,5,0,0,0,1,,43.0696123,-87.92662419999999
1666461,"April 26, 2020",New York,Troy,Jefferson St and 3rd St,0,4,0,0,0,,42.723602,-73.6919578
1666600,"April 26, 2020",North Carolina,Salisbury,900 block of E Lafayette St,1,4,0,0,1,,35.664874,-80.4537582
1666327,"April 25, 2020",Florida,Orlando,Elese St and Deerock Dr,1,4,0,0,0,,28.5265654,-81.4466322
1665834,"April 25, 2020",Tennessee,Memphis,500 block of Josephine St,0,7,0,0,0,,35.11840979999999,-89.9690601
1664933,"April 24, 2020",Texas,Houston,4714 Ward St,3,1,0,0,1,,29.6880158,-95.3502558
1665735,"April 24, 2020",Indiana,Fort Wayne,3233 Diplomat Dr,0,4,0,0,1,,41.0501551,-85.0950845
1661537,"April 18, 2020",Maryland,Hyattsville,7500 block of Courtney Pl,2,2,0,0,1,,38.8988141,-76.8757748
1660797,"April 17, 2020",North Carolina,Greensboro,4400 block of Beckford Dr,1,3,0,0,1,,36.04498600000001,-79.86900899999999
1661218,"April 17, 2020",Massachusetts,Springfield,College St,1,4,0,0,3,,42.1164396,-72.5587141
1659862,"April 16, 2020",Pennsylvania,Philadelphia,Bustleton Ave and St Vincent St,0,4,0,0,1,,40.04537200000001,-75.0607271
1659966,"April 15, 2020",Mississippi,Jackson,1200 block of Wood Village Dr,1,3,0,0,0,,32.2941981,-90.2422855
1656873,"April 11, 2020",California,Bakersfield,Pioneer Rd and Sterling Rd,0,6,0,0,0,,35.371462,-118.9408562
1656265,"April 10, 2020",Michigan,Muskegon,800 block of Oak St,0,4,0,0,1,,43.2359559,-86.21668
1654971,"April 8, 2020",South Carolina,Greenwood,1522 Parkway,1,3,0,0,0,,34.16941,-82.160327
1655674,"April 8, 2020",Michigan,Detroit,1200 block of Payton St,0,4,0,0,0,,42.4273602,-82.9571806
1656373,"April 8, 2020",Alaska,Anchorage,10600 block of Elmore Rd,0,4,0,0,0,,61.1246591,-149.8042215
1654341,"April 7, 2020",Illinois,Chicago,86th Street and Damen Avenue,1,3,0,0,0,,41.7376471,-87.6728431
1652642,"April 5, 2020",New York,Brooklyn,181 Rockaway Pky,0,4,0,0,0,,40.6624148,-73.92120659999999
1652734,"April 5, 2020",California,Los Angeles,89th St and Hobart Ave,1,3,0,0,0,,33.9563402,-118.3079051
1653012,"April 5, 2020",South Carolina,Lancaster,Mahaffey Line Dr,1,4,0,0,0,,34.7062609,-80.8026373
1652073,"April 4, 2020",Texas,Lubbock,2107 49th St,2,2,0,0,2,,33.5494791,-101.8627653
1652601,"April 4, 2020",Texas,Vidor,100 block of Hebert St,0,4,0,0,1,,30.1223362,-94.016528
1652328,"April 4, 2020",Florida,Hialeah,W 69th St and 24th Ave,0,4,1,0,0,,25.885147,-80.33305399999999
1651742,"April 3, 2020",Kentucky,Louisville,1000 block of Cecil Ave,0,4,0,0,0,,38.2454483,-85.8213336
1649473,"March 31, 2020",Georgia,Macon,571 Moreland Ave,3,1,0,0,1,,32.7957796,-83.6457685
1648832,"March 30, 2020",Pennsylvania,Philadelphia,2000 block of W Harold St,0,5,0,0,0,,39.9945714,-75.16780299999999
1648205,"March 29, 2020",Georgia,Atlanta,Ponce de Leon Ave and Parkway Dr,0,4,0,0,0,,33.7731362,-84.37281109999999
1647661,"March 28, 2020",Maryland,Baltimore,1100 block of Washington Blvd,1,3,0,0,0,,39.28293,-76.6327763
1644111,"March 23, 2020",Texas,San Antonio,6700 block of Hickory Springs Dr,0,4,0,0,0,,29.55664299999999,-98.6200753
1643775,"March 22, 2020",South Carolina,Hanahan,Edinburgh Drive,0,4,0,0,6,,32.9071776,-80.0024996
1642826,"March 20, 2020",Missouri,Saint Louis,1923 Prairie Ave,0,4,0,0,0,,38.6526402,-90.22787389999999
1641923,"March 18, 2020",Florida,Jacksonville,11501 Harts Rd,1,4,0,0,0,,30.4418769,-81.6568498
1641216,"March 17, 2020",Maryland,Baltimore,300 block of McMechen St,0,7,0,0,0,,39.3076176,-76.627369
1640295,"March 15, 2020",North Carolina,Moncure,842 Moncure Flatwood Rd,6,0,1,0,0,,35.5878584,-79.01539009999999
1640317,"March 15, 2020",Missouri,Springfield,2885 E. Chestnut Expressway,4,2,1,0,0,,37.21034410000001,-93.2368541
1640007,"March 14, 2020",Michigan,Saginaw,4107 Gallagher St,2,2,0,0,1,,43.4021801,-83.9087722
1639542,"March 14, 2020",New Mexico,Albuquerque,620 block of Arno SE,1,3,0,0,6,,35.0777045,-106.6442652
1639413,"March 13, 2020",Illinois,Rockford,4104 Auburn St,0,4,0,0,1,,42.2882006,-89.1229766
1640278,"March 13, 2020",Louisiana,New Orleans (Algiers),Wagner St and Hero Blvd,0,5,0,0,0,,29.932902,-90.0405498
1637520,"March 10, 2020",Pennsylvania,Chester,200 block of Broomall Street,2,2,0,0,0,,39.8390108,-75.37429600000002
1636471,"March 8, 2020",Illinois,South Holland,I-94 and E 162nd St,0,4,0,0,0,,41.6013101,-87.6138701
1635796,"March 8, 2020",Maryland,Rosedale,6247 Kenwood Ave,1,5,0,0,2,,39.3411307,-76.5063107
1636564,"March 8, 2020",California,Ceres,3600 block of Spruce Ave,1,3,0,0,2,,37.5854629,-120.9538538
1635750,"March 7, 2020",Ohio,Cleveland,3804 E 93rd St,1,18,0,0,0,,41.455247,-81.62178220000001
1635411,"March 7, 2020",Illinois,Chicago,900 block of E 79th St,0,7,0,0,2,,41.7513165,-87.6027548
1635118,"March 6, 2020",District of Columbia,Washington,6219 Dix St NE,0,6,0,0,0,,38.8941804,-76.9114058
1634128,"March 4, 2020",California,Tulare,111 W Tulare Ave,1,5,0,0,0,,36.207375,-119.3495992
1631040,"February 29, 2020",Missouri,Kansas City,510 Westport Rd,1,4,0,0,4,,39.05268,-94.5922416
1631831,"February 29, 2020",Colorado,Brighton,Starr Ln and County Rd 2,0,5,0,0,3,,40.00044219999999,-104.7844184
1629488,"February 26, 2020",Wisconsin,Milwaukee,3939 W Highland Blvd,5,0,1,0,0,,43.0440127,-87.9625434
1629042,"February 25, 2020",Illinois,Chicago,1238 E 79th St,1,4,0,0,1,,41.7515258,-87.5939654
1627335,"February 23, 2020",North Carolina,Clarkton,71 Tina Ln,3,1,0,0,1,,34.4989971,-78.68116479999999
1627713,"February 23, 2020",Texas,Houston,8712 Airline Dr,0,7,0,0,1,,29.8864132,-95.3911739
1625553,"February 20, 2020",Idaho,Caldwell,4321 S 10th Ave,1,3,1,0,0,,43.6310015,-116.6916438
1625787,"February 20, 2020",North Carolina,Greensboro,Martin Luther King Jr Ave and Randolph Dr,0,4,0,0,0,,36.0725632,-79.791534
1623696,"February 17, 2020",Mississippi,Port Gibson,8027 Hwy 61,2,2,0,0,1,,31.8874934,-91.0026843
1622406,"February 16, 2020",Connecticut,Hartford,451 Franklin Ave,1,4,0,1,1,,41.7369138,-72.6755682
1622962,"February 16, 2020",Florida,Pensacola,517 W Gadsden St,1,4,0,0,0,,30.4189438,-87.22438029999999
1622340,"February 15, 2020",Louisiana,New Orleans,Dryades St and 2nd St,0,4,0,0,0,,29.9348473,-90.08539909999999
1622233,"February 15, 2020",Tennessee,Memphis,2800 block of Riverport Rd,0,7,0,0,1,,35.0732366,-90.08802460000001
1621821,"February 14, 2020",Illinois,Chicago,6500 block of S King Dr,0,6,0,0,0,,41.7763713,-87.61589959999999
1619064,"February 10, 2020",Delaware,Dover,200 block of W Reed St,1,4,0,0,0,,39.1593956,-75.5276195
1616964,"February 8, 2020",Texas,Houston,1000 block of Calvin St,1,3,0,0,0,,29.864811,-95.42671089999999
1615155,"February 5, 2020",Indiana,Indianapolis,4100 block of Shady Oak Dr,4,0,0,0,4,,39.8329739,-85.987687
1613020,"February 3, 2020",Maine,Machias,323 Kennebec Rd,3,1,0,0,1,,44.6804333,-67.467716
1612716,"February 3, 2020",California,Lebec,8968 Grapevine Rd,1,5,0,0,1,,34.9405649,-118.9282807
1612597,"February 1, 2020",Mississippi,Philadelphia,257 W Beacon St,0,4,0,0,0,,32.7729945,-89.1170674
1611037,"January 31, 2020",Florida,Boynton Beach,200 block of NE 1st Ct,1,3,0,0,2,,26.5280675,-80.0619324
1611563,"January 31, 2020",California,Delano,Hiett Ave and County Line Rd,1,4,0,0,0,,35.7904095,-119.2681274
1610782,"January 31, 2020",Louisiana,Shreveport,2000 Grimmett Dr,0,4,0,0,0,,32.5431521,-93.7695925
1610240,"January 30, 2020",California,Merced,100 block of W 18th St,0,4,0,0,1,,37.3002967,-120.4769774
1606554,"January 27, 2020",Connecticut,Bridgeport,172 Golden Hill St,0,4,0,0,5,,41.1805512,-73.1908818
1605948,"January 26, 2020",Missouri,Cape Girardeau,631 S Sprigg St,0,5,0,0,1,,37.2942644,-89.5288522
1605798,"January 26, 2020",New York,Newburgh,1571 NY-300,3,1,0,0,1,,41.53939,-74.062726
1605770,"January 26, 2020",North Carolina,Salisbury,1935 Jake Alexander Blvd,0,6,0,0,0,,35.6415393,-80.4694717
1605752,"January 26, 2020",South Carolina,Hartsville,115 W Camden Ave,3,3,0,0,4,,34.3694997,-80.0714995
1606476,"January 24, 2020",North Carolina,Vanceboro,107 Kinshaw Ct,4,0,1,0,0,,35.3084953,-77.1541194
1603241,"January 22, 2020",Washington,Seattle,1530 3rd Ave,1,6,0,1,2,,47.6106804,-122.3382693
1600522,"January 19, 2020",Texas,San Antonio,1011 Avenue B,2,5,0,0,1,,29.4354704,-98.4813212
1600787,"January 19, 2020",Missouri,Kansas City,4802 Noland Rd,1,15,1,0,0,,39.0341009,-94.41583370000001
1600221,"January 19, 2020",Tennessee,Memphis,6761 Winchester Rd,1,4,0,0,1,,35.0483646,-89.83787919999999
1600350,"January 18, 2020",Texas,South Houston,700 block of Virginia St,2,2,0,0,0,,29.6633892,-95.24024469999999
1599331,"January 17, 2020",Utah,Grantsville,93 Eastmoor Dr,4,1,0,0,1,,40.5979868,-112.4308057
1598447,"January 16, 2020",Illinois,Chicago,234 N Pulaski Rd,0,5,0,0,1,,41.8845067,-87.7260228
1594173,"January 11, 2020",Colorado,Aurora,17158 E Adriatic Place,0,5,0,0,1,,39.6765605,-104.7878665
1592655,"January 8, 2020",Mississippi,Bay Saint Louis,10 Bay Park Way,2,2,0,0,1,,30.3123884,-89.3674286
1588919,"January 5, 2020",Georgia,Atlanta,1008 Brady Ave NW,0,4,0,0,0,,33.7825681,-84.414435
1588308,"January 4, 2020",Florida,Ocala,800 block of NW 6th Ter,1,3,0,0,0,,29.1943532,-82.1439011
1586839,"January 2, 2020",New York,Brooklyn,6120 3rd Ave,0,4,0,0,1,,40.6412181,-74.0218683
1585746,"January 1, 2020",Ohio,Cleveland,1437 St Clair Ave NE,0,4,0,0,1,,41.5065485,-81.6858237
1585394,"January 1, 2020",West Virginia,Huntington,1113 4th Ave,0,7,0,0,1,,38.421298,-82.43986
1585894,"January 1, 2020",Missouri,Saint Louis,3000 block of S Jefferson Ave,3,2,0,0,0,,38.5997098,-90.22372229999999
2201535,"December 31, 2021",Maryland,Capitol Heights,Cindy Ln,0,4,0,0,0,,38.8901135,-76.8897363
2201716,"December 31, 2021",Mississippi,Gulfport,1200 block of Lewis Ave,4,3,0,0,6,,30.3622333,-89.12904440000001
2201216,"December 31, 2021",California,Los Angeles,10211 S. Avalon Blvd,0,6,0,0,0,,33.94339,-118.26535
2200968,"December 30, 2021",Pennsylvania,Philadelphia,5100 block of Germantown Ave,0,6,0,1,1,,40.03018830000001,-75.1658017
2201052,"December 30, 2021",Missouri,Kirksville,700 block of E Dodson St,3,1,0,0,2,,40.1885929,-92.5894108
2198521,"December 27, 2021",Colorado,Denver,56 Broadway,5,2,1,0,0,,39.7176452,-104.9871467
2200720,"December 27, 2021",Alabama,Mobile,3606 Moffett Rd,1,3,0,0,0,,30.7090569,-88.1240602
2198014,"December 27, 2021",Ohio,Youngstown,2626 Tyrell Ave,1,3,0,0,2,,41.1209773,-80.69905229999999
2197178,"December 26, 2021",Virginia,Clear Brook,I-81 S and Visitor Center Loop,0,4,1,0,0,,39.2426317,-78.1152064
2197391,"December 26, 2021",Texas,Garland,730 W Walnut St,3,1,0,0,1,,32.9157285,-96.6398028
2198071,"December 26, 2021",New York,Buffalo,1300 block of Jefferson Ave,0,4,0,0,0,,42.9105202,-78.854344
2197421,"December 26, 2021",Mississippi,Fayette,225 Community Dr,1,6,0,0,1,,31.7216592,-91.0565041
2197328,"December 26, 2021",Pennsylvania,Philadelphia,800 block of W Clearfield St,0,4,0,0,0,,39.99879740000001,-75.1438226
2196827,"December 25, 2021",Louisiana,Lafayette,2106 NW Evangeline Trwy,0,4,0,0,0,,30.2484458,-92.01331119999999
2196434,"December 24, 2021",Georgia,Roswell,401 Huntington Dr,1,3,0,0,1,,34.0384748,-84.3246216
2196267,"December 24, 2021",Pennsylvania,Pittsburgh,7300 block of Schoyer St,0,5,0,1,1,,40.4225905,-79.8941035
2196839,"December 24, 2021",New York,Brooklyn,1031 Nostrand Ave,0,4,0,0,0,,40.6632928,-73.9507272
2193049,"December 19, 2021",Illinois,Lovejoy (Brooklyn),213 Madison St,1,3,0,0,0,,38.65782840000001,-90.1695224
2191752,"December 17, 2021",Maryland,Baltimore,600 block of Laurens St,1,3,0,0,1,,39.3043142,-76.6356005
2192046,"December 17, 2021",Maryland,Baltimore,1300 block of W North Ave,1,4,0,0,1,,39.3105098,-76.6385863
2191683,"December 17, 2021",Virginia,Portsmouth,4105 Portsmouth Blvd,0,4,0,0,0,,36.8156512,-76.35431299999999
2188999,"December 13, 2021",California,Fresno,E Normal Ave and Mayfair Dr S,0,4,0,0,0,,36.7677515,-119.7713319
2188843,"December 13, 2021",Pennsylvania,Philadelphia,3400 block of Emerald St,0,4,0,0,0,,39.996858,-75.1066245
2188260,"December 13, 2021",North Carolina,Durham,Eugene St and Mathison St,2,4,0,0,0,,35.97974080000001,-78.8890818
2187939,"December 12, 2021",Mississippi,Bolton,6171 W. Northside Dr,0,6,0,0,0,,32.3842211,-90.4115793
2190367,"December 12, 2021",Florida,Tampa,Alaska Ave,0,5,0,0,1,,28.0241934,-82.4488644
2187990,"December 12, 2021",Texas,Baytown,1403 N Market Loop,1,13,0,0,0,,29.7867158,-95.03264809999999
2188066,"December 12, 2021",Virginia,Woodbridge,13989 Jefferson Davis Hwy,0,4,0,0,0,,38.650953,-77.2564779
2187027,"December 11, 2021",Illinois,River Grove,3111 River Rd,1,3,0,0,0,,41.9359857,-87.84978810000001
2186517,"December 10, 2021",Michigan,Lansing,Miller Rd and Cedar St,1,3,0,0,1,,42.6941702,-84.5480427
2187077,"December 10, 2021",Florida,Orlando,Jefferson St and Garden Ave,0,5,0,0,0,,28.5447912,-81.39049290000001
2186696,"December 10, 2021",North Carolina,Charlotte,3100 block of Marney Ave,0,5,0,0,1,,35.195835,-80.8063524
2186858,"December 9, 2021",Maryland,Capitol Heights,6700 Walker Mill Rd,0,4,0,0,0,,38.8677815,-76.89222389999999
2186246,"December 9, 2021",Wisconsin,Beloit,1900 block of Porter Ave,1,5,0,0,0,,42.5250147,-89.02076459999999
2183667,"December 6, 2021",Pennsylvania,Philadelphia,1500 block of N 29th St,0,4,0,0,0,,39.979094,-75.1827299
2182789,"December 5, 2021",Michigan,Detroit,5200 block of Marlborough St,2,2,0,0,0,,42.39757180000001,-82.958618
2183120,"December 5, 2021",Texas,El Paso,2910 Tularosa Ave,1,3,0,0,1,,31.782522,-106.4607759
2181840,"December 3, 2021",Tennessee,Memphis,3885 Elvis Presley Blvd,2,2,0,0,0,,35.0426426,-90.0256172
2181096,"December 2, 2021",North Carolina,Elizabeth City,Perry St and Jordan St,3,3,0,0,2,,36.2908107,-76.2241896
2179099,"November 30, 2021",Georgia,Rex,3600 block of Jervis Court,3,2,1,0,0,,33.5658314,-84.27110979999999
2178487,"November 30, 2021",Michigan,Oxford,745 N Oxford Rd,4,7,0,0,1,,42.8382705,-83.2615812
2177268,"November 28, 2021",Pennsylvania,Philadelphia,1300 block of S 50th St,0,4,0,0,0,,39.9408299,-75.21523289999999
2176922,"November 28, 2021",Maryland,Baltimore,1300 block of North Montford Ave,0,7,0,0,0,,39.3060967,-76.5843817
2177300,"November 28, 2021",Illinois,Evanston,1950 Green Bay Rd,1,4,0,0,0,,42.0536273,-87.6903154
2177416,"November 28, 2021",California,Lancaster,3500 block of Garnet Lane,5,0,0,0,1,,34.6868425,-118.067246
2176653,"November 28, 2021",Colorado,Aurora,1500 block of Dayton St,0,5,0,0,0,,39.7401056,-104.8752522
2176667,"November 27, 2021",New Jersey,Newark,900 block of Bergen St,1,3,0,0,0,,40.7129455,-74.20384899999999
2176058,"November 26, 2021",Tennessee,Nashville,2815 Torbett St,2,4,1,0,1,,36.1577987,-86.819893
2175329,"November 25, 2021",Texas,San Antonio,4000 block of Sunrise Creek Dr,3,1,0,0,0,,29.4617795,-98.36524279999999
2175615,"November 25, 2021",South Carolina,Green Sea,Long Branch Swamp Rd,0,4,0,0,0,,34.1259828,-79.0373323
2173531,"November 23, 2021",Florida,Lehigh Acres,Cervantes St,0,4,0,0,0,,26.5768,-81.600484
2174033,"November 23, 2021",Texas,Marshall,700 block of Cross St,1,3,0,0,1,,32.5282955,-94.3606125
2174685,"November 22, 2021",North Carolina,Warsaw,101 Matthews St,2,2,0,0,0,,35.0056763,-78.09906459999999
2172178,"November 21, 2021",New Jersey,Passaic,Howe Ave and Lafayette Ave,0,5,0,0,2,,40.8586834,-74.1351924
2172657,"November 21, 2021",Louisiana,Baton Rouge,4888 Plank Rd,1,4,0,0,1,,30.4942583,-91.15460879999999
2171568,"November 20, 2021",California,Fresno,3665 N Pleasant Ave,2,2,0,0,0,,36.7836898,-119.8402738
2172018,"November 20, 2021",Illinois,Berwyn,6802 W 26th St,0,4,0,0,0,,41.8430869,-87.7934135
2170438,"November 18, 2021",Maryland,Cambridge,700 block of Greenwood Ave,1,3,0,0,2,,38.568404,-76.0889199
2169719,"November 17, 2021",Illinois,East Saint Louis,8300 block of State St,1,3,0,0,0,,38.5916487,-90.0665746
2170140,"November 17, 2021",New York,Newburgh,William St and Carson Ave,0,4,0,0,1,,41.49410899999999,-74.016534
2169494,"November 17, 2021",New York,Bronx,815 Burke Ave,1,3,0,0,0,,40.871619,-73.862852
2168989,"November 17, 2021",Illinois,Chicago,1240 W Randolph St,0,4,0,0,0,,41.8846281,-87.65822940000001
2167778,"November 15, 2021",New York,New York (Manhattan),101 W 141st St,0,4,0,0,0,,40.8181927,-73.9383472
2167297,"November 15, 2021",Colorado,Aurora,1200 Nome St,0,6,0,0,4,,39.7347407,-104.8498399
2166673,"November 14, 2021",Pennsylvania,Philadelphia,2700 block of N Howard St,0,6,0,0,0,,39.9910447,-75.1319571
2166768,"November 14, 2021",Missouri,Columbia,19 N 5th St,0,5,1,0,1,,38.9525238,-92.3320361
2166953,"November 14, 2021",Oregon,Chiloquin,990 Bronco Lane,2,2,0,0,1,,42.6252821,-121.8682087
2166817,"November 14, 2021",Alabama,Troy,803 US-231 S,1,5,0,0,0,,31.7888842,-85.9698104
2166055,"November 13, 2021",North Carolina,Winston Salem (Winston-salem),400 block of Gregory St,0,4,0,0,1,,36.0873679,-80.25708790000002
2167889,"November 13, 2021",Louisiana,Houma,100 block of Emma St,0,4,0,0,2,,29.5915868,-90.7038085
2165535,"November 12, 2021",Alabama,Birmingham,1100 block of 33rd St SW,2,2,0,0,1,,33.4736196,-86.88596079999999
2165600,"November 12, 2021",Virginia,Richmond,3050 Nine Mile Rd,2,2,0,0,4,,37.5420474,-77.40043639999999
2163306,"November 9, 2021",New York,Rochester,Clifton St and Jefferson Ave,0,4,0,0,0,,43.1498029,-77.6290126
2163772,"November 9, 2021",Louisiana,Hahnville (Killona),160 Killona Dr,1,4,0,0,1,,30.0047454,-90.4844777
2163617,"November 9, 2021",South Dakota,Scotland,710 2nd St,3,2,0,0,1,,43.1484441,-97.7191821
2162196,"November 8, 2021",Texas,Victoria,10700 FM 236,3,1,0,0,1,,28.883704,-97.18042899999999
2162269,"November 8, 2021",Pennsylvania,Philadelphia,200 block of E Louden St,0,4,0,0,0,,40.0228667,-75.1220554
2161323,"November 7, 2021",Wisconsin,Kenosha,625 57th St,1,3,0,0,0,,42.5839118,-87.8192426
2161116,"November 6, 2021",California,Oakley,33 Malicoat Ave,2,2,0,0,1,,37.9763619,-121.6950213
2160608,"November 6, 2021",Texas,Marshall,510 S Alamo Blvd,0,6,0,0,2,,32.5404406,-94.3630768
2161078,"November 6, 2021",California,Highland,26998 3rd St,0,4,0,0,0,,34.1072363,-117.2153436
2160838,"November 5, 2021",California,Oakland,8400 block of International Blvd,1,3,0,0,0,,37.7544271,-122.1775967
2158417,"November 3, 2021",Virginia,Norfolk,821 Whitaker Ln,3,2,0,0,1,,36.8562869,-76.2838009
2158524,"November 3, 2021",Iowa,Des Moines,11300 block of E 15th St,0,4,0,0,0,,41.6068465,-93.5975788
2157991,"November 2, 2021",Alabama,Mobile,4120 Government Blvd,0,4,0,0,1,,30.6352346,-88.1449423
2157206,"November 1, 2021",Texas,San Antonio,1900 block of W Laurel St,0,4,0,0,0,,29.443977,-98.5250724
2156175,"November 1, 2021",Florida,Orlando,N Orange Ave and Wall St,0,4,0,0,1,,28.5426201,-81.37906219999999
2155369,"October 31, 2021",Kentucky,Louisville,6210 Shepherdsville Rd,2,2,0,0,0,,38.1586918,-85.6603418
2155517,"October 31, 2021",Colorado,Littleton (Lakewood),6200 block of Alameda Ave,2,2,0,0,0,,39.7111378,-105.065413
2155428,"October 31, 2021",Illinois,Flossmoor,3800 block of Ballantrae Way,1,3,0,0,0,,41.5336776,-87.7093577
2155282,"October 31, 2021",Texas,Houston,1909 Schilder Dr,1,3,0,0,0,,29.8555461,-95.35429789999999
2155329,"October 31, 2021",Illinois,Joliet,1018 E Jackson St,3,11,0,0,4,,41.53036729999999,-88.0562404
2156001,"October 31, 2021",Texas,Fort Worth,3700 block of Lebow St,1,3,0,0,2,,32.8104021,-97.3299409
2154851,"October 30, 2021",California,Gilroy,400 block of Las Animas Ave,2,2,0,0,1,,37.0313984,-121.5744827
2154422,"October 30, 2021",Illinois,Decatur,1100 block of N Union St,0,4,0,0,0,,39.8523342,-88.95912589999999
2154441,"October 30, 2021",Oklahoma,Oklahoma City,NW 122nd St and N Council Rd,0,4,0,0,0,,35.5946676,-97.6562447
2154873,"October 30, 2021",California,Sacramento,5560 Palm Ave,2,5,0,0,1,,38.6675036,-121.3353565
2155172,"October 30, 2021",Florida,Saint Petersburg,1079 62nd Ave S,1,4,0,0,1,,27.7132375,-82.6480066
2155001,"October 30, 2021",Texas,Texarkana,2315 Texas Blvd,1,9,0,0,2,,33.4394882,-94.0534715
2154283,"October 29, 2021",New York,Poughkeepsie,32 Cannon St,0,5,0,0,2,,41.7021363,-73.9279452
2155826,"October 29, 2021",Michigan,Kalamazoo,3082 S 9th St,0,4,0,0,0,,42.2611391,-85.6786332
2153285,"October 28, 2021",Nevada,Las Vegas,3900 block of E Cheyenne Ave,0,4,0,0,0,,36.2179685,-115.0890226
2153779,"October 28, 2021",Tennessee,Nashville,210 N 9th St,1,3,0,0,0,,36.1790496,-86.7582364
2150274,"October 25, 2021",Idaho,Boise,350 N Milwaukee St,2,3,1,0,0,,43.6086039,-116.2782517
2154085,"October 24, 2021",California,Gonzales,Foletta Rd,2,2,0,0,2,,36.5264871,-121.4701599
2150037,"October 24, 2021",Mississippi,Crenshaw,413 Jones St,2,3,0,0,2,,34.5076259,-90.1989361
2148921,"October 23, 2021",South Carolina,Florence,811 S Irby St,0,6,0,0,0,,34.1828696,-79.76767319999999
2148891,"October 23, 2021",California,Ontario,700 block of E Bonnie Brae Ct,1,4,0,0,2,,34.0825028,-117.6414313
2148633,"October 23, 2021",Georgia,Fort Valley,603 Carver Dr,1,7,0,0,0,,32.5389592,-83.8931435
2148282,"October 22, 2021",Illinois,Chicago,7901 S Cottage Grove Ave,0,5,0,0,0,,41.7511172,-87.6049955
2148946,"October 22, 2021",Washington,Renton,16420 SE 128th St,0,4,0,0,0,,47.4893121,-122.1205319
2148401,"October 22, 2021",Maryland,Baltimore,3100 block of W North Ave,0,7,0,0,0,,39.3093071,-76.66952309999999
2147114,"October 21, 2021",New York,Brooklyn,3008 Glenwood Rd,0,4,0,0,0,,40.6339011,-73.9473352
2147301,"October 21, 2021",Washington,Tacoma,4258 Everett St,4,0,0,0,1,,47.2176024,-122.3994463
2147042,"October 20, 2021",Michigan,Farwell,9539 S Harrison Ave,4,0,0,0,1,,43.8503958,-84.828052
2145931,"October 19, 2021",Wisconsin,Kenosha,610 40th Pl,2,2,1,0,0,,42.5999962,-87.819806
2143277,"October 17, 2021",Louisiana,Grambling,403 Main St,1,7,0,0,2,,32.5221156,-92.71450469999999
2143113,"October 17, 2021",Missouri,Saint Louis,8600 block of Goodfellow Blvd,1,3,0,0,2,,38.7174551,-90.2524632
2143765,"October 17, 2021",Texas,Houston,1900 block of Dolly Wright St,0,7,0,0,0,,29.8677033,-95.43952759999999
2143889,"October 17, 2021",Colorado,Colorado Springs,1865 N Academy Blvd,0,5,0,0,0,,38.8590891,-104.7547397
2144160,"October 17, 2021",Wisconsin,Racine,Yout St and Carter St,0,6,0,0,0,,42.74575,-87.7959291
2143479,"October 17, 2021",Arkansas,Pine Bluff,820 S Main St,1,8,0,1,0,,34.2207831,-92.00375969999999
2143499,"October 17, 2021",Arkansas,Pine Bluff,University Dr and Pullen Ave,1,3,0,0,0,,34.2307298,-92.0224513
2143605,"October 17, 2021",Mississippi,Jackson,3243 Medgar Evers Blvd,3,3,0,0,0,,32.3352598,-90.2085634
2142402,"October 16, 2021",Texas,Killeen,308 S Second St,1,3,0,0,0,,31.11587979999999,-97.73090409999999
2142296,"October 15, 2021",Alabama,Mobile,1621 Virginia St,0,5,0,0,3,,30.6726132,-88.07665949999999
2142092,"October 14, 2021",Minnesota,Minneapolis,814 E Franklin Ave,1,4,0,0,0,,44.9628867,-93.2616863
2155043,"October 14, 2021",Mississippi,Mccomb,1300 14th St,0,6,0,0,0,,31.2316283,-90.4721648
2139048,"October 12, 2021",Florida,Naples,700 block of 99th Ave,1,3,0,2,3,,26.2615589,-81.8092095
2139674,"October 12, 2021",Mississippi,Meridian,2000 block of 17th St,3,1,0,0,0,,32.3742749,-88.6985064
2139198,"October 11, 2021",Georgia,Atlanta,4900 Delano Rd,0,6,0,0,0,,33.6218397,-84.51406229999999
2137179,"October 10, 2021",Illinois,Chicago,1565 N Milwaukee Ave,0,4,1,0,1,,41.9100396,-87.6766859
2137321,"October 10, 2021",South Carolina,Mc Coll (Mccoll),4181 Hwy 15-401,2,3,0,0,5,,34.6687714,-79.5453297
2137561,"October 10, 2021",Iowa,Sioux City,427 Pierce St,0,4,0,0,0,,42.495022,-96.405294
2137198,"October 10, 2021",Minnesota,Saint Paul,214 7th St W,1,12,0,3,3,,44.94358570000001,-93.10349289999999
2137555,"October 10, 2021",Delaware,Dover,1500 block of Nathaniel Mitchell Rd,1,4,0,0,0,,39.1307211,-75.5323445
2136907,"October 9, 2021",Louisiana,Livingston,17000 block of LA-444,2,3,0,1,1,,30.2970824,-90.7950477
2137291,"October 9, 2021",Texas,Dallas,3000 block of South Blvd,0,4,0,0,0,,32.77193,-96.766673
2137575,"October 9, 2021",New York,Albany,100 block of North Lake Ave,1,6,0,0,0,,42.6640697,-73.7705363
2137464,"October 9, 2021",Colorado,Denver,7300 block of E 22nd Ave,1,3,0,0,0,,39.7498212,-104.9034567
2136230,"October 8, 2021",Maryland,Baltimore,2600 block of Jefferson St,0,4,0,0,0,,39.2969545,-76.5803427
2136270,"October 8, 2021",District of Columbia,Washington,1700 block of Independence Ave SE,1,3,0,0,0,,38.8878211,-76.98056110000002
2135536,"October 8, 2021",Alabama,Montgomery,1800 block of Cotton Ct,1,3,0,0,0,,32.4054706,-86.2845544
2135508,"October 7, 2021",Wisconsin,Milwaukee,W Cherry St and N 8th St,3,1,0,0,0,,43.0498422,-87.9215182
2134657,"October 7, 2021",Illinois,Chicago,900 block of N Orleans St,0,4,0,0,0,,41.8989552,-87.6372638
2135498,"October 7, 2021",Wisconsin,Milwaukee,2400 block of N 37th St,0,5,0,0,0,,43.06244359999999,-87.95988299999999
2135666,"October 7, 2021",Louisiana,New Orleans,S Robertson St and Martin Luther King Jr Blvd,1,4,0,0,0,,29.9444036,-90.0852007
2134217,"October 6, 2021",Maryland,Baltimore,1243 Patterson Park Ave,1,5,0,0,0,,39.3055849,-76.5853612
2134359,"October 6, 2021",Louisiana,New Orleans,603 General Taylor,2,2,0,0,1,,29.918718,-90.0941374
2136132,"October 6, 2021",Ohio,Cleveland,9200 block of Marshall Ave,0,4,0,0,0,,41.4698858,-81.6226731
2135659,"October 6, 2021",Ohio,Cleveland,Marshall Ave and E 93rd St,0,4,0,0,0,,41.4700767,-81.621493
2133962,"October 5, 2021",Illinois,Rockford,400 block of S Independence Ave,1,3,0,0,1,,42.2731623,-89.1175305
2133137,"October 5, 2021",Minnesota,Saint Paul,922 Thomas Ave W,0,4,0,0,1,,44.9591541,-93.1392065
2132656,"October 4, 2021",Minnesota,Minneapolis,626 W Broadway Ave,0,4,0,0,0,,44.99950279999999,-93.28755819999999
2131471,"October 3, 2021",South Carolina,Bishopville,1113 Sumter Hwy,1,4,0,0,0,,34.1967258,-80.27722729999999
2131406,"October 2, 2021",Texas,San Antonio,6222 S New Braunfels Ave,1,3,0,0,0,,29.3649571,-98.45794099999999
2130634,"October 2, 2021",Colorado,Aurora,12230 E Colfax Ave,1,3,0,0,2,,39.7399801,-104.8459296
2130763,"October 1, 2021",Iowa,Cedar Rapids,525 33rd Ave SW,0,6,0,0,1,,41.941729,-91.67533
2130370,"October 1, 2021",District of Columbia,Washington,Forrester St SW and Galveston Pl SW,1,5,0,0,0,,38.8251694,-77.00779279999999
2128682,"September 29, 2021",Illinois,Chicago,800 block of N Milwaukee Ave,0,4,0,1,0,,41.8964177,-87.6559695
2128023,"September 28, 2021",Minnesota,Minneapolis,2700 block of Bloomington Ave,1,3,0,0,0,,44.9535217,-93.252883
2127374,"September 28, 2021",Illinois,Chicago,6500 block of S Calumet Ave,1,3,0,0,0,,41.7760095,-87.6179453
2126747,"September 27, 2021",New York,New York (Manhattan),3964 10th Ave,0,4,0,1,1,,40.8673832,-73.917024
2126450,"September 27, 2021",Illinois,Chicago,826 N Ridgeway Ave,1,3,0,0,0,,41.8963064,-87.72051330000001
2125790,"September 26, 2021",Illinois,Chicago,800 block of S Albany Ave,0,6,0,0,1,,41.8708081,-87.7034868
2125953,"September 26, 2021",California,Oakland,1400 block of 8th Ave,0,4,0,0,0,,37.7935589,-122.2513579
2126261,"September 26, 2021",Washington,Seattle (Des Moines),22855 Pacific Hwy S,3,3,0,0,1,,47.3956258,-122.2955263
2125613,"September 25, 2021",New York,Utica,800 block of Mohawk St,0,4,0,0,0,,43.0957374,-75.21928360000001
2125444,"September 25, 2021",Tennessee,Athens,Co Rd 60,4,1,0,0,2,,35.4212763,-84.7425888
2126241,"September 25, 2021",Tennessee,Chattanooga,1124 Grove St,2,5,0,0,0,,35.04536940000001,-85.317233
2125227,"September 25, 2021",California,Riverside,6000 Block of Mariposa Ave,0,6,0,0,0,,33.9208858,-117.4643502
2124396,"September 24, 2021",South Carolina,Aiken,749 Silver Bluff Rd,3,1,1,0,0,,33.5148777,-81.7305716
2124887,"September 24, 2021",California,Los Angeles,11724 Wilmington Ave,0,4,0,0,2,,33.9273818,-118.2380821
2123395,"September 23, 2021",Tennessee,Collierville,240 New Byhalia Rd,1,14,1,0,0,,35.0487213,-89.6884702
2123301,"September 23, 2021",Pennsylvania,Philadelphia,38th St and Aspen St,0,4,0,0,0,,39.966823,-75.1980458
2122565,"September 22, 2021",North Carolina,Fayetteville,1100 block of Charlie Dr,2,2,0,0,0,,35.1134875,-78.9350238
2121381,"September 21, 2021",District of Columbia,Washington,2200 block of Alabama Ave SE,0,5,0,0,0,,38.8510997,-76.9744647
2120940,"September 20, 2021",Pennsylvania,Philadelphia,Broad St and Chew Ave,1,5,0,0,0,,40.0398295,-75.14443419999999
2121031,"September 20, 2021",Missouri,Saint Louis,2000 block of St Charles St,1,3,0,0,0,,38.6334968,-90.2079423
2119583,"September 19, 2021",New York,Rochester,300 block of Driving Park Ave,2,2,0,0,1,,43.1811135,-77.6379715
2119701,"September 19, 2021",Florida,Miami,14900 block of Pierce St,0,4,0,0,1,,25.6307022,-80.3694402
2119736,"September 19, 2021",California,Oakland,300 block of 17th St,1,3,0,0,0,,37.8053982,-122.2662626
2119745,"September 19, 2021",Texas,Dallas,100 block of N Malcolm X Blvd,2,4,0,0,2,,32.7841806,-96.7821807
2119609,"September 19, 2021",Illinois,Chicago,900 block of N Massasoit Ave,0,5,0,0,0,,41.8967415,-87.7693668
2119950,"September 19, 2021",South Carolina,Yemassee,145 Yemassee Hwy,1,7,0,0,4,,32.6936876,-80.85710879999999
2119470,"September 18, 2021",New York,Bronx,Teller Ave and E 172nd St,1,3,0,0,0,,40.8398636,-73.90905110000001
2119101,"September 18, 2021",Illinois,Danville,3164 E Main St,2,2,0,0,2,,40.1334506,-87.56735429999999
2119478,"September 18, 2021",Louisiana,Opelousas,500 block of Sapphire St,0,5,0,0,0,,30.539171,-92.0941589
2118451,"September 17, 2021",Georgia,Augusta,519 Broad St,0,4,0,0,2,,33.473683,-81.95940800000001
2116343,"September 14, 2021",Maryland,Baltimore,1700 block of N Milton Ave,0,4,0,0,0,,39.3101658,-76.5832143
2116205,"September 14, 2021",Ohio,Cleveland,2747 Cedar Ave,0,6,0,0,0,,41.518583,-81.6387419
2115522,"September 13, 2021",Wisconsin,Milwaukee,3073 N Sherman Blvd,0,5,0,0,0,,43.075011,-87.9678402
2115947,"September 12, 2021",Minnesota,Saint Paul,7th St W and N Walnut St,4,0,0,0,1,,44.9425355,-93.10520660000002
2114626,"September 12, 2021",Texas,Temple,900 block of S 24th St,0,4,0,0,1,,31.0832378,-97.33113739999999
2122103,"September 12, 2021",Illinois,Blue Island,12200 block of S Irving Ave,2,2,0,0,0,,41.671779,-87.6767412
2114481,"September 12, 2021",Michigan,Detroit,2700 block of Halleck St,2,4,0,0,0,,42.4077409,-83.06717739999999
2114510,"September 11, 2021",Alabama,Dothan,2000 Reeves St,0,5,0,0,0,,31.2504466,-85.3886946
2114583,"September 11, 2021",New York,Utica,700 block of Noyes St,1,3,0,0,1,,43.0960713,-75.2469472
2113623,"September 11, 2021",Illinois,Chicago,900 block of E 79th St,1,3,0,0,0,,41.7513165,-87.6027548
2113841,"September 11, 2021",Illinois,Chicago,300 block of E Kensington Ave,2,4,0,0,0,,41.6842578,-87.6165419
2113769,"September 11, 2021",New Jersey,Paterson,E 18th St and Fulton Pl,0,4,0,0,0,,40.9232076,-74.15416119999999
2112450,"September 10, 2021",Florida,Orlando,5526 S Orange Blossom Trl,0,4,0,0,0,,28.4800193,-81.3969723
2111858,"September 9, 2021",Illinois,East Saint Louis,510 Martin Luther King Dr,0,7,0,0,3,,38.627805,-90.1548775
2112252,"September 9, 2021",Alabama,Montgomery,1800 block of Cotton Court,1,3,0,0,0,,32.4054706,-86.2845544
2111895,"September 8, 2021",Missouri,Saint Louis,4000 block of St Ferdinand Ave,0,4,0,0,0,,38.6553675,-90.23192739999999
2110346,"September 7, 2021",Delaware,Wilmington,A St and New Castle Ave,0,4,0,0,0,,39.7300845,-75.542717
2110077,"September 7, 2021",Kansas,Wichita,351 N Mosley St,1,5,0,0,1,,37.6910523,-97.3277809
2109075,"September 6, 2021",Georgia,Atlanta,868 Joseph E Boone Blvd NW,0,5,0,0,0,,33.7630379,-84.4161381
2108892,"September 5, 2021",Missouri,Independence,116 W Lexington Ave,0,4,0,0,0,,39.0924311,-94.41652099999999
2108560,"September 5, 2021",New York,Bronx,4848 White Plains Rd,0,4,0,0,0,,40.9064376,-73.8485685
2108414,"September 5, 2021",Texas,Houston,7518 Imogene St,4,0,0,0,0,,29.6836633,-95.518683
2108378,"September 5, 2021",Georgia,Athens,E Clayton St and N Jackson St,0,6,0,0,1,,33.9587568,-83.3745471
2108302,"September 5, 2021",Florida,Lakeland,N Socrum Loop Rd and Fulton Green Rd,4,1,0,1,1,,28.1410001,-81.9564513
2109384,"September 5, 2021",Ohio,Cincinnati,6308 Corbly Rd,0,4,0,0,0,,39.094879,-84.3834844
2107828,"September 4, 2021",Louisiana,Monroe,1600 block of Winnsboro Rd,1,3,0,0,0,,32.48415,-92.08620450000001
2107916,"September 4, 2021",Alabama,Birmingham,9164 Parkway E,2,2,0,0,4,,33.5866407,-86.7013084
2108406,"September 4, 2021",Georgia,Warner Robins,Mauldon Ct and Dunmurry Pl,1,4,0,0,2,,32.6404462,-83.62500109999999
2107875,"September 4, 2021",Pennsylvania,Pittsburgh,7300 block of Hamilton Ave,0,4,0,0,1,,40.4540175,-79.8956386
2107476,"September 4, 2021",Illinois,Chicago,1400 block of S Tripp Ave,0,5,0,0,0,,41.862352,-87.7312623
2107930,"September 4, 2021",District of Columbia,Washington,700 block of Longfellow St NW,3,3,0,0,3,,38.9572661,-77.0225586
2107621,"September 3, 2021",Texas,Austin,9345 US-290,1,3,0,0,0,,30.3269548,-97.64285339999999
2107168,"September 3, 2021",New York,Syracuse,Nelson St and W Marcellus St,0,4,0,0,0,,43.044463,-76.174705
2107467,"September 3, 2021",Louisiana,New Iberia,927 S Lewis St,1,3,0,0,0,,29.9872981,-91.8169593
2107198,"September 2, 2021",New York,Niagara Falls,336 19th St,0,4,0,0,0,,43.0879482,-79.03916869999999
2104725,"August 31, 2021",North Carolina,Elm City,3500 block of London Church Rd,2,2,0,0,1,,35.7632208,-77.9011459
2104181,"August 30, 2021",Illinois,Normal,2000 block of Lambert Dr,2,3,1,0,0,,40.5421474,-88.98398499999999
2103256,"August 29, 2021",Tennessee,Nashville,2621 Jefferson St,0,5,0,0,1,,36.1676661,-86.8183131
2102991,"August 29, 2021",Nevada,Las Vegas,1750 S Rainbow Blvd,1,3,0,0,3,,36.1526193,-115.2424074
2103311,"August 29, 2021",Wisconsin,Milwaukee,N 41st St and W Lloyd St,0,4,0,0,0,,43.0574688,-87.9646659
2103132,"August 28, 2021",New York,Albany,Sherman St and Henry Johnson Blvd,0,5,0,0,0,,42.6587275,-73.7644748
2103035,"August 28, 2021",California,San Diego,3100 block of Mission Blvd,0,4,0,0,0,,32.7698885,-117.2509399
2102694,"August 28, 2021",Illinois,Chicago,2800 block of W 12th Pl,0,4,0,0,0,,41.8656738,-87.696799
2102082,"August 27, 2021",Pennsylvania,Sharon Hill,300 Calcon Hook Rd,1,4,0,0,5,,39.9078478,-75.26868739999999
2101199,"August 27, 2021",California,Los Angeles,8400 block of Fountain Ave,0,4,0,0,0,,34.0936465,-118.372754
2101774,"August 27, 2021",West Virginia,Huntington,300 block of Oney Ave,2,2,0,0,1,,38.4093354,-82.4028311
2100578,"August 26, 2021",Minnesota,Minneapolis,3006 Lyndale Ave,0,7,0,0,0,,44.9480097,-93.2883981
2100397,"August 25, 2021",Washington,Kennewick,217215 E Finley Rd,3,1,1,0,0,,46.1834278,-119.0431008
2098246,"August 23, 2021",Illinois,Chicago,W Wilson Ave and N Sheridan Rd,0,4,0,0,0,,41.9654378,-87.6547856
2097075,"August 22, 2021",Illinois,Chicago,3400 block of W Lake St,1,4,0,0,0,,41.884904,-87.711337
2097481,"August 22, 2021",Illinois,Carbondale,501 W Cherry St,1,3,0,0,0,,37.7229256,-89.22058779999999
2097494,"August 22, 2021",Colorado,Denver,19th St and Blake St,1,5,0,0,0,,39.753179,-104.99546
2097271,"August 22, 2021",Michigan,Grand Rapids,1500 block of Linden Ave SE,1,3,0,0,0,,42.9354849,-85.6512537
2098321,"August 22, 2021",Oregon,Portland,322 NW Everett St,0,5,0,0,0,,45.5251119,-122.6740519
2096687,"August 21, 2021",Illinois,Chicago,3500 block of W Walnut St,0,4,0,0,0,,41.8856467,-87.7137091
2097063,"August 21, 2021",Illinois,Chicago,1600 block of E 87th Pl,1,5,0,0,0,,41.7359908,-87.5851883
2095800,"August 20, 2021",Michigan,Flint,2905 Saginaw St,1,3,0,0,0,,42.99635689999999,-83.6774842
2095116,"August 19, 2021",Illinois,Chicago,300 block of E 47th St,0,4,0,0,0,,41.809528,-87.619372
2095394,"August 19, 2021",Maryland,Edgewood,1700 block of Crimson Tree Way,1,3,0,0,0,,39.4308117,-76.3194547
2095087,"August 19, 2021",Pennsylvania,Philadelphia,5100 block of Germantown Ave,1,4,0,0,0,,40.03018830000001,-75.1658017
2094421,"August 18, 2021",Maryland,Germantown,19575 Scenery Dr,1,3,0,0,1,,39.1767055,-77.23472760000001
2094457,"August 18, 2021",North Carolina,Durham,Ridgeway Ave and Wabash St,1,3,0,0,0,,35.9752666,-78.8883953
2094071,"August 18, 2021",Ohio,Youngstown,619 Samuel Ave,2,4,0,0,0,,41.0797758,-80.6438123
2094035,"August 18, 2021",California,Los Angeles,W Jefferson Blvd and Culver Blvd,0,4,0,0,1,,33.9685739,-118.4390132
2093581,"August 17, 2021",New York,Brooklyn,422 Mother Gaston Blvd,0,5,0,0,0,,40.668661,-73.906924
2092469,"August 16, 2021",New York,Brooklyn,927 DeKalb Ave,0,8,0,0,0,,40.6932907,-73.93851389999999
2092227,"August 16, 2021",Michigan,Detroit,4421 Central Ave,1,3,0,0,0,,42.3283648,-83.13597349999999
2091597,"August 15, 2021",Texas,San Antonio,1621 S New Braunfels Ave,3,2,0,0,2,,29.4030038,-98.46154759999999
2091489,"August 15, 2021",Illinois,Chicago,1300 block of E 75th St,0,4,0,0,0,,41.758896,-87.59307009999999
2091531,"August 14, 2021",Indiana,Indianapolis,Wheeler St and E 28th St,1,3,0,0,0,,39.8067906,-86.11323019999999
2090949,"August 14, 2021",New York,Brooklyn,Lexington Ave and Marcy Ave,0,4,0,0,0,,40.6880522,-73.9477529
2090971,"August 14, 2021",Ohio,Akron,271 Maiden Ln,0,5,0,0,0,,41.0782832,-81.5201075
2090777,"August 14, 2021",Indiana,Indianapolis,Lafayette Rd and W 38th St,1,4,0,0,0,,39.82411159999999,-86.23488479999999
2090924,"August 14, 2021",New Jersey,Trenton,875 New Willow St,0,4,0,0,0,,40.2338193,-74.76112309999999
2092110,"August 14, 2021",Texas,Wichita Falls,2406 Sheppard Access Rd,0,4,0,0,0,,33.94363999999999,-98.5129882
2089972,"August 13, 2021",Nevada,Las Vegas,2601 E Sunset Rd,0,6,1,0,0,,36.0683791,-115.1119205
2088659,"August 11, 2021",Pennsylvania,Philadelphia,5500 Rising Sun Ave,1,4,0,0,0,,40.0331819,-75.11626129999999
2087433,"August 10, 2021",Oregon,Portland,NE Milton St,2,4,0,0,0,,45.5489357,-122.5983699
2086148,"August 9, 2021",Massachusetts,Boston,27 Irma St,1,5,0,0,1,,42.28709620000001,-71.08773049999999
2086236,"August 9, 2021",Michigan,Flint,3201 Hammerberg Rd,2,4,0,0,1,,42.993752,-83.700012
2085396,"August 8, 2021",New York,Brooklyn,101 Wortman Ave,3,2,0,0,0,,40.655456,-73.88910299999999
2085388,"August 8, 2021",Illinois,Chicago,1800 block of W 87th St,1,5,0,1,1,,41.7359953,-87.6683626
2085401,"August 8, 2021",Illinois,Chicago,8300 block of S Halsted St,1,4,0,0,0,,41.7432357,-87.6441991
2085489,"August 8, 2021",Texas,Houston,2504 FM 1960 Rd E,1,5,0,0,0,,30.0228927,-95.39137819999999
2085438,"August 8, 2021",District of Columbia,Washington,3600 block of New York Ave NE,0,4,0,0,0,,38.91703,-76.9550355
2085542,"August 8, 2021",Louisiana,New Orleans,700 block of Bourbon St,0,5,0,0,1,,29.958836,-90.06556929999999
2085256,"August 7, 2021",Alabama,Montgomery,200 block of John Morris Ave,0,4,0,0,0,,32.324156,-86.3031589
2085071,"August 7, 2021",Illinois,Chicago,211 S Maplewood Ave,0,4,0,0,0,,41.877962,-87.6897381
2084884,"August 7, 2021",Virginia,Norfolk,700 block of Granby St,0,4,0,0,0,,36.854329,-76.2886659
2084889,"August 6, 2021",Tennessee,Nashville,1000 block of 43rd Ave North,0,4,0,0,0,,36.161318,-86.8387498
2082957,"August 4, 2021",Pennsylvania,Philadelphia,3653 Germantown Ave,0,4,0,0,0,,40.0089586,-75.1504451
2081884,"August 3, 2021",Illinois,Urbana,1204 W Church St,1,3,0,0,0,,40.118642,-88.2246119
2081131,"August 2, 2021",South Carolina,Greenwood,101 Heddy Rd,3,1,0,0,1,,34.092734,-82.09695959999999
2080733,"August 2, 2021",South Carolina,Columbia,6908 Two Notch Rd,0,9,0,0,0,,34.06075939999999,-80.9609433
2080390,"August 1, 2021",Texas,Nacogdoches,1400 block of Dolph St,1,3,0,0,5,,31.611677,-94.66672299999999
2080536,"August 1, 2021",Rhode Island,Providence,77 Reservoir Ave,0,5,0,0,0,,41.7944043,-71.42708379999999
2079920,"August 1, 2021",Louisiana,New Orleans,1600 block of Iberville St,1,3,0,0,1,,29.9593787,-90.076047
2079913,"August 1, 2021",Louisiana,New Orleans,Bourbon St and Orleans Ave,0,4,0,1,3,,29.9590292,-90.0652939
2079044,"July 31, 2021",Ohio,Columbus,1662 W Mound St,1,5,0,0,0,,39.9442915,-83.04227730000001
2078897,"July 31, 2021",Illinois,Chicago,1600 block of E Hayes Dr,1,3,0,0,0,,41.7798273,-87.5803495
2079271,"July 31, 2021",Indiana,Indianapolis,1134 W 30th St,0,5,0,0,1,,39.8102481,-86.18164089999999
2080006,"July 31, 2021",Michigan,Saginaw,2700 block of Lynnwood Ave,2,2,0,0,0,,43.4021141,-83.931116
2079516,"July 31, 2021",New York,Corona (Queens),97-07 37th Ave,0,10,0,0,0,,40.752044,-73.8696331
2081480,"July 31, 2021",Ohio,Cleveland,3100 block of W 25th St,0,5,0,0,0,,41.46969199999999,-81.700203
2079533,"July 31, 2021",Kentucky,Lexington,414 East 5th St,0,5,0,0,0,,38.0474677,-84.4832425
2078540,"July 29, 2021",Iowa,Davenport,Pacific St and West Locust St,0,4,0,0,0,,41.5382354,-90.6057967
2077587,"July 29, 2021",Pennsylvania,Pittsburgh,239 Gilkeson Rd,2,2,1,0,0,,40.3578549,-80.057103
2077018,"July 28, 2021",District of Columbia,Washington,3400 block of 22nd St SE,0,4,0,0,0,,38.8474005,-76.9728418
2077549,"July 28, 2021",Alabama,Montgomery,1800 block of Rosa Parks Ave,1,3,0,0,2,,32.3543008,-86.3168627
2076889,"July 28, 2021",South Carolina,Charleston,Hanover St and Johnson St,1,4,0,0,1,,32.8014566,-79.9412037
2074353,"July 25, 2021",Michigan,Detroit,16342 W McNichols Rd,0,6,0,0,0,,42.4160307,-83.20880919999999
2074406,"July 25, 2021",California,Wasco,1718 1st St,4,1,1,0,0,,35.6008478,-119.3454142
2073472,"July 25, 2021",Illinois,Chicago,4800 block of W Race Ave,0,5,0,0,0,,41.8904924,-87.74564579999999
2073597,"July 25, 2021",Washington,Seattle,100 block of Occidental Ave S,2,3,0,0,0,,47.6017296,-122.3328392
2072782,"July 24, 2021",Ohio,Columbus,N High St and E 4th Ave,0,4,0,0,0,,39.9858983,-83.00528059999999
2072962,"July 24, 2021",Texas,Amarillo,1306 NE 3rd Ave,0,6,0,0,0,,35.213709,-101.81994
2072761,"July 24, 2021",Georgia,Macon,Cherry St and Martin Luther King Jr Blvd,2,3,0,0,1,,32.834718,-83.62591239999999
2072342,"July 23, 2021",South Carolina,Spartanburg,151 Palisade St,2,2,0,0,0,,34.93255240000001,-81.929636
2071982,"July 23, 2021",South Carolina,Darlington,505 Oleander Dr,0,4,0,0,1,,34.3253232,-79.8630865
2072896,"July 23, 2021",California,San Rafael,842 4th St,2,4,0,0,0,,37.973016,-122.5247778
2071343,"July 22, 2021",Texas,Houston,9717 N Houston Rosslyn Rd,1,5,0,0,0,,29.8824604,-95.49486399999999
2070329,"July 21, 2021",Illinois,Chicago,1400 block of S Ridgeway Ave,0,5,0,0,0,,41.8623585,-87.7189789
2069490,"July 21, 2021",Maryland,Hyattsville (Adelphi),1836 Metzerott Rd,1,4,0,0,0,,39.0049662,-76.9757334
2070645,"July 21, 2021",Illinois,Chicago,1647 N La Salle Dr,0,8,0,0,0,,41.9123404,-87.63271429999999
2070310,"July 21, 2021",Illinois,Chicago,3300 block of W Douglas Blvd,2,3,0,0,1,,41.8632385,-87.7081919
2068568,"July 20, 2021",Texas,Jacksonville,16241 TX-110,4,0,0,0,3,,32.0203942,-95.10135310000001
2067728,"July 19, 2021",New Jersey,Perth Amboy,417 Fayette St,0,6,0,0,2,,40.5138747,-74.2804463
2068061,"July 19, 2021",Illinois,Chicago,3308 W Flournoy St,0,4,0,0,0,,41.8730915,-87.7086692
2066335,"July 18, 2021",Ohio,Toledo,5205 Telegraph Rd,1,3,0,0,0,,41.7109928,-83.546613
2067135,"July 18, 2021",Florida,Gainesville,1634 NE 8th Ave,1,4,0,0,0,,29.6594068,-82.3034954
2066680,"July 18, 2021",North Carolina,Burlington,421 N Church St,0,4,0,0,0,,36.099377,-79.43254390000001
2066905,"July 18, 2021",Arizona,Tucson,1575 E 36th St,3,3,1,0,0,,32.1933025,-110.9491525
2066812,"July 18, 2021",California,Walnut Creek,2580 N Main St,1,3,0,0,0,,37.9191765,-122.0645753
2067290,"July 18, 2021",Texas,Houston,3421 Antoine Dr,2,2,1,0,0,,29.8201088,-95.47427909999999
2065252,"July 17, 2021",Oregon,Portland,300 block of SW 3rd Ave,1,6,0,0,0,,45.5207691,-122.6738794
2066189,"July 17, 2021",Illinois,Chicago,5006 W Ohio St,0,6,0,0,0,,41.8915275,-87.7509413
2065634,"July 16, 2021",California,Sacramento,L St and Front St,2,4,0,0,2,,38.5813049,-121.5063965
2065009,"July 16, 2021",Pennsylvania,Philadelphia,2700 block of Ruby Terrace,1,4,0,0,0,,39.9328564,-75.2148981
2066249,"July 16, 2021",South Carolina,Greenville,840 Mauldin Rd,1,3,0,0,0,,34.7782414,-82.3496333
2064260,"July 16, 2021",New Hampshire,Manchester,I-293,0,4,0,0,0,,42.996048,-71.4707357
2064992,"July 16, 2021",District of Columbia,Washington,2900 block of MLK Ave SE,1,5,0,0,1,,38.8459207,-76.99638089999999
2065118,"July 16, 2021",Illinois,Chicago,647 N Lockwood Ave,1,4,0,0,2,,41.8925879,-87.75770340000001
2063495,"July 15, 2021",Texas,Levelland,1105 10th St,1,4,0,1,1,,33.5834768,-102.3809007
2065533,"July 15, 2021",Massachusetts,Boston,265 Centre St,0,4,0,0,0,,42.3231985,-71.1006228
2062097,"July 14, 2021",Illinois,Chicago,4600 block of W Monroe St,0,5,0,0,0,,41.87930859999999,-87.74058959999999
2062359,"July 14, 2021",Illinois,Chicago,1533 W 79th St,0,5,0,0,1,,41.75024450000001,-87.66238829999999
2060865,"July 13, 2021",Indiana,Indianapolis,4200 block of Arborcrest Dr,1,3,0,0,1,,39.833275,-86.022789
2060949,"July 13, 2021",Michigan,Detroit,9855 Chalmers St,1,5,0,1,1,,42.4119559,-82.96935390000002
2060706,"July 12, 2021",Pennsylvania,Beaver Falls,900 9th St,2,3,0,0,1,,40.7499612,-80.3231395
2060293,"July 12, 2021",New Jersey,Iselin,515 US-1,0,4,0,0,4,,40.55636,-74.31044729999999
2060605,"July 12, 2021",New York,Corona (Queens),180th St and 145th Dr,0,4,0,0,0,,40.7449859,-73.8642613
2059440,"July 11, 2021",Texas,El Paso (Socorro),1300 Joe Battle Blvd,1,5,0,0,0,,31.7149999,-106.2698792
2059404,"July 10, 2021",Pennsylvania,Philadelphia,W Butler St and N 9th St,0,6,0,0,0,,40.009755,-75.1424468
2058950,"July 10, 2021",Massachusetts,Boston,34 Cameron St,0,4,0,0,1,,42.310387,-71.0637284
2058837,"July 10, 2021",Ohio,Springfield,405 S Burnett Rd,1,3,0,0,0,,39.9163346,-83.7706182
2058421,"July 9, 2021",California,Los Angeles,7114 W Manchester Ave,0,4,0,0,0,,33.9593991,-118.4169492
2057427,"July 8, 2021",Connecticut,Hartford,175 Nelson St,0,4,0,0,5,,41.7885679,-72.68180579999999
2053262,"July 5, 2021",Ohio,Toledo,Lawrence Ave and Wall St,1,11,0,0,0,,41.6736762,-83.5668017
2053500,"July 5, 2021",California,Santa Rosa,1500 block of Beachwood Dr,1,3,0,0,0,,38.4227431,-122.7206193
2055252,"July 5, 2021",New York,Buffalo,50 block of Donovan Dr,1,3,0,0,2,,42.913462,-78.8283244
2053048,"July 5, 2021",Illinois,Chicago,6108 S Wabash Ave,2,4,0,0,0,,41.7833081,-87.6243077
2052524,"July 4, 2021",California,Thermal,Jackson St and Airport Blvd,0,4,0,0,0,,33.6420548,-116.1342404
2054233,"July 4, 2021",Ohio,Cleveland,Kinsman Rd and E 139th St,0,4,0,0,0,,41.4645975,-81.585928
2054132,"July 4, 2021",Illinois,Peoria,600 block of Haungs Ave,1,3,0,0,1,,40.7142399,-89.56406260000001
2053508,"July 4, 2021",Nevada,North Las Vegas,1200 block of W Helen Ave,2,7,0,0,0,,36.2048439,-115.1573661
2053563,"July 4, 2021",Illinois,Rantoul,400 block of S Maplewood Dr,0,5,0,0,0,,40.308756,-88.136483
2052689,"July 4, 2021",Illinois,Danville,12 S College St,0,4,0,0,0,,40.1242008,-87.6257021
2053786,"July 4, 2021",Missouri,Kansas City,E 43rd St and Indiana Ave,0,4,0,0,0,,39.0478847,-94.5447593
2053346,"July 4, 2021",Texas,Dallas,8200 block of Towns St,3,3,0,0,3,,32.9168117,-96.76187739999999
2053365,"July 4, 2021",Texas,Dallas,3700 Dixon Ave,0,5,0,0,0,,32.7618317,-96.7368901
2052353,"July 4, 2021",Texas,Fort Worth,3400 block of Horne St,0,8,0,0,0,,32.7273591,-97.4079891
2052342,"July 4, 2021",Nebraska,Omaha,2311 N 24th St,1,4,0,0,1,,41.280137,-95.9466642
2052058,"July 3, 2021",North Carolina,Chadbourn,Broadway Rd,3,1,0,0,0,,34.3125008,-78.8364298
2051763,"July 3, 2021",Pennsylvania,Lancaster,50 block of W Orange St,0,4,0,0,0,,40.0391606,-76.30752609999999
2052471,"July 3, 2021",Georgia,Swainsboro,229 S Main St,1,3,0,0,1,,32.5940658,-82.3311368
2052346,"July 3, 2021",Illinois,Chicago,1000 block of W 89th St,0,4,0,0,0,,41.7324452,-87.6484045
2050836,"July 2, 2021",Virginia,Norfolk,923 Madison Ave,0,4,0,0,1,,36.85133980000001,-76.2657565
2051190,"July 2, 2021",Pennsylvania,Philadelphia,7700 block of Ogontz Ave,1,4,0,0,0,,40.0708629,-75.1577531
2050972,"July 2, 2021",Illinois,Champaign,704 N Hickory St,1,4,0,0,1,,40.1224575,-88.2422352
2050593,"July 1, 2021",Illinois,Chicago,6500 block of S Halsted St,0,7,0,0,0,,41.7761197,-87.644759
2050151,"July 1, 2021",South Carolina,Spartanburg,225 Amelia St,1,4,1,0,0,,34.9629061,-81.9502292
2050353,"July 1, 2021",Virginia,Chesapeake,1200 block of Seaboard Ave,2,2,0,0,0,,36.815828,-76.2710591
2049419,"June 30, 2021",Illinois,Chicago,2200 block of S Millard Ave,0,4,0,0,0,,41.8516558,-87.7162237
2049907,"June 30, 2021",Louisiana,Marrero,6500 block of Lapalco Blvd,0,4,0,0,0,,29.8764336,-90.11768699999999
2049845,"June 30, 2021",Texas,Houston,12101 Fondren Rd,3,1,0,0,1,,29.6492307,-95.5081099
2050167,"June 30, 2021",Delaware,Dover,100 block of S New St,1,3,0,0,0,,39.1591552,-75.5288673
2046714,"June 27, 2021",Illinois,Chicago,2000 block of E 71st St,1,5,0,0,0,,41.7663128,-87.5760172
2046574,"June 27, 2021",Illinois,Saint Charles,2051 Lincoln Hwy,1,3,0,0,0,,41.8992735,-88.33721249999999
2046897,"June 27, 2021",Illinois,Chicago,6300 block of South Artesian Ave,1,10,0,0,0,,41.779243,-87.6848698
2047170,"June 27, 2021",Tennessee,Memphis,2500 block of Dunn Ave,3,1,0,0,1,,35.0912426,-89.9769306
2047726,"June 27, 2021",North Carolina,Greensboro,801 Province Spring Cir,0,4,0,0,0,,36.066023,-79.801221
2046781,"June 26, 2021",Texas,Houston,4902 Laura Koppe Rd,1,3,0,0,0,,29.8403097,-95.3186276
2045579,"June 26, 2021",Illinois,Chicago,6100 block of N McCormick Blvd,1,3,0,0,0,,41.9945582,-87.714016
2047787,"June 26, 2021",Alabama,Fort Deposit,Forest Dr,1,3,0,0,1,,31.9891186,-86.5776961
2045043,"June 25, 2021",Ohio,Columbus,I-670 and Neil Ave,0,4,0,0,0,,39.9752104,-83.010476
2045564,"June 25, 2021",Illinois,Chicago,7000 block of S Indiana Ave,0,4,0,0,0,,41.7672499,-87.62055219999999
2044701,"June 25, 2021",New York,Bronx,Zerega Ave and Watson Ave,0,5,0,0,0,,40.83060270000001,-73.8444201
2044733,"June 24, 2021",Florida,Gainesville,4701 NW 6th St,1,4,0,0,3,,29.6986319,-82.33634850000001
2043834,"June 23, 2021",Alabama,Montgomery,100 block of Rotary St,2,2,0,0,0,,32.41936,-86.282595
2043465,"June 23, 2021",New York,Buffalo,114 Hickory St,0,4,0,0,0,,42.8819716,-78.861266
2043898,"June 23, 2021",Illinois,Chicago,4900 block of W Hubbard St,0,4,0,0,0,,41.888858,-87.7482313
2043715,"June 23, 2021",Illinois,Chicago,7000 block of S Vincennes Ave,0,4,0,0,0,,41.7667998,-87.6278018
2041726,"June 21, 2021",Missouri,Saint Louis,4002 Sullivan Ave,3,3,0,1,1,,38.6617223,-90.2274351
2041555,"June 21, 2021",District of Columbia,Washington,300 block of 50th St NE,0,4,0,0,0,,38.8938617,-76.9302081
2040643,"June 20, 2021",Virginia,Richmond,200 block of Crane St,1,3,0,0,0,,37.5354298,-77.42723950000001
2041297,"June 20, 2021",California,Richmond,2108 Dunn Ave,3,5,0,0,2,,37.94862579999999,-122.349004
2040265,"June 20, 2021",Colorado,Aurora,12455 E Mississippi Ave,1,4,0,0,0,,39.698071,-104.8442306
2041363,"June 20, 2021",Florida,Wildwood,9605 Co Rd 235,1,10,0,0,1,,28.8960343,-82.0945413
2040374,"June 20, 2021",Texas,Dallas,4619 E R L Thornton Freeway,0,8,0,0,0,,32.7909485,-96.7619838
2040732,"June 20, 2021",Ohio,Cincinnati,3000 block of Borden St,1,3,0,0,2,,39.1520614,-84.5487248
2040243,"June 20, 2021",Indiana,Granger,7321 Heritage Square Dr,1,4,0,0,0,,41.7268838,-86.1768051
2040991,"June 20, 2021",New Jersey,Atlantic City,1700 block of Atlantic Ave,1,3,0,0,0,,39.360342,-74.431803
2039457,"June 19, 2021",Alaska,Anchorage,E 3rd Ave and Gambell St,1,4,0,0,1,,61.21954119999999,-149.8710412
2039346,"June 19, 2021",Louisiana,Baton Rouge,7132 Florida Blvd,2,4,0,0,0,,30.4511343,-91.11570449999999
2040013,"June 19, 2021",New Jersey,Newark,525 Elizabeth Ave,0,4,0,0,0,,40.708467,-74.2019205
2039964,"June 19, 2021",California,Oakland,2200 block of Lakeshore Ave,1,7,0,0,0,,37.8052178,-122.2505314
2039441,"June 18, 2021",Minnesota,Minneapolis,400 block of 14th Ave SE,0,5,0,0,0,,44.9805432,-93.235508
2037813,"June 17, 2021",Virginia,Petersburg,Virginia Ave and Melville St,0,4,0,0,0,,37.213073,-77.40942
2037887,"June 17, 2021",North Carolina,Durham,1600 block of Holloway St,2,2,0,0,0,,35.9936311,-78.8737709
2038622,"June 17, 2021",Ohio,Cincinnati,3056 Mathers St,1,3,0,0,0,,39.1368178,-84.48520479999999
2038152,"June 17, 2021",New Jersey,Paterson,Rosa Parks Blvd and Hamilton Ave,0,4,0,0,0,,40.9199817,-74.1591079
2036635,"June 16, 2021",Maryland,Baltimore,2100 block of West Lexington St,1,5,0,0,0,,39.2906805,-76.650498
2036121,"June 15, 2021",Illinois,Chicago,3800 block of W Monroe St,0,5,0,0,0,,41.880142,-87.72141789999999
2035452,"June 15, 2021",Illinois,Chicago,6221 S Morgan St,5,3,0,0,0,,41.7808578,-87.64936469999999
2035313,"June 15, 2021",Alabama,Albertville,956 Industrial Blvd,2,2,1,0,0,,34.2289875,-86.18726559999999
2035733,"June 14, 2021",Georgia,Columbus,3400 8th Ave,2,2,0,0,3,,32.4953751,-84.98264809999999
2034408,"June 14, 2021",Michigan,Lansing,300 block of N Cedar St,2,2,0,0,0,,42.7358242,-84.546573
2034470,"June 14, 2021",Florida,Boynton Beach,I-95,1,3,0,0,0,,26.528183,-80.0732435
2033905,"June 13, 2021",Ohio,West Salem,9161 Rainbow Hwy,1,5,0,1,1,,40.986959,-82.095574
2033605,"June 13, 2021",Kentucky,Louisville,5200 block of Robinwood Rd,1,3,0,0,0,,38.1751179,-85.6660268
2032220,"June 12, 2021",Texas,Austin,400 block of E 6th St,1,13,0,1,1,,30.2673917,-97.7390638
2032486,"June 12, 2021",Ohio,Cleveland,8805 Buckeye Rd,3,4,0,0,2,,41.4864635,-81.6247813
2032203,"June 12, 2021",Illinois,Chicago,7500 block of S Prairie Ave,1,9,0,0,0,,41.758154,-87.618547
2031976,"June 11, 2021",Georgia,Savannah,200 block of Avery St,2,6,0,0,0,,32.0744384,-81.0837148
2032580,"June 11, 2021",North Carolina,Winston Salem (Winston-salem),844 E. Devonshire St,1,3,0,0,0,,36.066747,-80.2201734
2031801,"June 11, 2021",Washington,Seattle,9808 16th Ave SW,2,2,0,0,0,,47.5151324,-122.3548023
2032282,"June 11, 2021",Texas,Dallas,378 N Jim Miller Rd,0,5,0,0,1,,32.7168033,-96.69823930000001
2030720,"June 10, 2021",Michigan,Detroit,1600 block Calvert Ave,1,3,0,0,0,,42.3839658,-83.1010172
2030639,"June 10, 2021",New York,Yonkers,150 Elm St,0,4,0,0,3,,40.933254,-73.890247
2030708,"June 10, 2021",Illinois,Chicago,6530 S Claremont Ave,1,4,0,0,1,,41.7747319,-87.682459
2029078,"June 8, 2021",Tennessee,Nashville,Clarksville Pike and Buena Vista Pike,1,3,0,0,0,,36.19347399999999,-86.8308916
2028745,"June 8, 2021",Tennessee,Memphis,2246 Eldridge Ave,1,4,0,0,1,,35.1706665,-89.98241709999999
2028928,"June 8, 2021",Texas,Houston,4115 Washington Ave,0,5,0,0,0,,29.7700055,-95.4029808
2027736,"June 7, 2021",Ohio,Cleveland,4100 block of E 81st St,0,6,0,0,0,,41.44736779999999,-81.6290621
2027046,"June 7, 2021",Florida,Homestead,12550 SW 282nd St,2,3,1,0,0,,25.5052626,-80.3957659
2026802,"June 6, 2021",Missouri,Saint Louis,100 N 7th St,0,4,0,0,0,,38.6268821,-90.1916133
2026651,"June 6, 2021",North Carolina,Snow Hill,50 block of Katie Ct,0,4,0,0,0,,35.4851233,-77.5858695
2027725,"June 6, 2021",Ohio,Cleveland,3700 block of Woodbridge Ave,0,8,0,0,0,,41.461097,-81.7092953
2027375,"June 6, 2021",California,Oakland,5100 block of Ygnacio Ave,0,5,0,0,0,,37.7735144,-122.2044425
2026123,"June 6, 2021",Florida,Miami (Kendall),10549 SW 109th Ct,3,6,0,0,3,,25.67093,-80.3723318
2026713,"June 6, 2021",Utah,Salt Lake City,1354 N General Dr,1,4,0,0,2,,40.7987772,-111.9477135
2026112,"June 6, 2021",Illinois,Chicago,8900 block of S Cottage Grove Ave,0,8,0,0,0,,41.73286299999999,-87.6051557
2026257,"June 5, 2021",Louisiana,New Orleans,10150 I-10 Service Rd,0,9,0,0,0,,30.0384882,-89.9716852
2025260,"June 5, 2021",Indiana,Indianapolis,7500 N Shadeland Ave,2,2,0,0,0,,39.8906985,-86.04610199999999
2025891,"June 4, 2021",Michigan,Muskegon,1675 E. Sherman Blvd,1,3,0,0,0,,43.2038999,-86.2027691
2022821,"June 2, 2021",Ohio,Toledo,1830 W Bancroft St,0,4,0,0,0,,41.6636623,-83.5876273
2025254,"June 2, 2021",Arkansas,Magnolia,Calhoun Rd,0,4,0,0,1,,33.2549199,-93.2284518
2022391,"June 2, 2021",Ohio,Springfield,1935 S Yellow Springs St,0,6,0,0,2,,39.9045614,-83.82939789999999
2021130,"May 31, 2021",New York,Brooklyn,Knickerbocker Ave,0,4,0,0,2,,40.6988098,-73.9183352
2021398,"May 31, 2021",Missouri,Saint Louis,8880 N Broadway,0,4,0,0,0,,38.7262677,-90.2276724
2022129,"May 31, 2021",Ohio,Cleveland (Garfield Heights),13000 block of Alvin Ave,1,5,0,0,0,,41.4352683,-81.5920866
2019751,"May 30, 2021",Alabama,Aliceville,7th Street NE,1,4,0,0,1,,33.133716,-88.1442423
2019622,"May 30, 2021",Florida,Hialeah,7630 NW 186th St,3,20,0,0,1,,25.941666,-80.32565360000001
2020535,"May 30, 2021",Illinois,Chicago,6718 S Stony Island Ave,0,4,0,0,0,,41.7727646,-87.58678049999999
2019155,"May 29, 2021",Texas,San Antonio,3300 block of Fallen Leaf Ln,2,2,0,0,0,,29.5196701,-98.5484901
2019384,"May 29, 2021",Missouri,Saint Louis,10466 W Florissant Ave,1,3,0,0,1,,38.7620496,-90.2791357
2018931,"May 28, 2021",Florida,Miami,2022 NW 1st Ct,1,6,0,0,0,,25.7960715,-80.1979458
2018495,"May 27, 2021",North Carolina,Durham,1200 block of Fayetteville St,0,5,0,0,0,,35.9828683,-78.8988521
2015849,"May 26, 2021",Illinois,Chicago,7200 block of S Princeton Ave,1,3,0,0,0,,41.763416,-87.632526
2015730,"May 26, 2021",California,San Jose,101 W Younger Ave,9,0,1,0,0,,37.3542733,-121.9086849
2014343,"May 24, 2021",Michigan,Inkster,27000 block of Rosewood St,2,2,0,0,0,,42.2984514,-83.3143443
2014381,"May 24, 2021",Ohio,West Jefferson,127 Jackson St,4,0,0,0,1,,39.9471601,-83.2732135
2012971,"May 23, 2021",Illinois,Chicago,3344 W Ohio St,0,4,0,0,0,,41.8920187,-87.7105524
2013595,"May 23, 2021",New York,Bay Shore,135 S Clinton Ave,0,4,0,0,0,,40.7121889,-73.2439141
2013059,"May 23, 2021",New Jersey,Paterson,Hillman St and E Main St,0,5,0,0,0,,40.929219,-74.16829249999999
2013096,"May 23, 2021",Virginia,Norfolk,3100 block of Westminster Ave,0,4,0,0,0,,36.8445714,-76.2477821
2012765,"May 22, 2021",South Carolina,North Charleston,Piggly Wiggly Dr and W Jimtown Dr,1,14,0,0,4,,32.8718716,-80.0010901
2012345,"May 22, 2021",Delaware,Wilmington,800 block of N Pine St,0,4,0,0,0,,39.740886,-75.54285399999999
2011569,"May 22, 2021",Minnesota,Minneapolis,322 N 1st Ave,2,7,0,0,1,,44.9816122,-93.2723182
2013043,"May 22, 2021",Ohio,Columbus,233 S Civic Center Dr,1,5,0,0,0,,39.9567227,-83.0035682
2011610,"May 22, 2021",Indiana,Fort Wayne,2177 Eden St,1,3,0,1,1,,41.0665139,-85.1197487
2012633,"May 22, 2021",New Jersey,Bridgeton,1029 E Commerce St,3,11,0,0,3,,39.4217934,-75.1857039
2011077,"May 21, 2021",New York,Albany,1st St and Quail St,1,5,0,0,1,,42.6614541,-73.7776765
2011482,"May 21, 2021",New Jersey,Jersey City,16 Brinkerhoff St,2,4,0,0,2,,40.7181037,-74.0711632
2010083,"May 20, 2021",Indiana,Evansville,800 block of Shadewood Ave,1,3,0,0,0,,37.9507681,-87.5515107
2007722,"May 18, 2021",California,Oakland,I-580 and Seminary Ave,2,5,0,0,0,,37.761177,-122.2046842
2008415,"May 18, 2021",California,Hemet,1200 block of Valencia Ave,1,4,0,0,0,,33.75407,-116.9837273
2005991,"May 16, 2021",Ohio,Cincinnati,7751 Reading Rd,1,3,0,0,0,,39.2042144,-84.4548435
2005776,"May 16, 2021",Georgia,Atlanta,630 Travis St NW,0,4,0,0,0,,33.7718072,-84.4087022
2005671,"May 16, 2021",Michigan,East Lansing,6170 Abbot Rd,0,5,0,0,0,,42.7605814,-84.48206979999999
2006621,"May 16, 2021",Georgia,Columbus,2727 Manchester Expy,0,4,0,0,0,,32.5071443,-84.95250089999999
2006204,"May 16, 2021",Georgia,Stone Mountain,4766 Redan Rd,1,5,0,0,0,,33.7622566,-84.19698029999999
2005813,"May 16, 2021",Alabama,Birmingham,1010 18th St S,0,4,1,0,0,,33.50012299999999,-86.8000136
2005238,"May 15, 2021",District of Columbia,Washington,3900 block of Minnesota Ave NE,1,3,0,0,1,,38.8933909,-76.9507794
2004666,"May 15, 2021",Illinois,Chicago,7800 block of S Loomis St,2,3,0,0,0,,41.7358111,-87.6582092
2005196,"May 15, 2021",New York,Bronx,1625 Webster Ave,1,4,0,0,1,,40.8417859,-73.90473879999999
2004413,"May 14, 2021",Pennsylvania,Philadelphia,5600 block of Market St,0,4,0,0,0,,39.9607955,-75.23318429999999
2003383,"May 13, 2021",Georgia,Augusta,201 E Telfair St,2,2,0,0,1,,33.4653481,-81.94896820000001
2003167,"May 13, 2021",District of Columbia,Washington,200 block of 37th Pl SE,1,3,0,0,0,,38.8870837,-76.952346
2003334,"May 13, 2021",Rhode Island,Providence,87 Carolina Ave,0,4,0,4,7,,41.7918877,-71.3961042
2002269,"May 12, 2021",Pennsylvania,Philadelphia,5500 block of Kingsessing Ave,1,3,0,0,0,,39.9367646,-75.2235209
2002286,"May 12, 2021",Georgia,Buford,2910 Buford Dr NE,2,2,0,0,0,,34.0521672,-83.9979822
2001137,"May 11, 2021",Maryland,Baltimore,800 block of W Lexington St,0,4,0,0,0,,39.291247,-76.6307695
2001362,"May 10, 2021",Alabama,Montgomery,3804 S Court St,0,7,0,0,0,,32.3369986,-86.30855179999999
1999417,"May 9, 2021",Pennsylvania,Philadelphia,100 block of E Albanus St,2,3,0,0,0,,40.0265955,-75.12325369999999
1999125,"May 9, 2021",Colorado,Colorado Springs,2828 Preakness Way,6,0,1,0,0,,38.791446,-104.7326911
1999193,"May 9, 2021",Arizona,Phoenix,122 N 2nd St,1,7,0,0,2,,33.4497405,-112.0716698
1999909,"May 9, 2021",California,Los Angeles,6112 W Afton Pl,1,3,0,0,0,,34.0949979,-118.3228246
2000132,"May 9, 2021",South Carolina,Charleston,500 Block of King St,0,5,0,0,0,,32.7907041,-79.93963480000001
1999423,"May 9, 2021",New Jersey,Newark,378 Chancellor Ave,0,4,0,0,0,,40.7103737,-74.2236561
1998865,"May 8, 2021",California,Citrus Heights,7440 Auburn Blvd,0,4,0,0,1,,38.7008416,-121.2896485
1998693,"May 8, 2021",California,Oakland,1440 block of Lakeshore Ave,0,4,0,0,0,,37.7996241,-122.256815
1998476,"May 8, 2021",Maryland,Gwynn Oak (Woodlawn),7300 block of Maury Rd,3,1,1,0,0,,39.3101707,-76.7726623
1998537,"May 8, 2021",Michigan,Detroit,15700 block of Plymouth Rd,0,4,0,0,0,,42.3726732,-83.2003527
1999307,"May 8, 2021",California,Compton,15100 block of S Lime Ave,2,2,0,0,0,,33.8963345,-118.1921925
1998602,"May 8, 2021",Wisconsin,Milwaukee,900 block of S 10th St,0,4,0,0,2,,43.0220569,-87.923689
1998067,"May 7, 2021",Missouri,Saint Louis (Kinloch),5541 Mable Ave,2,3,0,1,2,,38.73444,-90.32025399999999
1999434,"May 6, 2021",New Jersey,Paterson,22nd Ave and E 30th St,0,5,0,0,0,,40.9033984,-74.1478119
1996236,"May 5, 2021",Illinois,Chicago,6900 block of S Cornell Ave,0,4,0,0,0,,41.7697018,-87.5844386
1993551,"May 3, 2021",Michigan,Saginaw,1315 Randolph St,1,4,0,0,0,,43.4032979,-83.94757949999999
1993090,"May 2, 2021",Ohio,Columbus,491 Park St,0,4,0,0,0,,39.9722325,-83.0051
1993664,"May 2, 2021",Pennsylvania,Philadelphia,5200 block of Burton St,1,3,0,0,0,,40.0150171,-75.0709626
1993221,"May 2, 2021",Maryland,Baltimore,1500 block of Washington Blvd,1,3,0,0,0,,39.2789545,-76.64298670000001
1993280,"May 2, 2021",Illinois,Chicago,2100 block of W Adams St,0,5,0,0,0,,41.8787957,-87.67943930000001
1992570,"May 2, 2021",Minnesota,Saint Paul,843 Selby Ave,0,4,0,0,0,,44.94681749999999,-93.135799
1992127,"May 1, 2021",Delaware,Wilmington,800 block of N Pine St,0,4,0,0,0,,39.740886,-75.54285399999999
1992534,"May 1, 2021",Louisiana,New Orleans,St Bernard Ave and N Claiborne Ave,2,4,0,0,0,,29.9726057,-90.065452
1992410,"May 1, 2021",New York,New Rochelle,Horton Ave and Brook St,1,4,0,0,0,,40.9198864,-73.7890991
1992490,"May 1, 2021",Massachusetts,Holyoke,209 South St,0,5,0,0,0,,42.1962885,-72.621501
1992469,"May 1, 2021",Florida,Clewiston,1117 Harlem Academy Ave,1,3,0,0,0,,26.7376574,-80.95358039999999
1990821,"April 29, 2021",Georgia,Atlanta,2300 block of Polar Rock Terrace SW,1,5,0,0,0,,33.6915474,-84.39452539999999
1990600,"April 28, 2021",Florida,Miami,2100 block of NW 85th St,0,5,0,0,0,,25.8518896,-80.23173539999999
1989840,"April 28, 2021",North Carolina,Boone,553 Hardaman Cir,4,0,1,0,0,,36.212425,-81.6042926
1988688,"April 27, 2021",Virginia,Richmond,4000 Midlothian Turnpike,2,3,0,0,5,,37.5090705,-77.47887539999999
1989023,"April 27, 2021",Alabama,Fairfield,200 block of Glen Crest Dr,1,4,0,0,0,,33.4580323,-86.924692
1987241,"April 26, 2021",Louisiana,Houma,656 Corporate Dr,0,5,0,0,1,,29.6098944,-90.75826269999999
1988326,"April 26, 2021",Oregon,Gresham,SE Stark St and SE 174th Ave,0,7,0,0,0,,45.5191509,-122.4846152
1991347,"April 25, 2021",Texas,Palestine,1101 W Palestine Ave,0,4,0,0,0,,31.7675803,-95.6455897
1986770,"April 25, 2021",Missouri,Kansas City,E 18th St and Vine St,1,3,0,1,1,,39.09121349999999,-94.5633482
1987235,"April 25, 2021",Alabama,Phenix City,1700 Highway 280 Bypass,0,4,0,0,0,,32.4606472,-85.0171968
1986593,"April 25, 2021",Arkansas,Little Rock,1900 E 6th St,1,3,0,0,0,,34.7422719,-92.2484951
1985432,"April 24, 2021",Louisiana,New Orleans,100 block of Bourbon St,0,5,0,0,0,,29.9542063,-90.0691878
1984807,"April 22, 2021",California,San Diego,500 block of J St,1,4,0,0,1,,32.7095107,-117.1599785
1981805,"April 19, 2021",Texas,Houston,700 E Whitney St,2,3,0,1,1,,29.83044989999999,-95.38923129999999
1982260,"April 19, 2021",Georgia,Atlanta,1191 Oakland Ln SW,0,5,0,0,0,,33.72016560000001,-84.42612919999999
1980689,"April 18, 2021",Wisconsin,Kenosha,1548 Sheridan Rd,3,3,0,0,1,,42.6303318,-87.8217409
1981521,"April 18, 2021",Michigan,Detroit,Ward Ave and W McNichols Rd,0,5,1,0,0,,42.4166422,-83.1742458
1981353,"April 18, 2021",Louisiana,Shreveport,3701 Hearne Ave,0,6,0,0,0,,32.4777488,-93.7796226
1982020,"April 18, 2021",Alabama,Montgomery,2300 block of Day St,1,4,0,0,4,,32.369759,-86.32928
1980492,"April 17, 2021",Ohio,Columbus,5001 Chatterton Rd,1,5,0,0,0,,39.914772,-82.86195909999999
1980971,"April 17, 2021",Louisiana,La Place (Laplace),624 Golfview Dr,0,9,0,0,0,,30.0843139,-90.484308
1979684,"April 16, 2021",Michigan,Detroit,Conant St and Minnesota St,0,4,0,0,0,,42.4237975,-83.06714410000001
1978635,"April 15, 2021",Indiana,Indianapolis,8951 Mirabel Rd,8,7,1,0,0,,39.6812429,-86.32235899999999
1979869,"April 15, 2021",Louisiana,Lake Charles,4101 5th Ave,1,3,0,0,1,,30.1858774,-93.1876552
1978561,"April 15, 2021",District of Columbia,Washington,1800 block of West Virginia Ave NE,0,4,0,0,0,,38.910485,-76.9857712
1978616,"April 15, 2021",Florida,Pensacola,700 Truman Ave,0,6,0,0,0,,30.4507004,-87.25189080000001
1978652,"April 15, 2021",Illinois,Chicago,600 block of N Sawyer Ave,0,4,0,0,0,,41.8919982,-87.7079874
1976538,"April 13, 2021",Maryland,Baltimore,2300 block of Hoffman St,0,4,0,0,0,,39.3069738,-76.5851579
1974943,"April 11, 2021",Kansas,Wichita,200 block of N Battin St,1,3,0,0,0,,37.6886177,-97.2768234
1975004,"April 11, 2021",Washington,Seattle,306 23rd Ave S,0,4,0,0,0,,47.60011369999999,-122.3018071
1974088,"April 10, 2021",Tennessee,Memphis,385 Western Park Dr,1,3,0,0,1,,35.0309465,-90.0767815
1973809,"April 10, 2021",Michigan,Allendale,4926 Becker Dr,0,4,0,0,1,,42.9757774,-85.9092493
1973692,"April 10, 2021",Missouri,Koshkonong,US-63 and MO-F,1,3,0,0,1,,36.5967199,-91.6936066
1975405,"April 10, 2021",Connecticut,Waterbury,36 Gasparri Ln,0,4,0,0,1,,41.5444505,-73.0118552
1973844,"April 9, 2021",Texas,Fort Worth,2000 block of SW Loop 820,1,5,0,0,0,,32.6672468,-97.3503582
1972187,"April 8, 2021",Texas,Bryan,350 Stone City Dr,1,5,0,0,1,,30.6502876,-96.4034432
1971410,"April 7, 2021",South Carolina,Rock Hill,4456 Marshall Rd,6,0,1,0,0,,34.8522554,-81.05975
1970937,"April 7, 2021",Wisconsin,Milwaukee,2627 W Capitol Dr,2,2,0,1,1,,43.0894613,-87.94669329999999
1973435,"April 7, 2021",Ohio,Dayton,Hoover Ave and Summit Square,0,4,0,0,0,,39.7613206,-84.2839135
1969899,"April 6, 2021",District of Columbia,Washington,4100 block of Ames St NE,0,4,0,0,0,,38.8910174,-76.9442823
1970245,"April 6, 2021",Michigan,Detroit,6100 block of Lodewyck St,1,3,0,0,0,,42.4179266,-82.92564349999999
1970378,"April 5, 2021",Illinois,Chicago,6800 block of S Justine Ave,0,7,0,0,0,,41.7702641,-87.6630231
1969065,"April 5, 2021",Maryland,Baltimore,300 block of N Eutaw St,0,5,0,0,0,,39.293015,-76.6214375
1969505,"April 4, 2021",Louisiana,Monroe,207 Sterlington Rd,0,6,0,0,0,,32.5234094,-92.0821675
1968887,"April 4, 2021",Alabama,Birmingham,3969 14th Ave N,1,5,0,0,1,,33.5465406,-86.7802117
1969633,"April 4, 2021",Texas,Beaumont,6035 S M L King Jr Pkwy,0,4,0,0,1,,30.0291683,-94.0576542
1967914,"April 3, 2021",North Carolina,Wilmington,718 Kidder St,3,4,0,0,0,,34.2194637,-77.9377148
1967893,"April 3, 2021",Alabama,Tuscaloosa,2314 4th St,0,4,0,1,1,,33.211293,-87.5680718
1969221,"April 3, 2021",Texas,Allen,1517 Pine Bluff Dr,4,0,2,0,0,,33.0919506,-96.6306592
1968553,"April 3, 2021",Florida,Quincy,2114 Pat Thomas Parkway,0,7,0,0,0,,30.5543531,-84.59334659999999
1966181,"March 31, 2021",California,Orange,202 West Lincoln Ave,4,1,0,1,1,,33.8352178,-117.8537293
1965890,"March 31, 2021",District of Columbia,Washington,1300 block of Congress St SE,2,3,0,0,1,,38.8421337,-76.9881802
1963556,"March 28, 2021",Ohio,Cleveland,5100 Pearl Rd,0,7,0,0,0,,41.4199639,-81.72680009999999
1963598,"March 28, 2021",Maryland,Essex,1601 Middleborough Rd,4,1,1,0,0,,39.3057076,-76.4416665
1964030,"March 28, 2021",Texas,San Antonio,2011 Dollarhide Ave,0,4,0,0,0,,29.366234,-98.43816500000001
1964085,"March 28, 2021",Illinois,Chicago,I-57 and W 127th St,0,4,0,0,0,,41.6633742,-87.6234915
1963052,"March 27, 2021",Illinois,Chicago,500 block of N Leamington Ave,0,4,0,0,0,,41.8894442,-87.7544887
1962934,"March 27, 2021",Mississippi,Yazoo City,Dr Martin Luther King Jr Dr and Shady Dr,0,6,0,0,0,,32.8641025,-90.4112479
1962686,"March 27, 2021",Illinois,River Grove,Belmont Ave,1,3,0,0,0,,41.9372912,-87.8505372
1962562,"March 26, 2021",Virginia,Virginia Beach,2000 block of Atlantic Ave,0,9,0,0,7,,36.84848,-75.97544599999999
1964271,"March 26, 2021",Virginia,Norfolk,100 block of W Balview Ave,0,4,0,0,0,,36.9524405,-76.2522572
1962890,"March 26, 2021",Tennessee,Memphis,500 block of Arrington Ave,3,2,0,0,0,,35.1720356,-90.0382564
1961753,"March 26, 2021",Illinois,Chicago,2515 W 79th St,1,7,0,0,0,,41.7499036,-87.68604069999999
1962507,"March 26, 2021",Pennsylvania,Philadelphia,1080 N Delaware Ave,0,7,0,0,1,,39.9658381,-75.13274439999999
1960283,"March 23, 2021",Alabama,Aliceville,1st Ave SW and 15th St,2,2,0,0,0,,33.1277613,-88.1669065
1958652,"March 22, 2021",Colorado,Boulder,3600 Table Mesa Dr,10,0,0,1,1,,39.9835951,-105.2511107
1959549,"March 22, 2021",Michigan,Detroit,13300 block of Davidson St,1,3,0,0,0,,42.5329317,-82.9283132
1957188,"March 20, 2021",Texas,Houston,10266 North Fwy,0,5,0,0,0,,29.91406529999999,-95.4118566
1957226,"March 20, 2021",Texas,Dallas,10333 Technology Blvd,1,7,0,0,1,,32.8632033,-96.89789309999999
1957252,"March 20, 2021",Pennsylvania,Philadelphia,4234 Germantown Ave,1,5,0,0,0,,40.0189715,-75.1560202
1956081,"March 18, 2021",Oregon,Gresham,750 E Powell Blvd,0,4,0,0,2,,45.4978472,-122.423583
1955948,"March 18, 2021",Louisiana,New Orleans,2400 Annette St,0,4,0,0,0,,29.9814989,-90.06389109999999
1956001,"March 17, 2021",California,Stockton,Oro Ave and E Main St,0,5,0,0,0,,37.9539955,-121.2342672
1954379,"March 16, 2021",Georgia,Acworth,6468 Hwy 92,8,1,0,0,1,,34.0881671,-84.5809057
1954950,"March 16, 2021",Arizona,Phoenix,6215 W Elm St,3,1,1,0,0,,33.5059217,-112.1913111
1953309,"March 15, 2021",Indiana,Indianapolis,2300 block of N Harding St,1,4,0,0,0,,39.7994816,-86.1875526
1952662,"March 14, 2021",Illinois,Chicago,2600 block of E 77th St,0,4,0,0,0,,41.7556538,-87.5612
1953202,"March 14, 2021",Florida,Tampa,10101 US-92,0,4,0,0,0,,27.9953418,-82.33494259999999
1952281,"March 14, 2021",Illinois,Chicago,6798 block of S South Chicago Ave,2,13,0,0,0,,41.7708173,-87.6127501
1952151,"March 13, 2021",New York,Brooklyn,917 Flushing Ave,0,5,0,0,0,,40.702373,-73.936118
1951681,"March 13, 2021",Florida,Orlando,200 block of Ring Rd,1,3,0,0,0,,28.5387756,-81.45128249999999
1951738,"March 13, 2021",Virginia,Richmond,5100 Richmond Henrico Tpke,2,4,0,0,0,,37.6017766,-77.42488
1952161,"March 13, 2021",Indiana,Indianapolis,300 block of N Randolph St,4,1,0,0,1,,39.770488,-86.128327
1951476,"March 12, 2021",North Carolina,Greensboro,100 block of Huffman St,1,3,0,0,0,,36.0745086,-79.7649431
1951383,"March 12, 2021",Texas,Austin,7408 Cameron Rd,0,4,0,0,0,,30.3297876,-97.6905511
1950471,"March 11, 2021",Pennsylvania,Philadelphia,1400 block of N 76th St,2,2,0,0,1,,39.97291999999999,-75.26609839999999
1950346,"March 11, 2021",New Mexico,Ohkay Owingeh,89 Co Rd 56,1,3,0,0,1,,36.0712621,-106.103746
1949977,"March 10, 2021",Texas,Houston,6300 Ranchester Dr,3,1,0,0,3,,29.7092891,-95.54714829999999
1948233,"March 8, 2021",Florida,Clearwater,US-19 ALT and Drew St,1,3,0,0,1,,27.9681732,-82.795909
1948470,"March 7, 2021",Mississippi,Edwards,607 Wallace Dr,0,4,0,0,1,,32.3385978,-90.5968084
1947241,"March 6, 2021",California,Yuba City,Countryside Dr and Littlejohn Dr,2,3,0,0,0,,39.1225484,-121.6392673
1945999,"March 6, 2021",North Carolina,Fayetteville,200 block of Shads Ford Blvd,1,4,0,0,0,,35.0798876,-79.0062638
1946991,"March 5, 2021",California,Compton,609 N Long Beach Blvd,1,4,0,0,0,,33.9003259,-118.2086756
1944507,"March 4, 2021",District of Columbia,Washington,3900 Martin Luther King Jr Ave SW,0,5,0,0,0,,38.832444,-77.00878740000002
1943986,"March 3, 2021",Pennsylvania,Erie,2105 Buffalo Rd,2,3,0,0,1,,42.1337661,-80.02949869999999
1941382,"February 28, 2021",Ohio,Cincinnati,3600 block of Idlewild Ave,3,2,0,1,0,,39.14493969999999,-84.4728071
1941669,"February 28, 2021",Indiana,East Chicago,1205 W Chicago Ave,0,4,0,0,0,,41.6288861,-87.48684039999999
1940791,"February 28, 2021",Delaware,Dover,21 S Little Creek Rd,0,4,0,0,2,,39.157759,-75.5086421
1941647,"February 28, 2021",South Carolina,Mccormick,437 Talbert Rd,0,4,0,0,1,,33.9070584,-82.3131342
1941444,"February 28, 2021",Louisiana,Shreveport,4914 Mansfield Rd,0,5,0,0,0,,32.4642503,-93.776038
1941210,"February 28, 2021",Texas,Houston,13484 Northwest Fwy,0,4,0,0,0,,29.8537961,-95.5090397
1943271,"February 27, 2021",Mississippi,Columbus,1200 block of 7th St S,0,4,0,0,0,,33.4840414,-88.4245186
1940190,"February 27, 2021",Mississippi,Pattison,Pattison-Tillman Rd,2,3,0,0,6,,31.8917682,-90.8859682
1939789,"February 26, 2021",Louisiana,Baton Rouge,4700 block of Paige St,0,4,0,0,0,,30.5169852,-91.1447433
1940069,"February 26, 2021",Texas,Houston,8708 Beechnut St,1,5,0,0,0,,29.6909353,-95.538331
1939958,"February 26, 2021",California,San Diego,841 S 45th St,1,3,0,0,0,,32.6969421,-117.0978008
1934704,"February 21, 2021",Missouri,Kennett,1615 1st St,1,4,0,0,2,,36.2357991,-90.0364424
1935235,"February 21, 2021",North Carolina,Teachey,Thomas Smith Ln and Bay Rd,0,4,0,0,1,,34.812221,-77.9641444
1934077,"February 20, 2021",Louisiana,Metairie,6719 Airline Dr,2,2,1,0,0,,29.9783389,-90.2082369
1933975,"February 20, 2021",Colorado,Grand Junction,1000 block of Teller Ave,1,3,0,0,1,,39.0754035,-108.5559559
1934181,"February 20, 2021",Illinois,Springfield,1100 block of S Grand Ave W,1,4,0,0,0,,39.7869007,-89.6699773
1934225,"February 20, 2021",Pennsylvania,Norristown (East Norriton),2912 Swede Rd,1,4,0,0,1,,40.14606149999999,-75.3162531
1932479,"February 18, 2021",Louisiana,Baton Rouge,2047 N Foster Dr,1,3,0,0,1,,30.4673961,-91.13999779999999
1931288,"February 17, 2021",Pennsylvania,Philadelphia,5597 Old York Rd,0,8,0,0,0,,40.03888,-75.144406
1930463,"February 16, 2021",Florida,Saint Petersburg,2968 Emerson Ave S,3,1,0,0,1,,27.7654629,-82.67372259999999
1928557,"February 13, 2021",California,San Francisco,3rd St and Quesada Ave,0,6,0,0,0,,37.7331932,-122.3912071
1928594,"February 13, 2021",Indiana,Indianapolis,3800 block of N Sherman Dr,0,4,0,0,0,,39.8253974,-86.1027024
1928149,"February 13, 2021",California,Oakland,1000 block of Washington St,0,6,0,0,0,,37.8052795,-122.2721924
1928205,"February 13, 2021",North Carolina,Cary,101 Reed St,1,3,0,0,2,,35.7901504,-78.76288699999999
1926742,"February 11, 2021",Georgia,Columbus,2001 South Lumpkin Rd,1,4,0,0,0,,32.4156457,-84.952857
1926701,"February 10, 2021",Georgia,Atlanta,62 Harwell Rd NW,0,4,0,0,0,,33.7544703,-84.4938471
1924338,"February 9, 2021",Minnesota,Buffalo,755 Crossroads Campus Dr,1,4,0,0,1,,45.178226,-93.8632179
1924892,"February 9, 2021",Texas,Houston,945 W Little York Rd,0,4,0,0,0,,29.8649283,-95.4233435
1921939,"February 6, 2021",Tennessee,Murfreesboro,Ewing Blvd and West St,1,4,0,0,1,,35.8495644,-86.3761935
1921768,"February 6, 2021",Illinois,Bloomingdale,250 W Schick Rd,1,5,0,0,1,,41.9520411,-88.0984773
1923786,"February 6, 2021",Louisiana,Thibodaux,1100 block of Tiger Dr,0,4,0,0,0,,29.7880376,-90.8375949
1922354,"February 6, 2021",Washington,Tacoma,3634 E McKinley Ave,1,3,0,0,1,,47.22518789999999,-122.4211381
1921641,"February 5, 2021",Pennsylvania,Mohnton,360 E Wyomissing Ave,1,3,0,0,0,,40.2923052,-75.9783269
1924951,"February 5, 2021",Mississippi,Benoit,1017 Lake Bolivar Rd,3,1,0,0,2,,33.659633,-91.05404569999999
1920771,"February 4, 2021",North Carolina,High Point,2912 W English Rd,1,3,1,0,0,,35.9306686,-80.0430437
1919696,"February 3, 2021",Colorado,Oak Creek,200 block of Wild Hogg Dr,2,2,1,0,0,,40.2776939,-106.956408
1919399,"February 3, 2021",Tennessee,Memphis,800 block of Olympic St,1,3,0,0,0,,35.1608371,-90.01632339999999
1917918,"February 2, 2021",Florida,Fort Lauderdale (Sunrise),10100 Reflections Blvd W,2,3,1,0,0,,26.1763367,-80.2853554
1917909,"February 2, 2021",Oklahoma,Muskogee,903 Indiana St,6,1,0,0,1,,35.7320706,-95.3480517
1917661,"February 1, 2021",New York,Rochester,400 block of Lyell Ave,1,3,0,0,0,,43.16479229999999,-77.6363262
1916374,"January 30, 2021",New York,Albany,200 block of Central Ave,1,4,0,0,4,,42.662035,-73.76966709999999
1914798,"January 29, 2021",Pennsylvania,Mc Kees Rocks (Mckees Rocks),824 Island Ave,2,2,0,1,2,,40.4739333,-80.0631834
1914942,"January 28, 2021",Michigan,Flint,1900 block of Tebo St,1,4,0,0,0,,43.0075093,-83.64629959999999
1913708,"January 27, 2021",California,Santa Ana,1614 S Standard Ave,0,4,0,0,0,,33.7260858,-117.8568715
1911026,"January 25, 2021",District of Columbia,Washington,1406 Good Hope Rd SE,1,3,0,1,2,,38.8595984,-76.9680857
1910136,"January 24, 2021",Indiana,Indianapolis,3540 Adams St,5,1,0,0,1,,39.8211575,-86.10867370000001
1910619,"January 24, 2021",Nevada,Las Vegas,W Wilson Ave and H St,0,5,0,0,0,,36.1782074,-115.1518528
1909849,"January 22, 2021",Kentucky,Covington,217 E Martin Luther King Jr Blvd,0,5,0,0,1,,39.0781589,-84.50453879999999
1905423,"January 18, 2021",Pennsylvania,Tobyhanna,960 PA-196,0,4,0,0,5,,41.1889395,-75.3555512
1904063,"January 17, 2021",Arizona,Phoenix,2340 W Northern Ave,0,5,0,0,0,,33.5543579,-112.1092554
1904036,"January 17, 2021",Arizona,Phoenix,2236 E University Dr,1,6,0,0,0,,33.4245299,-112.0333969
1905360,"January 16, 2021",Illinois,Kankakee,600 block of N Evergreen Ave,0,4,0,1,1,,41.1255325,-87.85148079999999
1903058,"January 15, 2021",Pennsylvania,Philadelphia,5000 block of N 10th St,0,4,0,0,0,,40.0283885,-75.1402294
1899819,"January 11, 2021",Florida,Miami,2491 NE 58th St,0,4,0,0,0,,25.8285788,-80.1883945
1898261,"January 9, 2021",Illinois,Evanston,100 Asbury Ave,5,2,1,0,0,,42.019836,-87.6905503
1897878,"January 9, 2021",Texas,Houston,5828 Martin Luther King Blvd,1,3,0,0,0,,29.6965625,-95.33773
1896774,"January 7, 2021",District of Columbia,Washington,1300 block of Columbia Rd NW,0,5,0,0,0,,38.9274351,-77.0306145
1896384,"January 6, 2021",Texas,Livingston,201 Maple Ln,2,2,0,0,3,,30.6936587,-94.9288847
1896252,"January 6, 2021",Virginia,Manassas,10010 Ellis Rd,2,3,1,0,0,,38.7374352,-77.42864589999999
1894822,"January 4, 2021",Louisiana,New Orleans,1600 block of N Galvez St,0,4,0,0,0,,29.9757131,-90.0699066
1894979,"January 4, 2021",Florida,Tampa,1225 S 78th St,0,4,0,1,0,,27.9367999,-82.3690376
1894941,"January 4, 2021",Florida,Fort Lauderdale (Lauderhill),1828 NW 38th Ave,0,7,0,0,0,,26.1488122,-80.1995457
1893953,"January 3, 2021",Oregon,Gresham,NE 181st Ave and NE San Rafael St,0,4,0,0,1,,45.5371104,-122.4772394
1893327,"January 3, 2021",Texas,Houston,2900 Travis St,1,3,0,1,1,,29.7437558,-95.3771472
1893754,"January 3, 2021",Florida,Miami,3632 NW 25th Ave,0,6,0,0,0,,25.8096843,-80.2386226
1893601,"January 3, 2021",Louisiana,Shreveport,6900 block of Jewella Ave,2,3,0,0,0,,32.4440629,-93.7974275
1893877,"January 3, 2021",California,Santa Barbara,1200 block of Liberty St,2,2,0,0,0,,34.4215939,-119.6710195
1893744,"January 3, 2021",Florida,Miami,10525 NW 24th Ave,0,8,0,0,0,,25.8709895,-80.238946
1892034,"January 1, 2021",Arkansas,Fort Smith,3211 Towson Ave,0,6,0,1,1,,35.3528996,-94.42171909999999
1892704,"January 1, 2021",Texas,Amarillo,2650 Dumas Dr,1,3,0,0,1,,35.2418901,-101.8302841
1891720,"January 1, 2021",Illinois,Galesburg,1000 block of Monroe St,0,4,0,0,1,,40.95920599999999,-90.38174330000001
1892114,"January 1, 2021",Iowa,Sioux City,2637 S Walker St,1,4,0,0,3,,42.4629357,-96.3318087
2492253,"December 31, 2022",Alabama,Mobile,200 block of Dauphin St,1,7,0,1,1,,30.6915754,-88.04302799999999
2491656,"December 31, 2022",Arizona,Phoenix,4201 N 19th Ave,0,9,0,0,0,,33.4968069,-112.0995575
2491054,"December 30, 2022",Tennessee,Memphis,E Brooks Rd,1,3,0,0,0,,35.0616045,-90.0267516
2490925,"December 30, 2022",Texas,Humble,4800 block of Park Square Ln,2,3,0,0,0,,29.9378122,-95.2552073
2489614,"December 28, 2022",New York,Bronx,851 E Tremont Ave,1,3,0,0,2,,40.8433601,-73.88657239999999
2490150,"December 28, 2022",Texas,Dallas,9500 block of Scyene Rd,0,6,0,0,0,,32.7629504,-96.6597038
2488952,"December 27, 2022",District of Columbia,Washington,2300 block of Pennsylvania Ave SE,0,4,0,0,0,,38.8745641,-76.9718381
2489345,"December 27, 2022",Ohio,Columbus,900 block of Bellows Ave,0,5,0,0,0,,39.952209,-83.0233185
2489124,"December 27, 2022",California,Eureka,4000 block of Crane St,2,2,0,0,1,,40.76601369999999,-124.1765986
2488209,"December 26, 2022",Louisiana,New Orleans,2031 St Maurice Ave,2,4,0,0,1,,29.968738,-90.00533999999999
2487989,"December 24, 2022",Mississippi,Columbus,90 block of Luxapalila Dr,1,3,0,1,1,,33.5061839,-88.3985574
2487517,"December 23, 2022",Kansas,Wichita,900 block of S Mission Rd,2,2,0,0,2,,37.6719175,-97.2605243
2485011,"December 19, 2022",Florida,Lake City,NW Dixie Ave and NW Wright Ln,0,5,0,0,0,,30.1992248,-82.64189309999999
2484083,"December 18, 2022",California,Santa Ana,2112 S Main St,1,3,0,0,3,,33.7192165,-117.8682145
2483594,"December 18, 2022",Oklahoma,Oklahoma City,311 S Klein Ave,0,4,0,0,0,,35.4628896,-97.533497
2483489,"December 17, 2022",Georgia,Atlanta,3000 Continental Colony Pkwy SW,2,3,0,0,1,,33.6832385,-84.4908833
2483188,"December 16, 2022",Georgia,Valdosta,611 E Ann St,2,2,0,0,1,,30.8448508,-83.2776069
2482288,"December 16, 2022",Illinois,Chicago,2150 S Laflin St,2,2,0,0,1,,41.8530157,-87.6644329
2483108,"December 16, 2022",Texas,Dallas,2691 John West Rd,0,5,0,0,0,,32.8075055,-96.6688266
2482711,"December 16, 2022",Tennessee,Memphis,831 Springdale Run Dr,0,5,0,0,0,,35.1582742,-89.97399089999999
2480430,"December 13, 2022",New York,Rochester,Atlantic Ave and Illinois St,1,4,0,0,0,,43.1566751,-77.5607145
2479678,"December 12, 2022",New York,Bronx,388 E 141st St,0,4,0,0,0,,40.8108903,-73.9219976
2478664,"December 11, 2022",Illinois,Chicago,3235 N Central Ave,3,1,0,0,1,,41.9397315,-87.76622909999999
2478061,"December 9, 2022",Arizona,Phoenix,S 21st and W Burgess LN,1,3,0,0,0,,33.3893767,-112.1039762
2477622,"December 8, 2022",Michigan,Detroit,1114 Washington Blvd,0,4,0,0,0,,42.3321857,-83.050151
2477404,"December 8, 2022",Louisiana,New Orleans,4242 Chef Menteur Hwy,0,4,0,0,0,,30.0038243,-90.0389072
2475554,"December 6, 2022",New York,Bronx,Daly Ave and E 180th St,0,4,0,0,0,,40.8446353,-73.8816406
2475546,"December 6, 2022",Georgia,Macon,159 Steven Dr,3,1,0,0,0,,32.8258841,-83.7225924
2474143,"December 4, 2022",Illinois,Zion,1800 block of Horeb Ave,0,5,0,0,0,,42.4624268,-87.84939039999999
2472924,"December 1, 2022",Texas,San Antonio,4200 block of S Cibolo St,0,4,0,0,0,,29.4011429,-98.5258262
2471298,"November 30, 2022",Louisiana,Lake Charles,510 Broad St,0,8,0,0,0,,30.2286902,-93.21376769999999
2468642,"November 30, 2022",Alabama,Mobile,216 Dauphin St,0,4,0,0,2,,30.6914483,-88.0435876
2469354,"November 27, 2022",Florida,Tallahassee,2101 Wahnish Way,1,4,0,0,2,,30.4209775,-84.2889817
2468894,"November 27, 2022",Louisiana,New Orleans,200 block of Bourbon St,0,5,0,0,1,,29.954776,-90.06896599999999
2468745,"November 26, 2022",Georgia,Atlanta,117 17th St NW,2,4,0,0,6,,33.7916008,-84.3922126
2468325,"November 26, 2022",Illinois,Chicago,12700 block of S Halsted St,2,2,0,0,0,,41.6629234,-87.6418851
2468162,"November 25, 2022",Georgia,Atlanta,2700 block of Gresham Rd,0,0,1,3,0,,33.7093045,-84.3077083
2467661,"November 24, 2022",Texas,Houston,1511 Baggett Ln,2,2,0,0,1,,29.7978978,-95.4841343
2467743,"November 24, 2022",California,Costa Mesa,400 block of W Bay St,1,4,0,0,1,,33.6491597,-117.9162459
2466835,"November 23, 2022",Maryland,Temple Hills,2300 block of Iverson St,0,4,0,0,0,,38.833113,-76.9598899
2466431,"November 23, 2022",Pennsylvania,Philadelphia,1901 N 60th St,0,4,0,0,0,,39.9803663,-75.240859
2465761,"November 22, 2022",Virginia,Chesapeake,1521 Sam's Circle,6,6,1,0,0,,36.7736745,-76.2482514
2465213,"November 22, 2022",Florida,West Palm Beach,600 block of Snead Cir,2,2,0,0,1,,26.6871153,-80.12890019999999
2464943,"November 20, 2022",Oklahoma,Hennessey,2372 N 2760 Rd,4,1,0,0,1,,36.1396618,-98.0870104
2464272,"November 20, 2022",Texas,Dallas,2000 S Beckley Ave,0,4,0,0,0,,32.7237391,-96.8225659
2464352,"November 19, 2022",Illinois,Washington Park,Bunkum Rd and N 45th St,1,3,0,0,0,,38.6233165,-90.1023
2463882,"November 19, 2022",Mississippi,Philadelphia,560 Line St,1,6,0,0,1,,32.7617438,-89.1036451
2463465,"November 19, 2022",Colorado,Colorado Springs,3430 N Academy Blvd,5,19,0,0,1,,38.8811347,-104.7583764
2462457,"November 18, 2022",Virginia,Richmond,4275 Laurel Oak Rd,4,0,0,0,1,,37.3964927,-77.46766509999999
2458727,"November 13, 2022",Pennsylvania,Philadelphia,400 block of E Wyoming Ave,0,4,0,0,0,,40.0205978,-75.1181587
2458676,"November 13, 2022",North Carolina,Enfield,1662 Green Acres Rd,1,5,0,0,0,,36.2237951,-77.5916645
2459150,"November 13, 2022",Virginia,Charlottesville,130 Culbreth St,3,2,0,0,1,,38.0401837,-78.50413429999999
2458863,"November 13, 2022",Nebraska,Omaha,3347 Ames Ave,1,6,0,1,2,,41.2993473,-95.9636692
2458933,"November 12, 2022",California,Sacramento,4000 block of May St,0,4,0,0,0,,38.6404106,-121.443272
2459005,"November 12, 2022",Texas,Fort Worth,6655 Calgary Ln,0,4,0,0,1,,32.8065005,-97.4320638
2459259,"November 12, 2022",California,Indio,Lilac Ct and Golden Rod Dr,1,3,0,0,0,,33.708007,-116.2280949
2458467,"November 12, 2022",New Jersey,Paterson,50 Block of N Main St,0,4,0,0,0,,40.9241833,-74.1713609
2459156,"November 12, 2022",Tennessee,Memphis,S Goodlett St and Sheffield Ave,0,4,0,0,0,,35.0627796,-89.92158359999999
2458086,"November 11, 2022",New Jersey,Jersey City,Virginia Ave and Martin Luther King Dr,0,4,0,0,0,,40.708772,-74.0814561
2455710,"November 7, 2022",Texas,Mcallen (McAllen),4700 block of Jasmine Ave,0,4,0,0,1,,26.2175512,-98.2700046
2453865,"November 6, 2022",Illinois,Chicago,311 W Chicago Ave,1,3,0,0,1,,41.8963282,-87.636236
2453892,"November 6, 2022",Illinois,Chicago,5100 block of S Kolin Ave,0,5,0,0,0,,41.8004925,-87.7319464
2454565,"November 6, 2022",California,Tulare,Rd 84 and Ave 208,0,5,0,0,0,,36.16741,-119.3839693
2455484,"November 6, 2022",Florida,Gainesville,500 SW 2nd Ave,0,4,0,0,0,,29.6502555,-82.3295608
2454281,"November 5, 2022",New York,Buffalo,30 E Amherst St,0,4,0,0,0,,42.9406885,-78.8364864
2453744,"November 5, 2022",Pennsylvania,Philadelphia,853 E Allegheny Ave,0,9,0,0,0,,39.9968204,-75.11396909999999
2452673,"November 4, 2022",Florida,Orlando,10145 Myers Dr,4,1,0,1,1,,28.5614151,-81.2408454
2452798,"November 4, 2022",Maryland,La Plata,3018 Wildflower Dr,4,0,1,0,0,,38.53819,-76.9553033
2452501,"November 3, 2022",Illinois,Chicago,3700 block of W Chicago Ave,0,4,0,0,0,,41.8957396,-87.7190856
2451028,"November 2, 2022",Texas,Houston,2930 W Sam Houston Pkwy S,0,4,0,0,0,,29.7338541,-95.55449039999999
2451550,"November 2, 2022",Mississippi,Hattiesburg,W 5th St,2,3,0,0,2,,31.3326636,-89.3100554
2450360,"November 1, 2022",Colorado,Denver,1400 block of Verbena St,1,5,0,0,1,,39.7388678,-104.8903519
2450917,"November 1, 2022",Maryland,Baltimore,2000 block of W Pratt St,0,4,0,0,0,,39.285355,-76.648664
2449986,"October 31, 2022",Kansas,Kansas City,S 50th St and Elmwood Ave,1,6,0,0,1,,39.07064210000001,-94.6951625
2450557,"October 31, 2022",Illinois,East Saint Louis,935 St Louis Ave,2,3,0,0,0,,38.6236859,-90.152382
2449653,"October 31, 2022",Illinois,Chicago,S California Ave and W Polk St,1,13,0,0,0,,41.8710681,-87.69602259999999
2448898,"October 30, 2022",Tennessee,Memphis,3920 Park Ave,1,3,0,0,2,,35.1078744,-89.9319398
2448366,"October 30, 2022",Colorado,Aurora,900 block of N Geneva St,4,0,0,0,1,,39.7801404,-104.8688589
2448287,"October 30, 2022",Pennsylvania,Philadelphia,601 Spring Garden St,0,6,0,0,0,,39.9615555,-75.14843330000001
2448361,"October 30, 2022",California,Covina,17000 block of E Bellbrook St,2,2,0,0,3,,34.0982352,-117.9165414
2448372,"October 30, 2022",South Carolina,Charleston,1900 Hazelwood Dr,0,4,0,0,1,,32.8012805,-80.0282244
2448015,"October 29, 2022",Florida,Orlando,8204 Crystal Clear Ln,0,6,0,0,1,,28.4484686,-81.4007125
2448330,"October 29, 2022",Florida,Tallahassee,2101 W Pensacola St,1,8,0,1,4,,30.440239,-84.3198951
2447980,"October 28, 2022",Ohio,Toledo,Junction Ave and Belmont Ave,2,2,0,0,0,,41.6482423,-83.57716649999999
2447379,"October 28, 2022",Pennsylvania,Pittsburgh,3737 Brighton Rd,0,5,0,0,2,,40.484079,-80.0363744
2447217,"October 27, 2022",Oklahoma,Broken Arrow,425 S Hickory Ave,7,0,1,0,0,,36.0473241,-95.8020501
2445686,"October 25, 2022",Ohio,Hamilton,700 block of S 2nd St,2,2,0,0,0,,39.3929524,-84.564894
2445939,"October 25, 2022",North Carolina,Greensboro,900 block of Circle Dr,2,4,0,0,0,,36.0835056,-79.773404
2443879,"October 24, 2022",Missouri,Saint Louis,3125 S Kingshighway Blvd,2,4,1,0,0,,38.6048115,-90.2711697
2443849,"October 24, 2022",Illinois,Chicago,3200 block of W 30th St,1,3,0,0,0,,41.83906090000001,-87.7048918
2443627,"October 23, 2022",Texas,Brownsville,1200 block of W Saint Francis St,0,5,0,0,0,,25.9158908,-97.51757219999999
2443194,"October 23, 2022",Illinois,Chicago,4300 block of S Kedzie Ave,3,2,0,0,0,,41.81525449999999,-87.7045718
2443276,"October 23, 2022",Wisconsin,Milwaukee,N 34th St and W Wright St,0,4,0,0,0,,43.0642671,-87.95628330000001
2442695,"October 22, 2022",Wisconsin,Milwaukee,W Fond Du Lac and W Hoyt Pl,0,6,0,0,0,,43.0873218,-87.97315760000001
2443257,"October 22, 2022",North Carolina,Oxford,100 block of Granville St,0,6,0,0,0,,36.3100603,-78.5922085
2443287,"October 22, 2022",Georgia,Cordele,1309 16th Ave E,0,4,0,0,1,,31.9621146,-83.7614086
2443231,"October 22, 2022",Arizona,Phoenix,6330 W Miami St,1,7,0,0,0,,33.4188842,-112.1972352
2450590,"October 21, 2022",Mississippi,Cleveland,511 Lee St,1,3,0,0,0,,33.7391826,-90.71832630000002
2442632,"October 21, 2022",Louisiana,New Orleans,2200 block of N Galvez St,1,3,0,0,0,,29.9785076,-90.0572574
2442008,"October 21, 2022",Louisiana,Baton Rouge,636 Harding Blvd,0,11,0,0,3,,30.5196864,-91.19123259999999
2444683,"October 21, 2022",Wisconsin,Hartland,700 Mansfield Court,4,0,2,0,0,,43.097171,-88.329072
2441540,"October 20, 2022",Ohio,Cleveland,4497 State Rd,0,5,0,0,0,,41.4319024,-81.7068784
2439423,"October 17, 2022",Virginia,Woodbridge,5297 Mansfield Ct,4,0,0,0,1,,38.6519583,-77.3667732
2438904,"October 16, 2022",Texas,El Paso,8500 block of Dyer St,1,3,0,0,1,,31.8579454,-106.4324372
2438505,"October 16, 2022",Georgia,Atlanta,223 James P Brawley Dr SW,0,4,0,0,0,,33.7482561,-84.4130399
2439294,"October 16, 2022",California,Lancaster,44236 20th St E,0,4,0,0,2,,34.6869773,-118.093979
2438461,"October 16, 2022",Virginia,Harrisonburg,1500 block of Devon Ln,0,8,0,0,1,,38.4220548,-78.8770053
2438121,"October 15, 2022",Colorado,Denver,900 Dakin St,1,7,0,0,0,,39.8343324,-104.9981377
2438154,"October 15, 2022",Massachusetts,Worcester,88 Webster St,0,6,0,0,3,,42.2417462,-71.83388169999999
2438494,"October 15, 2022",New York,Freeport,Babylon Tpke and Independence Ave,0,4,0,0,0,,40.66906669999999,-73.576486
2438482,"October 15, 2022",Pennsylvania,Pittsburgh,300 block of Cedar Ave,3,1,0,0,0,,40.45114299999999,-80.000679
2437284,"October 14, 2022",Pennsylvania,Philadelphia,Willard St and Shelbourne St,0,4,0,0,0,,39.9977433,-75.1135366
2436826,"October 13, 2022",North Carolina,Raleigh,5300 block of Sahalee Way,5,2,0,1,1,,35.8106339,-78.53919390000001
2437177,"October 13, 2022",North Carolina,New Bern,2100 block of New Bern Ave,0,4,0,0,0,,35.09624,-77.06756
2437630,"October 13, 2022",Alabama,Lanett,1912 50th Ave SW,0,6,0,0,0,,32.842779,-85.244891
2434847,"October 10, 2022",California,Delano,County Line Road and Road 136,1,3,0,0,0,,35.7904095,-119.2681274
2434247,"October 9, 2022",South Carolina,Inman,280 Bobo Dr,5,0,0,0,1,,35.0189808,-82.07439629999999
2434128,"October 9, 2022",Florida,Miami,525 NE 150th St,1,3,0,0,0,,25.913155,-80.1889595
2439284,"October 9, 2022",Oklahoma,Henryetta,US-75 and Catalpa Rd,4,0,0,0,1,,35.5403622,-95.9518688
2434326,"October 9, 2022",Arkansas,Jacksonville,300 Marshall Rd,1,3,0,0,0,,34.8701386,-92.1288593
2433539,"October 9, 2022",Florida,Tampa,908 N Franklin St,1,6,0,0,2,,27.9516671,-82.4599451
2434062,"October 9, 2022",Texas,Beaumont,2550 I-10 Frontage Rd,0,5,0,0,0,,30.0969637,-94.12694239999999
2440211,"October 8, 2022",Alabama,Hurtsboro,Ross Rd,2,2,0,0,0,,32.2357685,-85.4420827
2434151,"October 8, 2022",Missouri,Saint Joseph,302 Illinois Ave,0,4,0,0,0,,39.7182973,-94.8656013
2433352,"October 8, 2022",California,Berkeley,2400 Durant Ave,1,3,0,0,2,,37.8671726,-122.2603606
2432772,"October 7, 2022",Oregon,Portland,SE 92nd Ave and Powell Blvd,0,4,0,0,0,,45.4973327,-122.5685145
2432893,"October 7, 2022",Texas,Fort Worth,1200 block of Jessamine St,4,0,0,0,0,,32.7180268,-97.3122738
2431842,"October 6, 2022",Kentucky,Louisville,5000 block of East Indian Trail,0,4,0,0,0,,38.1817772,-85.6705005
2431594,"October 6, 2022",District of Columbia,Washington,1200 North Capitol St NW,1,3,0,0,0,,38.9061745,-77.00996169999999
2431069,"October 5, 2022",Texas,Baytown,2000 block of Tri City Beach Rd,4,2,1,0,0,,29.700184,-94.9438571
2428950,"October 2, 2022",Tennessee,Nashville,600 block of S 7th St,0,4,0,0,0,,36.1676316,-86.7573103
2428715,"October 2, 2022",Washington,Seattle,4300 block of University Way NE,0,4,0,0,0,,47.6599251,-122.3128745
2427999,"October 1, 2022",Pennsylvania,Philadelphia,5000 block of Frankford Ave,0,4,0,0,0,,40.0207759,-75.0803695
2428678,"October 1, 2022",California,Oakland,988 Apgar St,2,2,0,0,2,,37.8291907,-122.2773157
2427775,"September 30, 2022",Oklahoma,Tulsa,4929 N Peoria Ave,1,3,0,0,1,,36.2253893,-95.97433269999999
2428456,"September 30, 2022",Mississippi,Marks,1st St and W Main St,0,5,0,0,0,,34.2569765,-90.2776784
2426627,"September 29, 2022",Texas,Mc Gregor,901 S Monroe St,5,0,0,1,1,,31.4330549,-97.4054508
2426042,"September 28, 2022",California,Oakland,8251 Fontaine St,1,5,0,0,0,,37.7655636,-122.1536099
2425825,"September 28, 2022",Ohio,Columbus,1680 Karl Ct,0,5,0,0,1,,40.0854263,-82.9738721
2425799,"September 28, 2022",Maryland,Baltimore,5500 block of Bowleys Ln,0,4,0,0,0,,39.319212,-76.55152
2426382,"September 28, 2022",Alabama,Uniontown,100-104 Birch Rd,0,4,0,1,0,,32.4898254,-87.5761126
2425393,"September 27, 2022",New York,Corona (Queens),88-01 Atlantic Ave,0,4,0,0,0,,40.6860837,-73.853117
2426137,"September 27, 2022",New York,New York (Manhattan),W 116th St and 7th Ave,0,4,0,0,0,,40.80319739999999,-73.9524508
2426061,"September 27, 2022",North Carolina,Goldsboro,1200 block of Olivia Ln,0,4,0,0,0,,35.3706829,-77.9836619
2425839,"September 27, 2022",Florida,Jacksonville,A Philip Randolph Blvd and Union St,0,4,0,0,0,,30.3312859,-81.6424703
2425199,"September 27, 2022",Pennsylvania,Philadelphia,6498 Ridge Ave,1,4,0,0,5,,40.037329,-75.2230651
2423747,"September 25, 2022",Pennsylvania,Harrisburg,2300 block of Woodlawn St,0,4,0,0,5,,40.2588368,-76.8467746
2423338,"September 25, 2022",Indiana,Hammond,6217 Kennedy Ave,1,3,0,0,0,,41.6005067,-87.4613001
2423538,"September 24, 2022",Ohio,Columbus,E 5th Ave and Osborn Ave,1,3,0,0,0,,39.9845313,-82.91268509999999
2423331,"September 24, 2022",Georgia,Louisville,Forrest Dr,1,3,0,0,0,,33.0009706,-82.4145422
2421430,"September 22, 2022",Illinois,Chicago,E 35th St and S Prairie Ave,0,4,0,0,0,,41.8310786,-87.6205485
2420406,"September 20, 2022",New York,Mount Vernon,333 S 8th Ave,0,4,0,0,0,,40.9023271,-73.8373932
2420637,"September 20, 2022",Michigan,Niles,620 N 6th St,2,3,0,0,0,,41.8343446,-86.25275889999999
2419473,"September 19, 2022",Georgia,Swainsboro,N Coleman St,1,3,0,0,0,,32.6062067,-82.3387066
2417634,"September 18, 2022",New York,Corona (Queens),41st Ave and Warren St,1,3,0,0,1,,40.7473244,-73.8693421
2417641,"September 18, 2022",Wisconsin,Kenosha,2232 Roosevelt Rd,2,2,0,0,1,,42.57677,-87.8366755
2417863,"September 18, 2022",Nevada,Las Vegas,4800 block of Holt Ave,0,5,0,0,1,,36.1982533,-115.0691155
2417696,"September 18, 2022",Michigan,Allendale,10295 48th Ave,0,4,0,0,1,,42.9545169,-85.9060435
2417293,"September 17, 2022",Missouri,Blue Springs,US 40 and Adams Dairy Pkwy,0,5,0,0,0,,39.0131934,-94.2538498
2416762,"September 17, 2022",Minnesota,Minneapolis,Hennepin Ave and N 8th St,0,5,0,0,0,,44.9772034,-93.2759092
2416625,"September 16, 2022",Wisconsin,Milwaukee,4100 block of N 13th St,0,4,0,1,1,,43.09128219999999,-87.92700359999999
2414276,"September 14, 2022",Wisconsin,Milwaukee,1300 block of E Hamilton St,0,4,0,0,0,,43.0543911,-87.89493399999999
2415614,"September 14, 2022",Florida,Miami (North Miami),NW 10th Ave and NW 131st St,0,5,0,0,0,,25.8945179,-80.2150585
2414858,"September 14, 2022",California,Los Angeles,312 E 5th St,0,4,0,0,0,,34.0444113,-118.2454228
2414080,"September 13, 2022",Illinois,Chicago,5531 S King Dr,2,7,0,0,0,,41.7934569,-87.6155009
2415479,"September 13, 2022",California,Oakland,92nd Ave and Peach St,0,4,0,0,0,,37.7531773,-122.1641364
2413596,"September 12, 2022",Oklahoma,Oklahoma City,1400 block of S Indiana Ave,0,4,0,0,0,,35.4518793,-97.54069489999999
2412198,"September 11, 2022",Michigan,Detroit,13000 block of E Warren Ave,0,4,0,0,0,,42.3922999,-82.9666775
2412164,"September 11, 2022",New Mexico,Santa Fe,Paseo Feliz,0,5,0,0,2,,35.6119667,-106.0671576
2412487,"September 11, 2022",North Carolina,Durham,4400 block of NC-55,1,3,0,0,0,,35.8309437,-78.8783256
2411871,"September 10, 2022",Kentucky,Lexington,Georgetown Rd and Parallel Rd,0,4,0,0,0,,38.08814539999999,-84.5114345
2411801,"September 10, 2022",Indiana,Plainfield,2688 E Main St,2,2,0,0,0,,39.7200794,-86.3526066
2411007,"September 9, 2022",New York,Bronx,810 Astor Ave,0,4,0,0,0,,40.8591713,-73.86335919999999
2410446,"September 9, 2022",Maryland,Elk Mills,47 Hebron Ct,4,0,1,0,0,,39.661138,-75.8365227
2411901,"September 9, 2022",Minnesota,Minneapolis,328 W Broadway Ave,1,3,0,0,0,,44.9993638,-93.2847773
2410704,"September 8, 2022",Minnesota,Minneapolis,626 W Broadway Ave,0,4,0,0,0,,44.99950279999999,-93.28755819999999
2410269,"September 8, 2022",California,Los Angeles,4th St and Broadway,0,4,0,0,0,,34.0549076,-118.242643
2408990,"September 7, 2022",Tennessee,Memphis,3100 block of Lyndale Ave,3,3,0,0,1,,35.1559467,-89.9579636
2406998,"September 5, 2022",Georgia,Hartwell,1541 Anderson Hwy,2,2,0,0,0,,34.3543485,-82.90447759999999
2407734,"September 5, 2022",Missouri,Kansas City,7320 Manchester Ave,2,2,0,0,0,,38.9911543,-94.4974225
2406862,"September 5, 2022",Ohio,Cleveland,13902 Euclid Ave,1,10,0,0,1,,41.5263797,-81.5857736
2407739,"September 5, 2022",Missouri,Saint Louis,4400 block of Red Bud Ave,1,3,0,0,0,,38.67513810000001,-90.2264507
2406852,"September 5, 2022",Pennsylvania,Philadelphia,W Russell St and N 8th St,2,4,0,0,0,,40.0038663,-75.1426844
2406108,"September 4, 2022",Virginia,Norfolk,5005 Killam Ave,2,5,0,0,0,,36.8890008,-76.2979079
2406123,"September 4, 2022",South Carolina,Charleston,King St and Morris St,0,7,0,0,4,,32.790491,-79.93949049999999
2406656,"September 4, 2022",Florida,Fort Lauderdale (Lauderdale Lakes),3050 NW 41st St,0,4,0,0,0,,26.1784862,-80.1840192
2406597,"September 4, 2022",Minnesota,Saint Paul,951 Case Ave E,3,2,0,0,1,,44.9705158,-93.06028760000001
2406651,"September 4, 2022",Illinois,Chicago,8600 block of S Kingston Ave,2,2,0,0,0,,41.7389327,-87.56265189999999
2405689,"September 3, 2022",California,Chico,1500 block of W 5th St,0,5,0,0,1,,39.719579,-121.8509257
2405866,"September 3, 2022",Illinois,Yorkville,8400 block of Immanuel Rd,0,4,0,0,0,,41.6033647,-88.4538396
2406042,"September 3, 2022",Alabama,Birmingham,100 block of 3rd Ave W,2,2,0,0,0,,33.5069402,-86.8376535
2405859,"September 3, 2022",Maryland,Capitol Heights,1428 Ritchie Rd,1,3,0,0,0,,38.8694284,-76.8553925
2405239,"September 2, 2022",California,Fresno,Effie St and Grant Ave,2,2,0,1,0,,36.7486376,-119.7882791
2405020,"September 2, 2022",Minnesota,Minneapolis,700 W Broadway Ave,0,4,0,0,0,,44.9996859,-93.2883472
2404930,"September 2, 2022",New York,Brooklyn,223 Russell St,0,4,0,0,0,,40.7311519,-73.94529349999999
2400998,"August 29, 2022",Missouri,Saint Louis (Jennings),8800 block of Cozens Ave,0,4,0,0,0,,38.7265292,-90.25895659999999
2399774,"August 28, 2022",Wisconsin,Clinton,9221 E Little Ln,0,4,0,0,0,,42.574,-88.8629176
2400434,"August 28, 2022",Oregon,Bend,2650 NE Hwy 20,2,2,1,0,0,,44.0578711,-121.2646015
2399820,"August 28, 2022",New York,Albany,Hamilton St and Ontario St,0,6,0,0,0,,42.661427,-73.781269
2399670,"August 28, 2022",Colorado,Denver,2731 42nd Ave,1,3,0,0,0,,39.7753104,-104.9535202
2399839,"August 28, 2022",California,Los Angeles,2471 Whittier Blvd,0,6,0,0,1,,34.0338229,-118.2141724
2400026,"August 28, 2022",Michigan,Detroit,Wyoming Ave and W 7-Mile Rd,3,1,0,0,1,,42.4313671,-83.16095469999999
2400492,"August 28, 2022",Arizona,Phoenix,21636 N 26th Ave,2,5,1,0,0,,33.6829871,-112.1160553
2399755,"August 28, 2022",Texas,Houston,8021 Dunlap St,3,2,1,0,0,,29.6923725,-95.49406680000001
2399576,"August 27, 2022",New York,Brooklyn,W 29th St and Boardwalk W,1,4,0,0,0,,40.5733576,-73.9782364
2399000,"August 27, 2022",Washington,Spokane,302 W Queen Ave,1,3,0,0,3,,47.7065023,-117.4139147
2398877,"August 27, 2022",Kentucky,Lexington,207 Legends Ln,0,7,0,0,0,,38.0651005,-84.47863029999999
2398004,"August 25, 2022",Kentucky,Henderson,804 Clay St,2,2,0,0,1,,37.8303176,-87.5883707
2397504,"August 25, 2022",Washington,Spokane,701 N Chestnut St,0,4,0,0,0,,47.6639628,-117.4434354
2398118,"August 25, 2022",Alabama,Birmingham,8th St W and Finley Blvd,1,3,0,0,0,,33.530428,-86.848624
2396803,"August 24, 2022",Illinois,Chicago,3591 N Milwaukee Ave,0,4,0,0,0,,41.946053,-87.7349529
2396536,"August 24, 2022",District of Columbia,Washington,27 O Street NW,2,3,0,0,0,,38.9087923,-77.01025
2397033,"August 24, 2022",Wisconsin,Milwaukee,2622 N 22nd St,2,2,1,0,0,,43.0665711,-87.93973989999999
2396567,"August 24, 2022",Maryland,Baltimore,Park Heights Ave and Shirley Ave,1,6,0,0,0,,39.3344701,-76.6626534
2396124,"August 23, 2022",Pennsylvania,Philadelphia,N 60th St and Race St,2,2,0,0,0,,39.965065,-75.2401182
2393474,"August 20, 2022",Delaware,Wilmington,Tatnall St and W 27th St,0,4,0,0,0,,39.7557918,-75.53566049999999
2393051,"August 20, 2022",North Carolina,Asheville,11 Grove St,0,4,0,0,0,,35.593362,-82.5578621
2392698,"August 20, 2022",Illinois,Chicago,6200 block of S Michigan Ave,0,5,0,0,0,,41.7817504,-87.622136
2392494,"August 19, 2022",Illinois,Chicago,3300 block of W Flournoy St,1,4,0,0,0,,41.8729232,-87.7086676
2391779,"August 19, 2022",Illinois,Chicago,5200 block of S Green St,0,4,0,0,0,,41.7996138,-87.646878
2391353,"August 18, 2022",Virginia,Norfolk,7433 Fenner St,3,2,0,0,0,,36.9095298,-76.2550342
2390519,"August 17, 2022",Illinois,Chicago,7321 S Union Ave,0,4,0,0,0,,41.7609295,-87.6415765
2391042,"August 17, 2022",Pennsylvania,Philadelphia,2800 block of Bonsal St,0,4,0,0,3,,39.9975082,-75.1693848
2398608,"August 16, 2022",Michigan,Paw Paw,126 E Michigan Ave,0,4,0,0,1,,42.2174518,-85.89183609999999
2389775,"August 16, 2022",Pennsylvania,Philadelphia,5700 Haverford Ave,0,5,0,0,3,,39.9669237,-75.2346696
2388884,"August 16, 2022",Tennessee,Memphis,Austin Peay Hwy and New Covington Pike,0,6,0,0,0,,35.2350953,-89.8952979
2386954,"August 14, 2022",Arizona,Phoenix,4601 E Granada Rd,1,4,0,0,0,,33.4680093,-111.9819257
2386871,"August 14, 2022",Illinois,Chicago,1800 block of W 78th St,1,4,0,0,0,,41.75212,-87.6683564
2386878,"August 14, 2022",Maryland,Baltimore,5100 block of Harford Rd,1,3,0,0,0,,39.3482911,-76.5652612
2388144,"August 13, 2022",Ohio,Cleveland,7500 block of Bessemer Ave,1,4,0,0,0,,41.4672708,-81.6352809
2386032,"August 13, 2022",North Carolina,Raleigh,2414 Paula St,0,6,0,0,0,,35.8141885,-78.624822
2387010,"August 13, 2022",Georgia,Atlanta (College Park),5420 Riverdale Rd,1,4,0,0,0,,33.6060522,-84.430402
2386151,"August 13, 2022",Washington,Renton,1501 Orcas Ave,0,4,0,0,0,,47.4953785,-122.1420319
2385789,"August 12, 2022",Pennsylvania,Philadelphia,5300 block of Charles St,1,3,0,0,0,,40.0200018,-75.07298209999999
2385846,"August 12, 2022",Missouri,Saint Louis,5166 Dr Martin Luther King Dr,1,3,0,0,0,,38.665162,-90.2670923
2383958,"August 10, 2022",Mississippi,Winona,613 Powell St,1,3,0,0,0,,33.4778038,-89.7375272
2382827,"August 8, 2022",Virginia,Richmond,3100 Carolina Ave,0,4,0,0,0,,37.573567,-77.4202397
2380747,"August 7, 2022",Ohio,Cincinnati,1323 Main St,0,8,0,1,2,,39.11051459999999,-84.5122578
2381371,"August 7, 2022",Pennsylvania,Pittsburgh,1700 block of Brighton Pl,1,3,0,0,5,,40.4583982,-80.0171113
2381321,"August 7, 2022",Georgia,Atlanta,477 Windsor St SW,2,4,0,0,0,,33.7411271,-84.3997425
2381000,"August 7, 2022",Alabama,Birmingham,800 block of 2nd Ave N,1,4,0,0,1,,33.5075609,-86.822733
2380361,"August 6, 2022",Michigan,Detroit,Saratoga St and Gratiot Ave,1,4,0,0,1,,42.432365,-82.9795154
2380869,"August 6, 2022",Michigan,Detroit,19000 block of Andover St,1,6,0,0,0,,42.4323748,-83.099138
2380783,"August 6, 2022",Pennsylvania,Duquesne,Orchard Park Ave and Ridge St,0,4,0,0,0,,40.36312849999999,-79.8471646
2379316,"August 5, 2022",Virginia,Norfolk,216 E Plume St,0,4,0,0,1,,36.8471738,-76.290587
2379499,"August 5, 2022",Ohio,Dayton,7120 Hardwicke Pl,4,0,0,0,1,,39.8502666,-84.2158929
2380017,"August 5, 2022",Wisconsin,Milwaukee,N 91st St and W Allyn St,0,4,0,0,0,,43.1824751,-88.02411359999999
2378851,"August 4, 2022",Tennessee,Nashville,371 Hickory Trace Dr,1,3,0,0,1,,36.0475159,-86.7180786
2379020,"August 4, 2022",Nebraska,Laurel,503 Elm St,4,0,0,0,1,,42.4255892,-97.0908439
2377855,"August 3, 2022",California,Panorama City,Parthenia St and Tobias Ave,1,4,0,0,1,,34.2279677,-118.4516706
2377529,"August 3, 2022",Florida,Miami,10000 SW 173rd Terrace,0,5,0,0,0,,25.6084708,-80.3523566
2376380,"August 2, 2022",New York,Albany,Central Ave and Lexington Ave,0,5,0,0,0,,42.66011839999999,-73.7671957
2377338,"August 2, 2022",Florida,Orlando,9873 Lake District Ln,4,0,1,0,0,,28.4233334,-81.2371625
2375725,"August 1, 2022",California,Paramount,13801 Paramount Blvd,1,3,0,0,0,,33.910511,-118.1609526
2375886,"August 1, 2022",District of Columbia,Washington,444 16th St NE,1,5,0,0,0,,38.8964249,-76.9824427
2376028,"August 1, 2022",Ohio,Columbus,176 Rumsey Rd,2,2,0,1,0,,39.8942048,-82.9910048
2374750,"July 31, 2022",Indiana,South Bend,St Joseph St and Milton St,0,4,0,0,0,,41.6548329,-86.247886
2374430,"July 31, 2022",Florida,Orlando,Wall St and S Orange Ave,0,7,0,0,0,,28.5426201,-81.37906219999999
2374337,"July 31, 2022",Michigan,Detroit,11637 Coyle St,2,6,0,0,1,,42.3733057,-83.1934845
2374401,"July 31, 2022",Indiana,Indianapolis,Broad Ripple Ave and Guilford Ave,0,4,0,0,1,,39.86972,-86.14297599999999
2374990,"July 31, 2022",Illinois,Decatur,2874 N Dinneen St,1,3,0,0,0,,39.8751153,-88.93141589999999
2375097,"July 31, 2022",Connecticut,Hartford,1994 Main St,0,4,0,0,0,,41.78183,-72.6756297
2373924,"July 30, 2022",Louisiana,Monroe,2000 Peach St,1,3,0,0,0,,32.4987828,-92.089626
2373692,"July 30, 2022",Illinois,Wheeling,800 block of Fletcher Dr,0,5,0,0,0,,42.1319354,-87.9367979
2373859,"July 30, 2022",Georgia,Girard,232 Claxton Rd,1,4,0,0,2,,33.055079,-81.7372109
2373050,"July 29, 2022",Maryland,Baltimore,3100 block of W North Ave,2,2,0,0,0,,39.3093071,-76.66952309999999
2373646,"July 29, 2022",New Mexico,Albuquerque,4303 Estancia Dr NW,1,4,0,0,0,,35.1311057,-106.7089254
2373607,"July 29, 2022",Ohio,Cleveland,E 154th St and Harvard Ave,1,3,0,0,0,,41.4497702,-81.5730829
2373111,"July 29, 2022",Florida,Miami,10875 SW 216th St,0,4,0,0,0,,25.567513,-80.36713639999999
2370760,"July 27, 2022",Georgia,Macon,624 Forest Hill Rd,2,2,0,0,2,,32.8765528,-83.69686639999999
2371416,"July 27, 2022",Louisiana,Hahnville,300 block of Sycamore St,1,3,0,0,0,,29.9741163,-90.4103408
2369720,"July 25, 2022",Louisiana,New Orleans,2000 block of Saint Andrew St,0,4,0,0,0,,29.9388336,-90.08202770000001
2368110,"July 24, 2022",South Carolina,Bennettsville,614 Hwy 15-401 Bypass E,1,3,0,0,6,,34.615754,-79.66235549999999
2368575,"July 24, 2022",California,San Pedro,560 N Western Ave,2,6,0,0,4,,33.7517122,-118.3061376
2368029,"July 24, 2022",Georgia,Atlanta,1695 Northside Dr NW,0,8,0,0,0,,33.8011038,-84.4075613
2368308,"July 24, 2022",Texas,Fort Worth,2350 S Riverside Dr,1,3,0,0,0,,32.7188727,-97.3046983
2367984,"July 23, 2022",Virginia,Richmond,2220 Broad Rock Blvd,0,5,0,0,0,,37.4863826,-77.4765396
2367664,"July 23, 2022",Texas,El Paso,14100 block of Honey Point Dr,0,4,0,0,3,,31.7889699,-106.2324719
2367289,"July 23, 2022",North Carolina,Pinebluff,212 Primrose Path,1,4,0,0,1,,35.0825318,-79.47053629999999
2367193,"July 23, 2022",Washington,Renton,100 block of Logan Ave S,1,6,0,0,0,,47.482647,-122.2089272
2368018,"July 23, 2022",Illinois,Chicago,5400 block of S Paulina St,0,4,0,0,0,,41.79570469999999,-87.6673308
2367176,"July 23, 2022",Illinois,Chicago,2700 block of W Jackson Blvd,0,4,0,0,0,,41.877728,-87.69394299999999
2367157,"July 23, 2022",Illinois,Rockford,1401 N 2nd St,2,2,0,0,4,,42.2825966,-89.06821479999999
2367972,"July 23, 2022",Michigan,Kalamazoo,1300 block of N Church St,0,9,0,0,0,,42.303401,-85.5864023
2366273,"July 21, 2022",California,Los Angeles,210 W 7th St,0,5,0,0,0,,34.044643,-118.2528094
2363589,"July 19, 2022",Nebraska,Lincoln,2835 T St,0,4,0,0,0,,40.818877,-96.6800501
2362912,"July 18, 2022",Georgia,Atlanta,440 Thomasvillle Blvd,1,4,0,0,0,,33.7057314,-84.3589755
2362595,"July 17, 2022",Washington,Mount Vernon,2301 Freeway Dr,0,5,0,0,3,,48.44164900000001,-122.3462924
2362141,"July 17, 2022",New York,Brooklyn,265 Livonia Ave,0,4,0,0,1,,40.6631496,-73.90835349999999
2362011,"July 17, 2022",Indiana,Greenwood,1251 US Hwy 31 N,3,2,1,0,0,,39.6330413,-86.1235722
2362215,"July 17, 2022",Indiana,Beech Grove,1100 S 9th Ave,1,3,0,0,0,,39.703409,-86.0921066
2361609,"July 17, 2022",Michigan,Grand Rapids,77 Cesar E Chavez Ave SW,0,4,0,0,0,,42.9610762,-85.67387389999999
2361654,"July 17, 2022",Georgia,Milledgeville,Leo Ct and Nobles Ct,0,5,0,0,0,,33.1071971,-83.24557229999999
2362282,"July 17, 2022",New Jersey,Newark,751 Broadway,0,4,0,0,0,,40.7754987,-74.1585664
2362562,"July 17, 2022",Washington,Vancouver,E 11th St and E McLoughlin Blvd,2,2,0,0,0,,45.6290029,-122.6312733
2361532,"July 16, 2022",District of Columbia,Washington,200 block of Adams St NE,1,3,0,0,0,,38.9204036,-77.0033574
2360953,"July 16, 2022",Ohio,Columbus,3475 Sullivant Ave,2,2,0,0,0,,39.9418594,-83.0919574
2361097,"July 16, 2022",South Carolina,North Charleston,8440 Dorchester Rd,0,4,0,0,0,,32.9163595,-80.1084968
2361614,"July 16, 2022",Texas,Houston,2331 Bammelwood Dr,4,0,0,0,1,,30.0015787,-95.46184509999999
2362355,"July 16, 2022",Louisiana,Monroe,2200 block of Adams St,0,5,0,0,0,,32.5153752,-92.0974739
2361490,"July 16, 2022",Pennsylvania,Philadelphia,1300 block of E Luzerne St,0,4,0,0,0,,40.0074972,-75.1026972
2359843,"July 14, 2022",Illinois,Chicago,4400 block of W Maypole St,0,4,0,0,0,,41.8848484,-87.7359553
2359229,"July 14, 2022",Pennsylvania,Philadelphia,1901 Spring Garden St,0,4,0,0,0,,39.9637177,-75.1694725
2358938,"July 13, 2022",Pennsylvania,Philadelphia,Wyalusing Ave and N Creighton St,0,4,0,0,0,,39.9696043,-75.2246318
2358861,"July 13, 2022",Indiana,Indianapolis,3629 Merrick Way,1,3,0,0,0,,39.8221703,-86.21563619999999
2358856,"July 13, 2022",Minnesota,Minneapolis,1818 Lowry Ave N,0,4,0,0,0,,45.0133861,-93.3028753
2358329,"July 12, 2022",Massachusetts,Boston,39 Warren St,0,4,0,0,0,,42.3293319,-71.0834899
2358053,"July 11, 2022",Mississippi,Jackson,Fairway St and Suncrest Dr,0,4,0,0,1,,32.2568061,-90.2604398
2356705,"July 10, 2022",Illinois,Crest Hill,1828 Knapp Dr,1,4,0,0,0,,41.5558541,-88.1206744
2356327,"July 10, 2022",Missouri,Kansas City,4128 Broadway Blvd,1,5,0,0,1,,39.0522351,-94.5900654
2355580,"July 10, 2022",California,Downey,8100 block of Leeds St,3,2,0,0,0,,33.9240446,-118.1496751
2355398,"July 10, 2022",New York,Brooklyn,The Boardwalk and W 21st St,0,5,0,0,0,,40.575677,-73.9878368
2356813,"July 10, 2022",Texas,Alvin,1500 block of County Road 149,1,3,0,0,0,,29.442149,-95.2682941
2355438,"July 10, 2022",Illinois,Chicago,448 N State St,0,4,0,0,0,,41.8907576,-87.62822469999999
2355962,"July 9, 2022",Alabama,Jacksons Gap,Manoy Dr,0,4,0,0,1,,32.8854344,-85.7964901
2354111,"July 8, 2022",North Carolina,Greensboro,1200 block of Fairview St,0,4,0,0,0,,36.0907319,-79.77372290000001
2354825,"July 8, 2022",Michigan,Detroit,3400 block of 2nd Ave,0,4,0,0,0,,42.34363889999999,-83.0622466
2353847,"July 7, 2022",Illinois,Chicago,2800 block of W Polk St,0,4,0,0,0,,41.8712333,-87.6961666
2352780,"July 6, 2022",Florida,Tampa,Courtland St N and Chelsea St E,0,4,0,0,1,,27.9851401,-82.4130654
2352444,"July 6, 2022",Illinois,Chicago,1820 W Maypole Ave,0,4,0,0,0,,41.8843188,-87.67273259999999
2352349,"July 6, 2022",Minnesota,Saint Cloud,Sixth Ave S and 11th St S,0,4,0,0,3,,45.5483111,-94.1559158
2352342,"July 5, 2022",Ohio,Steubenville,601 South St,0,4,0,0,1,,40.357532,-80.61932519999999
2349853,"July 5, 2022",Indiana,Gary,1900 block of Missouri St,3,7,0,0,0,,41.5829913,-87.31273519999999
2349723,"July 5, 2022",New York,Rochester,485 N Clinton Ave,1,3,0,0,2,,43.1666177,-77.6109379
2348163,"July 4, 2022",Massachusetts,Boston,Dorchester Ave and Bailey St,0,4,0,0,0,,42.2847752,-71.0645736
2349746,"July 4, 2022",Wisconsin,Kenosha,6321 25th Ave,1,4,0,0,3,,42.5770068,-87.83903219999999
2350033,"July 4, 2022",Minnesota,Minneapolis,724 Sibley St NE,0,7,0,0,0,,44.9927359,-93.2692605
2348230,"July 4, 2022",California,Sacramento,1525 L St,1,4,0,0,0,,38.576126,-121.4864984
2348384,"July 4, 2022",Illinois,Highland Park,Central Ave and 2nd St,7,30,0,0,1,,42.1855863,-87.8011631
2348750,"July 4, 2022",Missouri,Kansas City,E 13th St and Grand Blvd,0,4,0,0,0,,39.0957077,-94.5811305
2349545,"July 4, 2022",Colorado,Denver,2100 block of W Pacific Pl,1,3,0,0,0,,39.67964449999999,-105.0126358
2349758,"July 4, 2022",New York,Corona (Queens),171st St and 137th Ave,0,4,0,0,0,,40.7449859,-73.8642613
2348204,"July 4, 2022",Illinois,Chicago,6500 block of S Martin Luther King Dr,0,5,0,0,0,,41.776265,-87.6155342
2348167,"July 4, 2022",Virginia,Richmond,10 block of W Broad St,0,6,0,0,0,,37.54604339999999,-77.4421332
2348191,"July 3, 2022",Virginia,Manassas,8129 Sudley Rd,0,4,0,0,0,,38.7795405,-77.50888859999999
2347373,"July 3, 2022",South Carolina,Mullins,Leroy Bethea St and Jennings Rd,0,4,0,0,0,,34.1993679,-79.272172
2348303,"July 3, 2022",Arizona,Surprise,W Carlin Dr,2,4,1,0,0,,33.6483002,-112.3735619
2348263,"July 3, 2022",Washington,Tacoma,3300 block of S Asotin St,0,4,0,0,1,,47.229918,-122.4570185
2347060,"July 2, 2022",Texas,Haltom City,5700 block of Diamond Oaks Dr N,2,4,1,0,0,,32.8255594,-97.2622083
2347228,"July 2, 2022",New York,Corona (Queens),129-09 89th Ave,1,3,0,0,0,,40.699759,-73.821876
2347297,"July 2, 2022",North Carolina,Clinton,506 Stetson St,0,6,0,0,2,,34.9913293,-78.32214429999999
2346422,"July 1, 2022",Illinois,Chicago,3800 block of W Monroe St,0,4,0,0,0,,41.880142,-87.72141789999999
2346406,"July 1, 2022",Mississippi,Greenwood,Johnson St and Main St,1,7,0,0,0,,33.5123707,-90.1789933
2345410,"July 1, 2022",Illinois,Chicago,408 S Wells St,2,3,0,0,0,,41.8764765,-87.6340204
2345144,"June 30, 2022",Kentucky,Allen,49 N Railroad St,3,5,0,0,1,,37.611665,-82.729433
2344954,"June 30, 2022",New Jersey,Newark,291 Clinton Pl,0,9,0,0,1,,40.7136818,-74.2143837
2344008,"June 29, 2022",New Jersey,Jersey City,166 Bayview Ave,0,4,0,0,0,,40.7067042,-74.0820923
2344201,"June 29, 2022",Pennsylvania,Philadelphia,1100 block of E Price St,0,4,0,0,0,,40.0503819,-75.16148
2341725,"June 27, 2022",North Carolina,Charlotte,2000 block of Holly St,0,5,0,0,0,,35.2676244,-80.8486168
2340458,"June 26, 2022",Georgia,Blakely,N Church St and Washington Ave,1,6,0,0,3,,31.3838286,-84.9360889
2340720,"June 26, 2022",Virginia,Sutherlin,1220 Kerns Church Rd,1,7,0,0,0,,36.641009,-79.2341142
2340685,"June 26, 2022",New Jersey,Paterson,Madison St and Essex St,0,5,0,0,0,,40.9127523,-74.1654134
2340473,"June 26, 2022",Texas,San Antonio,3805 Blanco Rd,1,3,0,0,0,,29.4815981,-98.50881679999999
2340696,"June 26, 2022",Texas,Winona,18005 FM 2767,0,5,0,0,0,,32.3815535,-95.1043469
2340409,"June 26, 2022",Washington,Tacoma,5415 S Tacoma Way,0,8,0,0,0,,47.20743969999999,-122.4833295
2340297,"June 25, 2022",New York,Brooklyn,690 Quincy St,0,4,0,0,0,,40.68879,-73.93248299999999
2339761,"June 25, 2022",Texas,Houston,4207 Madden St,2,2,0,0,0,,29.6332347,-95.3616097
2340347,"June 25, 2022",Minnesota,Minneapolis,SE Main St and 6th Ave SE,0,4,0,0,0,,44.9819402,-93.24923489999999
2339866,"June 24, 2022",Virginia,Hopewell,Elm St and Arlington Rd,2,2,0,0,0,,37.2818137,-77.2945909
2338874,"June 24, 2022",Pennsylvania,Philadelphia,S Bucknell St and Oakford St,2,2,0,0,0,,39.9372976,-75.1831207
2338902,"June 23, 2022",Illinois,Chicago,7900 block of S Lafayette Ave,1,3,0,0,0,,41.7507227,-87.6261255
2335052,"June 20, 2022",New York,New York (Manhattan),5th Ave and W 139th St,1,8,0,0,0,,40.8153289,-73.93572859999999
2335872,"June 20, 2022",New York,Staten Island,Taft Ave and Westervelt Ave,0,5,0,0,0,,40.6412052,-74.0828927
2334920,"June 19, 2022",District of Columbia,Washington,14th St NW and U St NW,1,3,0,0,1,,38.9170112,-77.0319477
2334512,"June 19, 2022",Florida,Miami,US-1 and SW 22nd Ave,0,5,0,0,0,,25.7427658,-80.22989749999999
2334936,"June 19, 2022",Michigan,Detroit,18501 Healy St,1,3,0,0,0,,42.4288229,-83.05566019999999
2334374,"June 19, 2022",Michigan,Grand Rapids,Griggs St SE and Division St,0,4,0,0,0,,42.9312082,-85.6668416
2334620,"June 19, 2022",South Carolina,Walterboro,1109 Rivers St,2,2,0,0,1,,32.8882601,-80.6591435
2333675,"June 18, 2022",Florida,Pensacola,15 E Intendencia St,0,5,0,0,3,,30.4102571,-87.2140446
2334359,"June 18, 2022",Texas,San Antonio,2500 block of Patron Dr,2,5,0,0,0,,29.338432,-98.54673199999999
2334096,"June 17, 2022",Maryland,Baltimore,1800 block of W Lafayette Ave,0,4,0,0,0,,39.2989579,-76.6463814
2333667,"June 17, 2022",Illinois,Chicago,3000 block of S Rhodes Ave,0,5,0,0,0,,41.838468,-87.6135087
2333154,"June 16, 2022",California,Oakland,316 14th St,1,4,0,0,0,,37.8033163,-122.2678922
2328374,"June 12, 2022",California,Los Angeles,3300 block of E 14th St,3,4,0,0,0,,34.0172318,-118.2087649
2328532,"June 12, 2022",Michigan,Roseville,27000 block of Kelly St,0,4,0,0,0,,42.4953106,-82.9277645
2328265,"June 12, 2022",Indiana,Gary,1700 Grant St,2,4,0,0,0,,41.5858981,-87.3567197
2328215,"June 12, 2022",Indiana,Indianapolis,9200 block of Sussex Ter,0,4,0,1,0,,39.7989427,-86.00553529999999
2328117,"June 12, 2022",Louisiana,New Orleans,3940 Tulane Ave,0,4,0,0,0,,29.9676479,-90.1043519
2328342,"June 12, 2022",Colorado,Denver,4600 block of Colorado Ave,2,4,0,0,0,,39.6840885,-104.9338517
2327598,"June 11, 2022",Michigan,Detroit,13500 block of Cloverlawn Ave,0,4,0,0,0,,42.3864017,-83.15150849999999
2327645,"June 11, 2022",Illinois,Chicago,8600 block of S Damen Ave,1,4,0,0,0,,41.7375164,-87.6731994
2328482,"June 11, 2022",Georgia,Atlanta (College Park),6500 block of Woodford Rd,0,7,0,0,0,,33.56846,-84.50165059999999
2328108,"June 11, 2022",Tennessee,Antioch,660 Bell Rd,2,2,0,0,6,,36.0582394,-86.63970239999999
2327991,"June 11, 2022",Kentucky,Louisville,1101 River Rd,0,6,0,0,2,,38.2611205,-85.73946130000002
2327247,"June 10, 2022",Georgia,Decatur,2801 Candler Rd,1,3,0,0,0,,33.7079573,-84.2749898
2325498,"June 9, 2022",Maryland,Smithsburg,12912 Bikle Rd,3,2,0,1,1,,39.6696741,-77.5640459
2325328,"June 8, 2022",Arizona,Yuma,1500 block of S 4th Ave,0,4,0,0,0,,32.7010459,-114.6246321
2323642,"June 7, 2022",Virginia,Portsmouth,1628 Maple Ave,4,0,0,0,0,,36.8260863,-76.3109115
2324475,"June 7, 2022",Illinois,Chicago,1223 S Lawndale Ave,0,4,0,0,0,,41.8655059,-87.71753939999999
2324435,"June 7, 2022",Maryland,Baltimore,5500 block of Plainfield Ave,2,2,0,0,0,,39.3359193,-76.54528619999999
2324496,"June 7, 2022",Illinois,Chicago,13000 block of S Champlain Ave,0,4,0,0,0,,41.6587063,-87.6063104
2321772,"June 5, 2022",Michigan,Saginaw,300 block of S 11th St,3,1,0,1,1,,43.4291641,-83.9215948
2321440,"June 5, 2022",Arizona,Mesa,1457 W Southern Ave,2,2,0,0,3,,33.392084,-111.862806
2321532,"June 5, 2022",Tennessee,Chattanooga,2125 McCallie Ave,2,11,0,1,3,,35.03476,-85.2706584
2321693,"June 5, 2022",Michigan,Grand Rapids,Pearl St NW and Ottawa Ave NW,1,3,0,0,1,,42.9663877,-85.6701835
2322804,"June 5, 2022",South Carolina,Andrews,3000 block of County Line Road,0,5,0,0,0,,33.4500357,-79.583565
2321193,"June 4, 2022",Michigan,Ecorse,3800 block of W Jefferson Ave,0,4,0,0,0,,42.2574343,-83.13916309999999
2320673,"June 4, 2022",Texas,El Paso (Socorro),10851 Thunder Rd,0,5,0,0,0,,31.658578,-106.2522974
2321266,"June 4, 2022",Pennsylvania,Philadelphia,200 block of South St,2,10,1,1,4,,39.941128,-75.14592429999999
2321500,"June 4, 2022",Georgia,Macon,300 block of Jones Ave,2,2,0,0,0,,32.8430768,-83.61305449999999
2320618,"June 4, 2022",Arizona,Phoenix,N 10th Ave and W Hatcher Rd,1,8,0,0,0,,33.5712368,-112.0862542
2321593,"June 4, 2022",South Carolina,Summerton,4193 St Paul Rd,1,7,0,0,6,,33.5784284,-80.3922862
2321698,"June 4, 2022",New York,Hempstead,77 Terrace Ave,1,3,0,0,0,,40.7102791,-73.6306377
2320361,"June 3, 2022",Virginia,Chester,10960 block of Stepney Rd,1,5,0,0,0,,37.3749451,-77.4315039
2320862,"June 3, 2022",Nebraska,Omaha,2931 T St,1,3,0,0,0,,41.2024439,-95.9570605
2319567,"June 2, 2022",Texas,Centerville,1696 TX-7 W,5,0,1,0,0,,31.2535698,-96.0045681
2318310,"June 1, 2022",Oklahoma,Tulsa,6161 S Yale Ave,4,0,1,0,0,,36.0727051,-95.919848
2318046,"May 31, 2022",Texas,Waco,1900 block of Preston St,0,4,0,0,2,,31.57975549999999,-97.1366274
2316616,"May 30, 2022",Michigan,Benton Harbor,999 Pipestone St,1,6,0,0,1,,42.1000025,-86.43764209999999
2315903,"May 30, 2022",Pennsylvania,Philadelphia,N Delaware Ave and E Tioga St,2,2,0,0,0,,39.9804801,-75.08896539999999
2317016,"May 30, 2022",South Carolina,Charleston,America St and South St,0,9,0,0,1,,32.7932059,-79.9346133
2315150,"May 29, 2022",Oklahoma,Taft,104 Elm St,1,7,0,0,3,,35.7610237,-95.5459003
2315361,"May 29, 2022",Nevada,Henderson,I-11 and Horizon Dr,0,7,0,1,3,,36.0286461,-115.008881
2315892,"May 29, 2022",Illinois,Chicago,4400 block of W Walton St,1,3,0,1,0,,41.8979455,-87.73602389999999
2316364,"May 29, 2022",Texas,Houston,11654 Walnut Dale Ct,0,4,0,0,0,,29.902846,-95.4623314
2315605,"May 29, 2022",Arizona,Phoenix,N 58th St and W Windsor Ave,1,5,0,0,1,,33.4777006,-112.1838857
2315074,"May 29, 2022",Illinois,Chicago,800 block of S Karlov Ave,0,5,0,0,0,,41.8708064,-87.72804479999999
2314991,"May 28, 2022",Tennessee,Chattanooga,100 block of Cherry St,0,6,0,0,2,,35.0557089,-85.3086811
2315338,"May 28, 2022",California,Fresno,2233 N 1st St,1,3,0,0,0,,36.7708154,-119.7738617
2315417,"May 28, 2022",Florida,Malabar,2500 block of Billie Ln,0,4,0,0,0,,27.9834494,-80.5855663
2315190,"May 28, 2022",Colorado,Colorado Springs,3800 block of E Pikes Pike Ave,1,3,0,0,0,,38.8319625,-104.7573308
2315333,"May 28, 2022",California,Merced,2600 block of Cowden Ave,1,3,0,0,0,,37.3258762,-120.5336609
2314951,"May 28, 2022",Tennessee,Memphis,Chelsea Ave and Peres Ave,0,4,0,0,0,,35.1748078,-89.9809021
2313988,"May 27, 2022",Alabama,Anniston,1204 Front St,0,6,0,0,0,,33.6335402,-85.8309082
2313970,"May 27, 2022",Michigan,Stanwood,10711 185th Ave,4,0,0,1,1,,43.6221335,-85.4585182
2312678,"May 25, 2022",Pennsylvania,Philadelphia,3500 block of Fairmount Ave,0,4,0,0,0,,39.9660747,-75.1936151
2310278,"May 24, 2022",Texas,Uvalde,715 Old Carrizo Rd,21,17,1,0,0,,29.1986336,-99.7894809
2309711,"May 23, 2022",South Carolina,North Charleston,7550 Dorchester Rd,0,5,0,0,0,,32.9035946,-80.0787343
2311123,"May 23, 2022",Ohio,Cleveland,1032 Hartley Rd,0,5,0,0,0,,41.5511345,-81.574895
2308096,"May 21, 2022",Indiana,Goshen,1204 Rosemare Ct,1,3,1,0,0,,41.5490517,-85.8117688
2308395,"May 21, 2022",Washington,Tacoma,S Yakima Ave and S 56th St,0,4,0,0,1,,47.20641819999999,-122.4431682
2308017,"May 20, 2022",California,Highland,3606 Highland Ave,1,8,0,0,2,,34.13597170000001,-117.2080472
2307631,"May 20, 2022",Florida,Kissimmee,2331 Old Dixie Hwy,1,3,0,0,0,,28.3129292,-81.4020329
2307813,"May 20, 2022",Louisiana,New Orleans,St. Claude Ave and Forstall St,1,3,0,0,0,,29.9625924,-90.02135589999999
2307044,"May 19, 2022",Illinois,Chicago,800 block of N State St,2,7,0,0,3,,41.8968498,-87.6283617
2306277,"May 18, 2022",Pennsylvania,Philadelphia,1500 block of Bouvier St,0,5,0,0,1,,39.9322017,-75.1741473
2305208,"May 17, 2022",California,Palo Alto (East Palo Alto),2500 block of Fordham St,1,3,0,0,4,,37.4738558,-122.1368814
2302847,"May 15, 2022",California,Laguna Woods,24301 El Toro Rd,1,5,0,0,1,,33.6097718,-117.7333134
2303130,"May 15, 2022",North Carolina,Winston Salem (Winston-salem),2000 block of 25th St,0,7,0,0,0,,36.1219283,-80.2195356
2304029,"May 15, 2022",North Carolina,Elizabeth City,901 S Martin Luther King Jr Dr,0,4,0,0,0,,36.2928657,-76.2212735
2302740,"May 15, 2022",Texas,Houston,8729 Airline Dr,2,3,0,0,0,,29.8865974,-95.3936513
2303337,"May 15, 2022",Texas,Amarillo,1003 N Fillmore St,1,4,0,0,0,,35.2243412,-101.8320002
2301751,"May 14, 2022",New York,Buffalo,1275 Jefferson Ave,10,3,0,0,1,,42.90983629999999,-78.8525915
2301494,"May 13, 2022",Wisconsin,Milwaukee,Water St and Juneau Ave,0,11,0,5,11,,43.0457936,-87.9109671
2300713,"May 12, 2022",Arkansas,Hot Springs National Park (Hot Springs),134 Convention Blvd,1,3,0,1,1,,34.5095408,-93.0502647
2299660,"May 11, 2022",Illinois,Chicago,6800 block of S Ashland Ave,0,4,0,0,0,,41.7699836,-87.6642499
2299126,"May 11, 2022",Indiana,Indianapolis,701 Canal Walk,0,5,0,0,2,,39.7773834,-86.1645611
2299793,"May 11, 2022",Missouri,Saint Louis,5000 block of N Kingshighway Blvd,1,3,0,0,0,,38.6866594,-90.244306
2300830,"May 11, 2022",New Jersey,Paterson,36 Essex St,1,4,0,0,0,,40.9125781,-74.1655348
2298872,"May 10, 2022",Maryland,Baltimore,2800 block of Boarman Ave,0,5,0,0,1,,39.3380816,-76.6678805
2298836,"May 10, 2022",Illinois,Chicago,4800 block of S Ada St,1,4,0,0,1,,41.8067179,-87.65920299999999
2299407,"May 10, 2022",Illinois,Chicago,6400 block of S Richards Dr,0,6,0,0,0,,41.77888410000001,-87.5796644
2298519,"May 10, 2022",Pennsylvania,Philadelphia,Allegheny Ave and G St,0,4,0,0,0,,39.99677,-75.11545009999999
2298591,"May 10, 2022",Maryland,Baltimore,700 block of N Rose St,1,3,0,0,0,,39.2993164,-76.5816882
2299176,"May 10, 2022",Texas,Brookshire,Purdy and 4th St,1,3,0,0,0,,29.7880448,-95.9489099
2297823,"May 9, 2022",Michigan,Detroit,12600 block of McCoy Cir,0,4,0,0,2,,42.3912037,-82.9711638
2298092,"May 9, 2022",Alabama,Tuscaloosa,4420 21st St,0,5,0,0,1,,33.1942405,-87.5934285
2297261,"May 8, 2022",Georgia,Clarkston,6500 block of Old Hampton Dr,3,3,0,0,2,,33.7965569,-84.2277398
2296224,"May 7, 2022",Florida,Miami,NW 37th St and NW 32nd Ave,0,4,0,0,0,,25.8095954,-80.24840069999999
2296191,"May 7, 2022",Kentucky,Lexington,1560 LaSalle Rd,2,3,0,0,0,,38.0790916,-84.4799833
2296808,"May 7, 2022",Texas,Garland,800 block of Magnolia Dr,2,2,0,0,1,,32.9175923,-96.6398498
2296037,"May 6, 2022",Louisiana,New Orleans,4800 block of Alcee Fortier Blvd,2,4,0,0,1,,30.038766,-89.91287299999999
2296064,"May 5, 2022",Washington,Sunnyside,613 S 6th St,0,5,0,0,1,,46.3220387,-120.0139551
2293603,"May 3, 2022",Louisiana,Baton Rouge,2100 block of North 39th St,0,5,0,0,0,,30.4674512,-91.15119829999999
2294477,"May 3, 2022",Texas,Beaumont,3580 S Martin Luther King Jr Pkwy,0,5,0,0,0,,30.0516574,-94.0807856
2291712,"May 1, 2022",Louisiana,Lafayette,500 Jefferson St,0,11,0,1,0,,30.2256768,-92.0186622
2291578,"May 1, 2022",Ohio,Springfield,Clifton Ave and Rice St,1,4,0,0,0,,39.9095886,-83.8077328
2292452,"May 1, 2022",Florida,Tarpon Springs,Safford Ave and Boyer St,0,6,0,0,0,,28.1441085,-82.75456899999999
2292613,"May 1, 2022",South Carolina,North Charleston,US-52 and Ashley Phosphate Rd,1,3,0,0,0,,32.9369664,-80.0396707
2291618,"April 30, 2022",Georgia,Atlanta,445 Cleveland Ave SE,0,4,1,0,0,,33.6790698,-84.37761549999999
2291470,"April 30, 2022",Mississippi,Jackson,1207 Mississippi Street,0,5,1,0,2,,32.3001187,-90.1720162
2291185,"April 29, 2022",Tennessee,Jackson,310 North Pkwy,2,2,0,0,1,,35.645456,-88.8530505
2290903,"April 29, 2022",Louisiana,New Orleans,3201 Magazine St,0,6,0,0,1,,29.9241361,-90.08667729999999
2291534,"April 29, 2022",Mississippi,Laurel,Ferrell St and Poplar Dr,0,4,0,0,1,,31.679082,-89.14572
2290026,"April 28, 2022",Alabama,Bessemer,1800 block of Berkley Ave,1,3,0,0,0,,33.3987612,-86.9490465
2288928,"April 27, 2022",Illinois,Chicago,4400 block of W Jackson Blvd,0,4,0,0,0,,41.87714150000001,-87.7355348
2288842,"April 27, 2022",Mississippi,Biloxi,2688 Beach Blvd,4,0,0,0,0,,30.3901217,-88.9964031
2289610,"April 27, 2022",Texas,San Antonio,3399 Wurzbach Rd,0,5,0,0,0,,29.4694481,-98.6248916
2289308,"April 27, 2022",Louisiana,Opelousas,700 block of Mia St,2,3,0,0,3,,30.5427084,-92.09077200000002
2289382,"April 27, 2022",Arizona,Phoenix,6719 W Thomas Rd,0,4,0,0,1,,33.4792403,-112.2057774
2287581,"April 25, 2022",Alabama,Birmingham,821 3rd Ave W,1,3,0,0,0,,33.505059,-86.85025879999999
2286363,"April 24, 2022",South Carolina,Myrtle Beach,12th Ave N and Withers Alley,1,3,0,0,1,,33.6949845,-78.8773811
2286061,"April 24, 2022",Indiana,Lafayette,2905 Westchester Ln W,2,3,0,1,1,,40.3868703,-86.91528210000001
2285772,"April 23, 2022",Illinois,Chicago,2000 block of W 51st St,2,2,0,0,0,,41.8014252,-87.67472049999999
2285612,"April 23, 2022",North Carolina,Rocky Mount,1171 Jefferies Rd,0,4,0,0,1,,35.9777058,-77.8042303
2285860,"April 23, 2022",Georgia,Atlanta,135 Andrew Young International Blvd NW,0,5,0,0,0,,33.7599121,-84.3917791
2286089,"April 23, 2022",California,San Bernardino,1036 W Highland Ave,1,4,0,0,0,,34.1362776,-117.306142
2285158,"April 22, 2022",Virginia,Petersburg,200 block of Holly Hill Dr,1,5,0,0,0,,37.2005673,-77.3735753
2284819,"April 22, 2022",District of Columbia,Washington,2900 block of Van Ness St NW,0,4,1,0,0,,38.9427048,-77.0594417
2285242,"April 22, 2022",Ohio,Cincinnati,Kemper Ln and E McMillan St,0,4,0,0,0,,39.1257776,-84.4879034
2285267,"April 21, 2022",Arkansas,Mountain View,646 Northcutt Rd,4,0,0,0,1,,35.7578493,-91.9340691
2283535,"April 20, 2022",Minnesota,Duluth,715 E 12th St,4,0,1,0,0,,46.8022144,-92.10220509999999
2281171,"April 17, 2022",Pennsylvania,Philadelphia,2800 block of Orkney St,0,4,0,0,0,,39.9936328,-75.13935260000001
2281541,"April 17, 2022",Oregon,Portland,16150 SE Stark St,1,3,0,0,0,,45.5188727,-122.4968868
2280875,"April 17, 2022",South Carolina,Furman,72 Ashley Circle Rd,0,9,0,0,0,,32.6905524,-81.18965949999999
2281164,"April 17, 2022",California,Sacramento,7200 block of Franklin Blvd,1,3,0,0,1,,38.4956065,-121.4596893
2281483,"April 17, 2022",Florida,Miami,15020 South River Dr,1,3,0,0,0,,25.9122589,-80.2218102
2280711,"April 17, 2022",Pennsylvania,Pittsburgh,900B Madison Ave,2,9,0,0,0,,40.455887,-79.9972122
2282256,"April 17, 2022",Louisiana,Baldwin,Rosebud Rd and Baptiste St,0,5,0,0,0,,29.833415,-91.55595
2280204,"April 16, 2022",South Carolina,Columbia,100 Columbiana Cir,0,9,0,0,3,,34.077884,-81.15648829999999
2280495,"April 16, 2022",Maryland,Baltimore,5300 block of Maple Ave,1,3,0,0,0,,39.3512453,-76.6776926
2281244,"April 16, 2022",Nevada,North Las Vegas,4900 block of Support St,0,4,0,0,0,,36.2499385,-115.1796062
2281410,"April 16, 2022",Texas,Daingerfield,FM 144 and Edwards Rd,1,6,0,0,0,,33.031793,-94.7218731
2280017,"April 16, 2022",New York,Syracuse,300 block of S Clinton St,1,4,0,0,1,,43.0485183,-76.1538789
2280504,"April 15, 2022",California,Stockton,300 block of Coventry Dr,2,2,0,0,0,,37.9961839,-121.3010949
2276339,"April 12, 2022",New York,Brooklyn,36th St and 4th Ave,0,10,0,0,1,,40.6542949,-74.00438299999999
2277011,"April 12, 2022",New York,Bronx,2825 Olinville Ave,1,3,0,0,0,,40.8671861,-73.868642
2275242,"April 10, 2022",Louisiana,Baton Rouge,2700 block of Lorraine St,0,4,0,0,0,,30.4966771,-91.16348450000001
2274790,"April 10, 2022",Iowa,Cedar Rapids,415 3rd St SE,3,9,0,0,2,,41.9761506,-91.6646209
2274803,"April 10, 2022",Illinois,Elgin,958 Congdon Ave,2,4,0,0,0,,42.05728370000001,-88.2549579
2275283,"April 10, 2022",California,Willowbrook,Blakley Ave and E 122nd Pl,2,5,0,0,0,,33.9213106,-118.2473298
2274783,"April 10, 2022",Indiana,Indianapolis,4270 W 38th St,1,5,0,0,0,,39.825023,-86.2332174
2274296,"April 9, 2022",Florida,Miami,6816 NW 15th Ave,0,4,0,0,0,,25.8363971,-80.2232997
2274855,"April 9, 2022",District of Columbia,Washington,O St SW and Half St SW,0,4,0,0,2,,38.8729589,-77.0106591
2272394,"April 6, 2022",Pennsylvania,Philadelphia,Griscom St and Arrott St,0,4,1,0,0,,40.0170515,-75.08471960000001
2270747,"April 4, 2022",Kentucky,Covington,Russell St and W 16th St,0,4,0,0,1,,39.071249,-84.5102922
2270578,"April 4, 2022",Connecticut,Hartford,Bedford St and Mather St,1,3,0,0,0,,41.7800763,-72.68379890000001
2269429,"April 3, 2022",New York,Buffalo,400 block of Genesee St,0,4,0,0,0,,42.8937205,-78.8605888
2269100,"April 3, 2022",Texas,Dallas,5050 Cleveland Rd,1,16,0,0,2,,32.640229,-96.7335557
2269745,"April 3, 2022",California,San Francisco,670 Brunswick St,2,2,0,0,0,,37.7095238,-122.4470552
2269082,"April 3, 2022",California,Sacramento,J St and 10th St,6,11,0,1,3,,38.5801996,-121.493402
2268723,"April 2, 2022",North Carolina,Shelby,1851 E Dixon Blvd,1,3,0,0,1,,35.2702081,-81.4895749
2268762,"April 2, 2022",Louisiana,Monroe,100 Sterlington Rd,1,4,0,1,0,,32.522944,-92.08173819999999
2269059,"April 2, 2022",Colorado,Colorado Springs,2400 block of Barkman Dr,0,4,0,0,1,,38.7986798,-104.7475832
2269034,"April 2, 2022",Louisiana,Shreveport,2025 Marshall St,1,3,0,0,0,,32.5012357,-93.73711209999999
2269259,"April 1, 2022",South Carolina,Walterboro,1900 Block of Logan Farm Rd,0,4,0,0,4,,32.9924643,-80.7270325
2264094,"March 26, 2022",California,Hollister,Rustic St and Roble St,2,3,0,0,1,,36.8616684,-121.3983016
2265029,"March 26, 2022",Ohio,Cleveland,1437 St Clair Ave NE,0,4,0,0,0,,41.5065485,-81.6858237
2263608,"March 25, 2022",Colorado,Colorado Springs,820 Citadel Dr E,2,2,0,0,0,,38.8446018,-104.7610789
2260129,"March 22, 2022",California,Stockton,1800 West Lane,1,3,0,0,1,,37.973524,-121.2795405
2259262,"March 21, 2022",Connecticut,Waterbury,23 Scovill St,0,4,0,0,1,,41.55406139999999,-73.0394577
2259413,"March 21, 2022",Illinois,Chicago,1650 E 79th St,2,2,0,0,1,,41.7517155,-87.58376849999999
2258324,"March 20, 2022",Wisconsin,Milwaukee,2822 W Melvina St,0,4,0,0,0,,43.0876848,-87.94906639999999
2258156,"March 20, 2022",Texas,Austin,E 6th St and Neches St,0,4,0,0,0,,30.2667882,-97.73827089999999
2258224,"March 20, 2022",Texas,Houston,2955 S Sam Houston Pkwy E,1,3,0,0,0,,29.5990175,-95.3811995
2257316,"March 19, 2022",Virginia,Norfolk,320 Granby St,3,2,0,0,0,,36.850337,-76.2900093
2258012,"March 19, 2022",North Carolina,Fayetteville,1707 Owen Dr,3,3,0,0,2,,35.029373,-78.9279095
2257739,"March 19, 2022",Arkansas,Dumas,611 Highway 65 S,1,26,0,0,1,,33.8791977,-91.48093949999999
2257674,"March 19, 2022",Virginia,Madison Heights,351 Old Wright Shop Rd,1,4,0,0,0,,37.4322594,-79.097331
2258182,"March 19, 2022",Texas,Dallas,5214 Botham Jean Blvd,1,9,0,0,0,,32.743863,-96.7593946
2256453,"March 18, 2022",Texas,Fort Worth,1600 block of NW Loraine St,1,3,0,0,0,,32.7967777,-97.367463
2257778,"March 18, 2022",Louisiana,New Iberia,200 block of C V Jackson Dr,0,5,0,0,1,,30.0013776,-91.8273246
2257132,"March 17, 2022",Michigan,Lansing,2200 block of E Michigan Ave,0,4,0,0,0,,42.73339199999999,-84.51988709999999
2256398,"March 17, 2022",Illinois,Chicago,4100 block of W Monroe St,0,4,0,0,0,,41.8797358,-87.728084
2255816,"March 17, 2022",Florida,Fort Lauderdale,1300 W Broward Blvd,2,2,0,0,1,,26.1214142,-80.1588648
2255832,"March 16, 2022",New Jersey,Irvington,800 block of 18th Ave,1,3,0,0,0,,40.7369789,-74.2200512
2256080,"March 16, 2022",New Jersey,Irvington,862 18th Ave,1,3,0,0,0,,40.7378924,-74.22280219999999
2254579,"March 15, 2022",Alabama,Ozark,1001 US Hwy 231,0,5,0,0,2,,31.4692106,-85.67736769999999
2253714,"March 14, 2022",Pennsylvania,Reading,1300 block of Meade St,1,3,0,0,3,,40.3151157,-75.9493256
2252873,"March 13, 2022",Illinois,Chicago,7902 S Exchange Ave,0,7,0,0,0,,41.751711,-87.5533734
2252500,"March 13, 2022",New York,Rochester,471 State St,2,2,0,0,0,,43.1630223,-77.6216632
2252792,"March 13, 2022",South Carolina,Columbia,810 Pulaski St,1,4,0,0,3,,33.9932638,-81.0402502
2252719,"March 12, 2022",Maryland,Baltimore,Gwynn Oak Ave and Liberty Heights Ave,3,1,0,0,0,,39.33138,-76.69561759999999
2253654,"March 12, 2022",Alabama,Autaugaville,200 block of N Pickett St,1,3,0,0,2,,32.4346322,-86.6534879
2251416,"March 11, 2022",Ohio,Columbus,1644 E Dublin-Granville Rd,2,2,0,0,1,,40.0882781,-82.9742175
2250540,"March 9, 2022",Colorado,Aurora,3300 N Ouray St,1,3,0,1,4,,39.7354043,-104.7919199
2250151,"March 8, 2022",Florida,Jacksonville,Duval Station Rd and Starratt Rd,1,4,0,0,0,,30.483722,-81.6041834
2249608,"March 7, 2022",Tennessee,Knoxville,5800 block of Primus Rd,0,4,0,0,0,,36.0146408,-83.98191229999999
2247617,"March 6, 2022",Minnesota,Minneapolis,2720 Blaisdell Ave,1,3,0,0,0,,44.9529956,-93.2800286
2248066,"March 6, 2022",Pennsylvania,Hazleton,182 S  Wyoming St,1,4,0,0,1,,40.9498787,-75.97617819999999
2247842,"March 6, 2022",Kentucky,Louisville,601 E Jefferson St,0,4,0,0,0,,38.2524715,-85.7420511
2247828,"March 6, 2022",Texas,Lubbock,1800 block of Parkway Dr,0,4,0,0,0,,33.5941192,-101.8153692
2247622,"March 6, 2022",South Carolina,Chester,Powell Dr and Harvey Neely Rd,2,3,0,0,1,,34.810314,-81.13159379999999
2248613,"March 6, 2022",Louisiana,Monroe,1051 Martin Luther King Junior Drive,0,4,0,0,0,,32.5038817,-92.0808692
2247747,"March 5, 2022",Arizona,Glendale,4810 W Glendale Ave,1,3,0,0,0,,33.5387189,-112.1626634
2247025,"March 5, 2022",Georgia,Atlanta,I-75 and Arthur B. Langford Jr. Pkwy,0,4,0,0,0,,33.6980841,-84.4488175
2246387,"March 3, 2022",Nevada,Las Vegas,4055 S University Center Dr,1,6,0,0,0,,36.11584430000001,-115.1478536
2245620,"March 2, 2022",Maryland,Baltimore,Walbrook Ave and N Dukeland St,1,3,0,0,0,,39.3103027,-76.6640749
2243861,"February 28, 2022",California,Sacramento,2041 Wyda Way,4,0,1,0,0,,38.6003477,-121.4190697
2243285,"February 27, 2022",Louisiana,Alexandria,3700 block of 3rd St,0,4,0,0,0,,31.2947256,-92.4214563
2242345,"February 26, 2022",South Carolina,North Charleston,2622 S Allen Dr,1,3,0,0,1,,32.8507077,-79.9859484
2242153,"February 26, 2022",Nevada,Las Vegas,953 E Sahara Ave,1,13,0,1,1,,36.1417067,-115.1442572
2244673,"February 26, 2022",Louisiana,Bogalusa,E 4th St and Martin Luther King Jr Dr,0,9,0,1,1,,30.7751835,-89.853297
2241857,"February 25, 2022",Louisiana,Baton Rouge,6401 Bluebonnet Blvd,2,2,0,0,1,,30.389639,-91.0879384
2241299,"February 24, 2022",Texas,San Antonio,90 Lanark Dr,0,4,0,0,0,,29.5030426,-98.41624420000001
2238575,"February 21, 2022",Minnesota,Saint Paul,488 Humboldt Ave,1,3,0,0,4,,44.9311656,-93.0848204
2238165,"February 20, 2022",Iowa,Des Moines,100 block of Water St,0,4,0,0,0,,41.5842655,-93.6175234
2238312,"February 20, 2022",Mississippi,Mccomb,Minnesota Ave and 6th St,1,3,0,1,6,,31.2446105,-90.45825479999999
2238657,"February 20, 2022",Nebraska,Omaha,1817 N 33rd St,0,4,0,0,0,,41.2760852,-95.9612228
2238403,"February 20, 2022",Oregon,Portland,SE Foster Rd and 128th Ave,1,3,0,0,0,,45.476688,-122.5321368
2237697,"February 19, 2022",Oregon,Portland,NE 55th Ave and NE Hassalo St,1,5,0,1,1,,45.5302379,-122.6075114
2237593,"February 19, 2022",Missouri,Charleston,106 S Franklin St,2,14,0,0,2,,36.9230143,-89.3514273
2237196,"February 19, 2022",California,Turlock,142 S 1st St,0,7,0,0,0,,37.4930688,-120.8461414
2237058,"February 19, 2022",North Carolina,Durham,1400 E Cornwallis Rd,2,2,0,0,3,,35.9424783,-78.9030263
2236857,"February 18, 2022",Maryland,Temple Hills (Marlow Heights),4200 block of 28th Ave,2,2,0,0,0,,38.8314644,-76.9437011
2236155,"February 17, 2022",Pennsylvania,Philadelphia,164 W Chelten Ave,0,4,0,0,0,,40.0324152,-75.1780654
2235778,"February 17, 2022",Texas,Houston,3000 Blodgett St,0,5,0,0,0,,29.7217519,-95.3672866
2235366,"February 16, 2022",Florida,Miami,NW 99th St and NW 21st Ave,1,3,0,0,0,,25.8646423,-80.23319529999999
2234868,"February 15, 2022",Illinois,Joliet,700 block of Francis St,1,3,0,0,0,,41.5414165,-88.06456969999999
2232854,"February 13, 2022",Wisconsin,Racine,7th St and Park Ave,0,5,1,0,0,,42.7175161,-87.7859281
2232351,"February 12, 2022",Tennessee,Murfreesboro,1644 Middle Tennessee Blvd,1,4,0,0,1,,35.8315919,-86.37494559999999
2232287,"February 12, 2022",California,West Hollywood,401 N La Cienega Blvd,0,4,0,0,0,,34.0787358,-118.3768572
2232476,"February 12, 2022",Arkansas,Little Rock,200 block of E 7th St,1,3,0,0,1,,34.7420103,-92.2702699
2231921,"February 11, 2022",Missouri,Springfield,E Kearney St and N Prospect Ave,0,4,0,0,0,,37.2406006,-93.2723304
2231371,"February 11, 2022",Arizona,Phoenix,5405 W Warner St,1,9,1,0,0,,33.4138816,-112.1756101
2227759,"February 6, 2022",Florida,Fort Lauderdale,5280 FL-7,0,4,0,0,0,,26.1913952,-80.2029333
2228979,"February 6, 2022",Illinois,Romeoville,735 N Center Blvd,0,5,0,0,0,,41.6550284,-88.12105439999999
2228510,"February 6, 2022",California,Fresno,S Clara Ave and E Lorena Ave,2,2,0,0,1,,36.7196325,-119.7953279
2228660,"February 6, 2022",North Carolina,Wilmington,200 block of North 31st St,0,4,0,0,0,,34.2424481,-77.9052347
2227058,"February 5, 2022",Texas,Corsicana,2919 W 2nd Ave,7,0,1,0,0,,32.0823381,-96.49671819999999
2227187,"February 5, 2022",New Mexico,Las Cruces,1900 block of Gladys Dr,1,3,0,0,0,,32.2961559,-106.7475329
2227035,"February 4, 2022",Virginia,Blacksburg,109 N Main St,1,4,0,0,2,,37.2293871,-80.41430489999999
2225493,"February 2, 2022",California,Oroville,410 Oro Dam Blvd E,1,4,0,0,1,,39.4985629,-121.5711384
2224788,"February 1, 2022",Wisconsin,Milwaukee,1801 W Olive St,0,5,0,0,1,,43.0935207,-87.9336526
2224013,"January 31, 2022",North Carolina,Raleigh,3120 New Bern Ave,1,3,0,0,0,,35.7891067,-78.58634119999999
2222953,"January 30, 2022",Florida,Winter Haven,Buckeye Loop Rd and MLK Blvd NE,1,3,0,1,2,,28.0447665,-81.7051315
2223019,"January 30, 2022",Georgia,Augusta,2623 Deans Bridge Rd,1,3,0,0,0,,33.4405062,-82.0226674
2222557,"January 29, 2022",Missouri,Saint Louis,4900 block of Cote Brilliante,3,1,0,0,0,,38.6643281,-90.25696610000001
2222383,"January 29, 2022",Georgia,Atlanta,899 Martin Luther King Jr Dr NW,1,3,0,0,0,,33.754971,-84.4170329
2222766,"January 29, 2022",California,Bakersfield,10612 Rosedale Hwy,0,4,0,0,1,,35.3838886,-119.120775
2220985,"January 27, 2022",District of Columbia,Washington,4400 Connecticut Ave NW,1,4,0,0,1,,38.94693160000001,-77.0654826
2217882,"January 23, 2022",California,Inglewood,1300 block of N Park Ave,4,1,0,0,3,,33.9794567,-118.3452296
2218159,"January 23, 2022",Wisconsin,Milwaukee,2505 N 21st St,6,0,0,0,1,,43.06438,-87.9390933
2215955,"January 19, 2022",Maryland,Baltimore,E Monument St and N Montford Ave,3,1,0,0,0,,39.2987979,-76.5837189
2215256,"January 19, 2022",Louisiana,New Orleans,7800 block of Keats St,0,4,0,0,0,,30.0320254,-90.021011
2214013,"January 18, 2022",Florida,Miami,10702 NW 7th Ave,0,4,1,0,0,,25.8730174,-80.21036769999999
2214306,"January 17, 2022",Texas,San Antonio,400 block of Spriggsdale Ave,1,4,0,0,1,,29.4173776,-98.4386712
2213456,"January 16, 2022",Georgia,Savannah,1100 Graydon St,1,3,0,0,0,,32.0627344,-81.0800469
2212018,"January 15, 2022",Georgia,Brunswick,2717 Glynn Ave,1,5,0,0,1,,31.1688404,-81.4753777
2212203,"January 15, 2022",Tennessee,Knoxville,2700 block of Tarleton Ave,0,4,0,0,0,,35.9852175,-83.8880592
2211746,"January 14, 2022",Oregon,Eugene,219 W 8th Ave,0,6,0,0,0,,44.0511633,-123.0960909
2210480,"January 13, 2022",New York,Brooklyn,1014 E 92nd St,1,3,0,0,0,,40.644106,-73.908521
2209840,"January 12, 2022",Illinois,Chicago,S King Dr and E 63rd St,0,4,0,0,0,,41.780255,-87.6156352
2207435,"January 9, 2022",California,Fresno,724 E Olive Ave,0,4,0,0,0,,36.7575683,-119.8022625
2207931,"January 9, 2022",California,Los Angeles,W 35th St and S Hill St,1,4,1,0,0,,34.0183147,-118.2757671
2207469,"January 9, 2022",Alabama,Montgomery,3020 Atlanta Hwy,1,6,0,0,1,,32.3825871,-86.2662393
2207406,"January 9, 2022",Colorado,Colorado Springs,1960 Chelton Rd,2,3,0,0,2,,38.80452280000001,-104.7517749
2206813,"January 8, 2022",Texas,Houston,7136 Clarewood Dr,1,3,0,0,0,,29.7094842,-95.51094789999999
2205024,"January 4, 2022",Mississippi,Jackson,3207 W Capitol St,1,3,0,0,0,,32.3218148,-90.2273225
2202976,"January 2, 2022",Texas,Corsicana,1100 block of S 29th St,2,2,0,0,1,,32.0760313,-96.47846129999999
2202727,"January 2, 2022",Texas,San Antonio,427 Montrose,2,2,0,0,0,,29.3703605,-98.4615785
2202025,"January 1, 2022",Missouri,Columbia,122 S 9th St,0,4,0,0,1,,38.9498232,-92.3273815
2202001,"January 1, 2022",Illinois,Peoria,2000 block of SW Adams St,2,2,0,0,1,,40.6772033,-89.6113316
2201629,"January 1, 2022",Pennsylvania,Philadelphia,1600 block of Cecil B Moore Ave,1,4,0,0,0,,39.9789247,-75.1613328
2201641,"January 1, 2022",Wisconsin,Kenosha,1708 52nd St,1,3,0,0,0,,42.5882163,-87.8304033
2201848,"January 1, 2022",Indiana,South Bend,1500 block of S Miami St,0,4,0,0,0,,41.65945749999999,-86.2349918
2201876,"January 1, 2022",South Carolina,Dillon,3261 Hwy 9,0,5,0,0,0,,34.3896111,-79.2841888
2201677,"January 1, 2022",Colorado,Denver,1919 Blake St,2,2,0,0,1,,39.75392920000001,-104.995468
