Incident ID,Incident Date,State,City Or County,Address,Victims Killed,Victims Injured,Suspects Killed,Suspects Injured,Suspects Arrested,Operations,Latitude,Longitude
271363,"December 29, 2014",Louisiana,New Orleans,Poydras and Bolivar,0,4,0,0,0,,29.9542981,-900839102.0
269679,"December 27, 2014",California,Los Angeles,8800 block of South Figueroa Street,1,3,0,0,0,,0.3395718,-0.1182825
270036,"December 27, 2014",California,Sacramento,4000 block of May Street,0,4,0,0,0,,38.6404106,-12.1443272
269167,"December 26, 2014",Illinois,East St. Louis,2500 block of Summit Avenue,1,3,0,0,0,,38.6196187,-90.1254295
268598,"December 24, 2014",Missouri,Saint Louis,18th and Pine,1,3,0,0,0,,38.6304582,-90.2059719
267792,"December 23, 2014",Kentucky,Winchester,260 Oxford Dr,1,3,0,0,2,,380035783.9999999,-84.2094759
268282,"December 22, 2014",Michigan,Detroit,Charlevoix and Philip,1,3,0,0,0,,423835951.9999999,-829486611.9999999
282186,"December 22, 2014",New York,Webster,191 Lake Rd,3,2,1,0,0,,43.2367011,-77.5253783
267721,"December 22, 2014",Illinois,Chicago,5700 block of South Green Street,0,5,0,0,0,,0.4179049,-8.7646624
266570,"December 21, 2014",Florida,Sarasota,4034 N Washington Blvd,2,2,0,0,0,,27.3688478,-825299716.9999999
268910,"December 21, 2014",Mississippi,Waynesboro,Central Avenue,1,4,0,0,2,,31.6782332,-88.6584091
266424,"December 21, 2014",Illinois,Calumet City,600 block of Escanba,1,8,0,0,0,,41.6180821,-8.7553163
266407,"December 20, 2014",Illinois,Rockford,3200 block of Montrose Avenue,4,0,0,0,1,,42.2938571,-89.1071791
264901,"December 16, 2014",New Jersey,Elizabeth,Anna Street,0,4,0,0,0,,4.0668426,-74.2032351
263556,"December 15, 2014",Pennsylvania,Lansdale,100 block of West 5th St,6,0,1,0,0,,40.2459256,-75.2819669
263376,"December 14, 2014",Florida,Miami,1311 Northwest 2nd Avenue,1,4,0,0,0,,25.7871407,-80.1984688
263382,"December 13, 2014",Florida,Tampa,810 E. Skagway Ave.,0,5,0,0,0,,28.0324324,-824524297.9999999
262202,"December 12, 2014",Oregon,Portland,717 North Killingsworth Court,0,4,0,0,3,,45.5620252,-122.6742858
259935,"December 7, 2014",Indiana,South Bend,16000 block of Roosevelt Road,0,4,0,0,0,,415900539.9999999,-86.1812968
227011,"December 2, 2014",Missouri,Saint Louis,6000 block of Virginia Avenue,1,3,0,2,0,,3.8561641,-90.2492382
226983,"December 2, 2014",Virginia,Newport News,6128 Jefferson Ave ,0,5,0,0,0,,37.0232336,-764461635.9999999
226534,"November 30, 2014",Tennessee,Chattanooga,2412 East 13th Street ,0,5,0,0,0,,35.0246967,-852711212.9999999
226388,"November 30, 2014",New York,Brooklyn,375 Remsen Avenue,0,4,0,0,0,,40.6564708,-73.9236281
226150,"November 29, 2014",New Jersey,Newark,348 S Orange Ave,1,3,0,0,0,,40.7398404,-74.1999668
225903,"November 29, 2014",Georgia,Atlanta,1600 block of Richmond Avenue,3,2,0,0,0,,33.7100097,-843798669.0000001
225830,"November 28, 2014",Tennessee,Memphis,1849 East Brooks Road ,0,4,0,0,0,,35.0604544,-90.0021517
226018,"November 27, 2014",Texas,Georgetown,Pvt Rd 934,2,3,0,0,0,,30.6777088,-9.7592544
225036,"November 26, 2014",California,San Francisco,Mission and 13th streets,0,6,0,0,0,,37.7701286,-122.4199406
224362,"November 23, 2014",Virginia,Parksley,Parksley Road,0,4,0,0,0,,37.7789204,-75.6464828
224131,"November 23, 2014",Colorado,Denver,Federal Boulevard and 16th Avenue,1,4,0,0,0,,3.9742746,-10.5025229
223651,"November 22, 2014",Ohio,Cleveland,1443 E 92nd St,4,1,0,0,1,,4.1516892,-81.6231565
223799,"November 22, 2014",South Dakota,Sisseton,Fourth Avenue,3,1,1,0,0,,45.6641114,-97.0560985
223729,"November 22, 2014",Ohio,Springfield,Clifton Avenue and Rice Street,1,3,0,0,0,,39.9095886,-83.8077328
223582,"November 21, 2014",Pennsylvania,Pittsburgh,600 block of Miller Avenue,0,6,0,0,0,,0.4038793,-799078284.0000001
222792,"November 19, 2014",Illinois,Chicago,700 block of North St. Louis Avenue,1,3,0,0,0,,41.8936596,-877138246.9999999
222393,"November 18, 2014",Nevada,North Las Vegas,Englestad Street,0,4,0,0,0,,36.2103795,-115.1473473
221554,"November 16, 2014",Ohio,Akron,1891 E Market St,1,4,0,0,1,,4.1061734,-814602379.9999999
224746,"November 16, 2014",Texas,El Paso,115 S. Durango,0,5,0,1,0,,31.7618778,-106.4850217
221347,"November 15, 2014",Missouri,Springfield,2555 N. Glenstone,4,0,0,0,1,,37.2436912,-93.2623309
221577,"November 15, 2014",Florida,Miami,NW 55th and 12th,1,3,0,0,0,,25.8254451,-80.2172815
217831,"November 8, 2014",California,Pomona,499 E. Arrow Highway,0,5,0,0,0,,34.0906446,-117.7421478
218054,"November 7, 2014",California,Los Angeles,East 126th Street and North Compton Avenue,0,4,0,0,0,,33.9184883,-118.2462314
217401,"November 7, 2014",California,Compton,136th Street ,0,4,0,0,0,,33.9081202,-118.2466953
216533,"November 5, 2014",California,San Francisco,1100 block of Alabama Street ,0,4,0,0,0,,37.7543015,-12.2411144
212884,"October 29, 2014",Tennessee,Memphis,Yale Road and Ramill Road,0,5,0,0,0,,35.2205375,-8.9927195
211348,"October 26, 2014",Kentucky,Cadiz,1410 Old Dover Road,4,0,0,0,1,,36.8289928,-878498118.9999999
210363,"October 24, 2014",Washington,Marysville,5611 108th St NE,4,1,1,0,0,,480957279.0000001,-122.1539961
209134,"October 18, 2014",New York,Queens,33-02 Queens Blvd,0,4,0,0,1,,40.7442521,-739311204.9999999
207145,"October 18, 2014",South Carolina,Graniteville,192 Breezy Hill Road,1,3,0,0,0,,33.5663314,-81.8431062
207687,"October 18, 2014",New York,Brooklyn,Lenox Road,0,4,0,0,0,,40.6548667,-73.9384563
206303,"October 16, 2014",Michigan,Detroit,Mogul Street,1,3,0,0,1,,42.4167475,-82.9621684
205726,"October 14, 2014",Georgia,Peachtree Corners,6505 Bannor Lane,2,2,1,0,0,,33.9504789,-8.4251144
205298,"October 13, 2014",Georgia,Atlanta,85 Mount Zion Road,0,4,0,0,0,,33.6732985,-84.3910362
204310,"October 12, 2014",California,Stockton,1100 block of East March Lane,3,1,0,0,0,,38.0013332,-121.2925175
204477,"October 12, 2014",Georgia,Atlanta,Arthur Langford Jr Place,1,3,0,0,0,,33.7120052,-84.3977697
204236,"October 11, 2014",New York,Utica,222 Bleecker Street,0,4,0,1,1,,43.1012669,-752284239.9999999
202981,"October 8, 2014",Georgia,Atlanta,Auburn Avenue and Edgewood Avenue,0,4,0,0,0,,33.7543949,-84.3770943
204254,"October 8, 2014",New York,Guilderland,1846 Western Ave,4,0,0,0,0,,42.6914509,-738711465.0000001
201052,"October 5, 2014",Michigan,Detroit,East 7 Mile Road and Sherwood Street,1,5,0,0,0,,42.4337774,-83.0340456
201630,"October 5, 2014",Florida,Jacksonville,7300 block of Linda Drive,3,1,0,0,0,,30.3870258,-81.6723555
201648,"October 4, 2014",Tennessee,Memphis,1400 block of Gherald Street,2,2,0,0,0,,351698388.9999999,-89.9208154
201502,"October 4, 2014",California,Pomona,1925 West Holt Avenue ,0,4,0,0,0,,34.0617813,-117.7841207
198051,"September 29, 2014",South Carolina,Walterboro,29 Sandy Dam Lane,1,6,0,1,2,,32.8852528,-80.6205114
198527,"September 29, 2014",California,Fresno,2300 block of West Fountain Way ,0,4,0,0,0,,36.7813624,-119.8381184
197416,"September 28, 2014",Pennsylvania,Philadelphia,2800 block of Hope Street,0,4,0,0,0,,39.9926757,-75.1312062
197384,"September 28, 2014",Florida,Miami,NW 7th Ave and NW 64th St,0,15,0,0,0,,25.8341414,-80.2085771
197287,"September 27, 2014",Missouri,Saint Louis,2000 block East John Avenue,0,5,0,0,0,,38.6716901,-90.2097929
198064,"September 26, 2014",South Carolina,Florence,650 Turner Rd,1,4,0,0,2,,34.2584828,-797687555.9999999
194945,"September 21, 2014",Ohio,East Liverpool,440 First St,0,4,0,0,0,,40.6308275,-80.5519767
193960,"September 20, 2014",Mississippi,Batesville,8297 Curtis Rd,2,2,0,0,0,,34.3394859,-90.0524379
193570,"September 19, 2014",New York,Queens,32-14 106th St,0,4,0,0,0,,40.7592734,-738633014.9999999
192851,"September 18, 2014",Florida,Bell,2550 NW 29th Terrace,7,0,1,0,0,,29.7751504,-828573105.9999999
191416,"September 15, 2014",Louisiana,New Orleans,Chef Menteur Highway and Dale Street,0,5,0,0,0,,30.0112084,-9.0009757
190874,"September 14, 2014",Texas,Flour Bluff,229 Naval Air Station Drive,3,1,0,0,0,,27.6768256,-97.2749643
2172621,"September 14, 2014",Texas,Corpus Christi,229 NAS Dr,3,1,0,0,1,,27.6768256,-97.2749643
190599,"September 14, 2014",Alaska,Anchorage,225 E Fifth,0,6,0,0,0,,612177808.9999999,-14.9880157
189562,"September 11, 2014",Michigan,Detroit,14000 block of Patton,1,7,0,0,0,,4.2387666,-832429320.0000001
188332,"September 6, 2014",Florida,Orlando,2015 Orange Blossom Trail,0,4,0,0,0,,28.5205037,-8.1396531
186488,"September 6, 2014",Georgia,Macon,576 Poplar Street,0,5,0,0,0,,32.8347679,-83.6299909
185393,"September 4, 2014",Michigan,Flint,2400 block of Martin Luther King Boulevard,0,5,0,0,0,,43.0384318,-837041151.9999999
185430,"September 3, 2014",California,Los Angeles,East 27th and Stanford ,0,6,0,0,0,,34.0198931,-118.2600773
185196,"September 2, 2014",Mississippi,Jackson,3622 Medgar Evers Boulevard,2,3,0,0,0,,32.3404923,-90.2140629
184507,"September 2, 2014",California,Highland,25000 block of Fifth Street ,0,5,0,0,0,,34.1083313,-117.2587948
183432,"August 31, 2014",California,Livermore,200 block of South Q Street ,0,5,0,0,0,,376783323.0000001,-121.7770593
182974,"August 29, 2014",Florida,Brooksville,820 Peach St,3,1,0,0,0,,28.5459275,-82.3909432
181947,"August 27, 2014",Michigan,Detroit,16600 block of Edmore,1,3,0,0,0,,42.4473095,-82.9484296
180007,"August 24, 2014",California,San Fernando,1400 block of Celis Street,4,5,0,0,1,,34.2860124,-118.4461113
180018,"August 24, 2014",Illinois,Chicago,8300 block of South Halsted Street,1,3,0,0,0,,41.7432357,-87.6441991
180580,"August 24, 2014",Georgia,Augusta,1013 Carrie Street,1,3,0,0,0,,33.4666043,-819742778.9999999
178425,"August 20, 2014",Tennessee,Memphis,1400 block of Briarcrest Lane,0,5,0,0,0,,35.2244137,-90.0149543
178006,"August 18, 2014",Louisiana,Saint Martinville,Main and Hyacinth streets,0,4,0,0,0,,30.1179957,-91.8335381
177770,"August 17, 2014",California,East Palo Alto,Purdue Street and Georgetown Avenue,1,3,0,0,0,,37.4806104,-122.1367349
175943,"August 17, 2014",Massachusetts,Boston,Edinboro Street,0,4,0,0,0,,42.3521618,-7.1059757
175911,"August 17, 2014",New York,Queens,153-38 118th Ave,0,4,0,0,0,,40.6809472,-73.7885817
175839,"August 17, 2014",Nevada,Las Vegas,Owens Avenue and H Street,0,4,0,0,0,,36.1883488,-11.5151996
175788,"August 16, 2014",Utah,Salt Lake City,122 Pierpont Avenue,0,6,0,0,0,,40.7641012,-111.8949415
175779,"August 16, 2014",New Jersey,Plainfield,West 3rd Street and Monroe Avenue,1,3,0,0,0,,40.6041807,-744381906.0000001
174560,"August 14, 2014",Tennessee,Memphis,797 Pope Street,1,3,0,0,0,,3.5154022,-89.9561567
174544,"August 13, 2014",Tennessee,Clarksville,Treeland Drive,0,4,0,0,0,,36.5897551,-87.3096905
175767,"August 13, 2014",Louisiana,New Orleans,New Orleans and North Rocheblave streets,0,4,0,0,0,,2.9981228,-900660896.9999999
173369,"August 12, 2014",New York,Buffalo,Oakmont Ave,1,3,0,0,0,,42.9323808,-78.8078502
173628,"August 12, 2014",Georgia,Cartersville,Brent Cir,1,3,1,0,0,,34.1742784,-84.8867947
172304,"August 10, 2014",Louisiana,New Orleans,5400 block of Burgundy St,2,5,0,0,2,,2.9959368,-900192019.9999999
172205,"August 10, 2014",District of Columbia,Washington,50 block of N St SW,0,6,0,0,0,,38.8744745,-770108559.9999999
172288,"August 10, 2014",Georgia,Wrightsville,2455 Idylwild Dr,0,6,0,0,0,,3.2709148,-8.2728996
172180,"August 10, 2014",California,Moreno Valley,16300 block of Heather Glen Road ,0,7,0,0,0,,33.8836081,-117.2217964
171802,"August 9, 2014",Minnesota,Minneapolis,400 3rd Ave N,1,8,0,0,0,,4.4978618,-9.3262441
173786,"August 8, 2014",District of Columbia,Washington,2nd St NE and Todd Pl NE,0,4,0,0,0,,38.9162871,-77.0035173
171823,"August 8, 2014",New Mexico,Albuquerque,3426 Vassar NE,1,3,0,0,0,,3.5119424,-106.6148145
171778,"August 8, 2014",Wisconsin,Milwaukee,3000 block of N. 28th Street ,0,4,0,0,0,,43.0735158,-87.9483015
170704,"August 6, 2014",California,Bakersfield,1700 block of Quincy Street ,3,1,0,0,0,,3.5381656,-11.8974197
169326,"August 4, 2014",Georgia,Atlanta,1100 block of Joseph E. Boone Boulevard NW,0,5,0,0,0,,33.7633061,-844235333.0000002
168844,"August 3, 2014",Virginia,Culpeper,14458 Rixeyville Rd,5,0,0,0,0,,38.5001862,-77.9923323
168551,"August 3, 2014",Texas,Humble,3403 FM 1960,0,7,0,0,0,,2.9999849,-95.2454523
169024,"August 3, 2014",Tennessee,Columbia,East 9th Street and Bridge Street,0,5,0,0,0,,35.6095474,-87.0301221
168786,"August 3, 2014",Missouri,Saint Louis,5200 block of Thekla ,0,5,0,0,0,,38.6904408,-90.2433901
167872,"August 2, 2014",Texas,Dallas,5125 Wynell Street,3,1,0,0,1,,32.6858049,-967824805.0
168307,"August 2, 2014",Pennsylvania,Pittsburgh,Penn Avenue and 29th Street,1,5,0,0,0,,40.4578452,-79.9742012
168169,"August 2, 2014",Massachusetts,New Bedford,Acushnet Avenue,0,7,0,0,0,,41.6872241,-7.0926316
167649,"August 1, 2014",Pennsylvania,Philadelphia,1500 block of South Etting Street,1,3,0,0,0,,39.9344269,-75.1901194
176329,"July 30, 2014",North Carolina,Hope Mills,5109 New Moon Dr,2,4,1,0,0,,35.0006861,-78.9509585
165856,"July 28, 2014",Pennsylvania,Philadelphia,4900 block of North Front Street,1,4,0,0,0,,40.0247446,-75.1238723
165089,"July 27, 2014",Missouri,Saint Louis,2000 block of East John Avenue,0,5,0,0,0,,38.6716901,-90.2097929
164513,"July 26, 2014",Maine,Saco,35 Water Street,4,0,1,0,0,,43.4980152,-70.4488365
166970,"July 26, 2014",Arkansas,Pine Bluff,Third Ave and Redbud St,1,3,0,0,0,,34.2276621,-92.0524255
163930,"July 26, 2014",Georgia,Sylvester,Royal Street,0,8,0,0,0,,31.5302983,-83.8221404
163874,"July 25, 2014",Illinois,Chicago,700 S California Ave,1,6,0,0,3,,41.8726014,-87.6963054
162687,"July 23, 2014",Pennsylvania,Braddock,700 block of Hickory St,0,4,0,0,0,,404057612.9999999,-798612974.9999999
161302,"July 21, 2014",New Jersey,Irvington,36 Welland Avenue,0,6,0,0,0,,40.7171878,-74.2288159
162008,"July 21, 2014",Tennessee,Memphis,300 block of Foote Park Lane,0,4,0,0,0,,0.3514588,-0.9005325
161063,"July 20, 2014",Nevada,Las Vegas,3400 block of N Rancho Dr,1,3,0,0,0,,36.2207356,-115.2146439
160998,"July 20, 2014",Illinois,East Saint Louis,5103 block of Bunkum Rd,1,3,0,0,0,,386234507.0000001,-90.0960023
160488,"July 19, 2014",Illinois,Chicago,1300 North Mason Avenue,0,4,0,0,0,,419039505.9999999,-87.7745077
159291,"July 13, 2014",District of Columbia,Washington,1700 block of Lincoln Rd NE,0,4,0,0,0,,38.9126904,-77.0086908
158387,"July 13, 2014",California,Sacramento,1972 Fulton Ave,1,4,0,0,0,,38.6007848,-121.4010829
158589,"July 13, 2014",Connecticut,Stamford,84 West Park Place,0,5,0,0,0,,4.1053512,-735413308.9999999
158306,"July 13, 2014",Washington,Skyway,12600 Renton Avenue South ,0,5,0,0,0,,474917498.9999999,-122.2393167
157857,"July 12, 2014",California,Pasadena,1700 block of Summit Avenue,3,2,0,0,0,,34.1750999,-118.1473086
157580,"July 11, 2014",Illinois,Chicago,5200 West Quincy Street,1,3,0,0,0,,41.8776892,-877554797.9999999
156670,"July 9, 2014",Texas,Spring,711 Leaflet Ln,6,1,0,0,1,,30.0408635,-95.4419789
156468,"July 8, 2014",Rhode Island,Providence,35 March Street,0,5,0,0,0,,4.1841643,-71.4249312
162305,"July 7, 2014",Kentucky,Stopover,KY 194E,0,4,0,0,0,,37.5159411,-0.8209124
155943,"July 7, 2014",California,San Bernardino,312  E Baseline Street ,1,4,0,0,0,,34.1217089,-117.2782089
156125,"July 6, 2014",Florida,Miami,NW 20th Ave and NW 62nd St,2,2,0,0,0,,25.8315312,-802299618.9999999
155412,"July 6, 2014",Missouri,Saint Louis,4600 block of Natural Bridge Avenue,0,4,0,0,0,,38.6716118,-90.2418172
155755,"July 6, 2014",New York,Buffalo,100 block of Erb Street,0,4,0,0,0,,42.9208994,-78.8003954
154971,"July 5, 2014",Oregon,Portland,333 SE 122nd Ave,1,4,0,0,1,,45.5199377,-122.5380451
154803,"July 5, 2014",Texas,Houston,1700 Almeda-Genoa,0,6,0,0,0,,2.9612053,-9.5395748
154834,"July 5, 2014",Virginia,Norfolk,861 W. 36th Street,0,7,0,0,0,,3.6878198,-0.7629742
154721,"July 5, 2014",Indiana,Indianapolis,Broad Ripple Avenue,0,7,0,0,0,,39.8686303,-86.1313339
158055,"July 5, 2014",Illinois,Centreville,4700 Piggott Avenue,0,5,0,0,0,,3.8580019,-9.0123285
154844,"July 4, 2014",Virginia,Norfolk,1722 Thurgood Street,0,5,0,0,0,,36.8259328,-76.2624773
156834,"July 2, 2014",Pennsylvania,Chester,1400 block of West Congress Street,0,5,0,0,0,,39.8406125,-75.3863327
153275,"June 30, 2014",Kentucky,Lexington,Scottsdale Circle,1,3,0,0,1,,38.0759033,-84.4779882
152468,"June 29, 2014",Louisiana,New Orleans,700 block of Bourbon St,1,9,0,0,1,,2.9958836,-900655692.9999999
153648,"June 29, 2014",Missouri,Saint Louis,2800 block of Dayton,0,4,0,0,0,,3.8641861,-0.9021602
152693,"June 29, 2014",California,Los Angeles,1100 block of North Vermont Avenue,1,5,0,0,1,,34.0912202,-118.2913512
152960,"June 28, 2014",California,Antioch,5500 Cedar Point Way,0,7,0,0,0,,37.9569993,-121.7575053
153578,"June 28, 2014",New York,Manhattan,Fifth Avenue and West 139th Street,0,4,0,0,0,,40.8153289,-739357285.9999999
152722,"June 27, 2014",California,San Diego,1600 block of Cathy Street,1,3,0,0,0,,32.5872633,-117.0946113
157018,"June 26, 2014",Michigan,Detroit,Grand St,2,2,0,0,0,,42.3936178,-83.1258276
151659,"June 26, 2014",Wisconsin,Milwaukee,24th and Locust,0,5,0,0,0,,4.3071512,-879436279.9999999
151475,"June 25, 2014",Massachusetts,Lowell,Midland Street,0,5,0,0,0,,42.6235078,-7.1326935
150299,"June 24, 2014",Florida,Miami,Northwest 12th Avenue and 65th Street,2,7,0,0,0,,25.8342779,-80.2167735
154136,"June 22, 2014",California,Windsor,Windsor Avenue,1,3,0,0,0,,38.5477629,-122.8189023
150344,"June 21, 2014",Tennessee,Memphis,2119 East Alcy Road,0,5,0,0,7,,35.0770106,-89.9938797
149954,"June 21, 2014",District of Columbia,Washington,Florida Ave NW and U St NW,0,4,0,0,0,,38.9170143,-770411934.9999999
157013,"June 20, 2014",Maryland,Seat Pleasant,6600 block of Greig Street,0,4,0,0,0,,3.8900128,-769058948.9999999
146565,"June 15, 2014",Indiana,Kokomo,5100 Clinton Drive,0,4,0,0,0,,40.4354823,-86.1258312
146586,"June 15, 2014",Illinois,Park Forest,200 Berry Street,0,4,0,0,0,,41.5015244,-876787270.9999999
149706,"June 13, 2014",California,Los Angeles,8600 block of South Figueroa Street,3,1,0,0,0,,33.9596113,-11.8282285
156245,"June 9, 2014",New Jersey,Paterson,Rosa Parks Boulevard and Godwin Avenue,0,6,0,0,0,,40.9206839,-74.1590599
144524,"June 8, 2014",Florida,Fort Myers,17372 Phlox Drive,4,0,1,0,0,,26.4846936,-81.8215137
144565,"June 8, 2014",Alabama,Opp,611 Hardin Street,1,4,0,0,1,,3.1272515,-862528229.9999999
143979,"June 7, 2014",Michigan,Oak Park,10811 W. Ten Mile Rd.,1,3,0,0,0,,42.4719771,-831709296.0000001
143723,"June 7, 2014",South Carolina,Moncks Corner,Tish Lane,1,5,0,0,0,,33.1684567,-80.1324399
142822,"June 4, 2014",Illinois,Chicago,4900 West West End Avenue,1,3,0,0,0,,41.8832794,-87.7481889
142818,"June 3, 2014",Georgia,Atlanta,Auburn Avenue,1,4,0,0,1,,33.7555226,-84.3770646
142076,"June 2, 2014",Illinois,Chicago,2660 E. 79th St,0,7,0,0,0,,41.7521292,-87.5591115
141792,"June 1, 2014",California,Sacramento,6500 46th Street,0,4,0,0,0,,38.5087528,-121.4514883
141382,"June 1, 2014",Illinois,Chicago,West Ferdinand Street and North Lavergne Avenue ,1,5,0,0,0,,41.8895287,-87.7505061
153532,"May 31, 2014",California,San Bernardino,800 block of West Victoria St,1,3,0,0,0,,34.1111328,-117.3009052
139281,"May 25, 2014",Ohio,Toledo,2100 block of Joffre Avenue,1,3,0,0,0,,41.6616385,-835864419.9999999
138567,"May 24, 2014",Michigan,Detroit,Strathmoor St,0,4,0,0,0,,42.3970246,-83.1875621
138645,"May 24, 2014",South Carolina,Myrtle Beach,104 N Ocean Blvd,3,1,0,0,0,,33.6836247,-78.8873133
138282,"May 23, 2014",California,Goleta,840 Embarcadero del Norte,3,7,1,0,0,,34.4142233,-119.8550254
140185,"May 23, 2014",Louisiana,New Orleans,6200 block of Eads Street,1,7,0,0,0,,30.0227332,-900507497.9999999
138370,"May 23, 2014",California,Bellflower,9541 Flower Street,2,2,0,0,0,,33.8821979,-118.1303257
142123,"May 21, 2014",Texas,Dallas,4515 Village Fair Pl,1,3,0,0,0,,32.6894226,-96.8282507
135904,"May 18, 2014",Ohio,Sandusky,1643 Cleveland Rd,0,7,0,0,0,,41.4429927,-82.6858634
136567,"May 17, 2014",California,Coachella,84000 block of Pedro Drive,1,3,0,0,1,,33.6851543,-116.1887419
136163,"May 17, 2014",District of Columbia,Washington,2200 block of Adams Pl NE,0,5,0,0,0,,38.9192851,-76.9755267
134823,"May 13, 2014",Georgia,Atlanta,Panther Trail and Childress Drive,0,5,0,0,0,,33.6981565,-84.4861986
134591,"May 12, 2014",Illinois,Chicago,3400 West 24th Street,0,4,0,0,0,,41.8480861,-8.7710017
134238,"May 11, 2014",Tennessee,Memphis,2517 Shasta,0,7,0,0,0,,35.1687664,-899732794.9999999
156823,"May 10, 2014",California,Sacramento,3031 Guadalajara Way,1,6,0,0,2,,38.6241056,-121.5248497
134044,"May 10, 2014",Georgia,Stone Mountain,1100 To Lani Farm Road,1,3,0,0,1,,33.7621554,-84.2056693
134052,"May 10, 2014",Georgia,Decatur,Shamrock Dr,2,3,0,0,1,,33.7308617,-84.2573203
132897,"May 4, 2014",Colorado,Wheat Ridge,12100 W 44th,0,4,0,0,0,,39.7775472,-105.1343598
131697,"May 4, 2014",Illinois,Chicago,500 West Erie Street,1,3,0,0,0,,41.8940302,-87.6416313
131998,"May 3, 2014",Arkansas,Jonesboro,2201 Moore Rd,3,4,1,0,0,,35.8183427,-90.6155781
132405,"May 3, 2014",Texas,Houston,Gears Rd and Trickey Rd,0,6,0,0,0,,299460388.9999999,-95.4447112
130933,"April 30, 2014",Illinois,Chicago,7200 South Phillips Avenue,0,4,0,0,0,,41.7644394,-87.5657791
130232,"April 29, 2014",Georgia,Kennesaw,1675 Airport Road,0,6,1,0,0,,3.4008653,-84.6019127
129730,"April 27, 2014",New York,Troy,Fourth Street,0,5,0,0,0,,42.7213387,-73.6911982
128871,"April 25, 2014",Tennessee,Memphis,2000 Chelsea Avenue,2,3,0,0,0,,35.1734373,-89.9906671
173109,"April 22, 2014",California,Los Angeles,6419 Brynhurst Avenue,1,3,0,0,0,,33.9810939,-118.3341845
127045,"April 20, 2014",Illinois,Montgomery,1300 block of Jackson St,0,6,0,0,0,,41.7302384,-88.3104462
127413,"April 20, 2014",Illinois,Chicago,6600 South Michigan Ave,0,5,0,0,0,,41.7745475,-87.6230771
127381,"April 20, 2014",Florida,Tampa,2902 N. 32nd St.,2,2,0,0,0,,27.9692218,-824255057.0000002
156828,"April 14, 2014",District of Columbia,Washington,1909 19th St SE,0,4,0,0,0,,38.8682449,-76.9773616
125028,"April 12, 2014",Louisiana,New Orleans,2100 block of Pauger Street,1,3,0,0,0,,29.9715025,-900607776.0000001
124146,"April 11, 2014",Indiana,Richmond,North 15th and H Streets,0,4,0,0,0,,3.9818169,-848818020.0000001
124131,"April 9, 2014",Illinois,Rockford,300 N Sunset Ave,0,5,0,0,0,,42.2787689,-89.1183927
123891,"April 9, 2014",Tennessee,Lookout Valley,Kellys Ferry Road and Kellys Ferry Place,3,1,0,0,0,,35.0292398,-8.5408253
123008,"April 7, 2014",Louisiana,New Orleans,500 block of South Alexander Street,0,4,0,0,0,,2.9973233,-9.0107192
123666,"April 6, 2014",Massachusetts,Springfield,90 Worthington St.,0,4,0,0,0,,42.1031816,-7.2593741
125863,"April 6, 2014",Oklahoma,Oklahoma City,Northwest 29th Street and Portland Avenue,0,4,0,0,0,,3.5498761,-97.5833868
122136,"April 5, 2014",Illinois,Chicago,4300 W Wilcox Street,1,5,0,0,0,,41.8789965,-87.7331317
122612,"April 5, 2014",Arizona,Phoenix,5400 block of W Palm Ln,1,3,0,0,0,,33.4698476,-112.1756999
122672,"April 5, 2014",California,Fairfield,Orchid Street ,0,4,0,0,0,,38.2789131,-12.2036979
121031,"April 2, 2014",Texas,Fort Hood,Motor Pool Road and Tank Destroyer Boulevard,3,16,1,0,0,,31.1329738,-9.7794446
120621,"March 30, 2014",Mississippi,Starkville,2938 Rockhill Rd,0,5,0,0,1,,33.5062102,-88.8100243
120303,"March 30, 2014",North Carolina,Charlotte,4300 Sunset Road,0,5,0,0,0,,35.3052296,-80.8561507
117818,"March 23, 2014",Texas,Arlington,2700 Majesty Drive,1,3,0,0,0,,32.7548027,-97.0613774
172722,"March 23, 2014",California,Long Beach,601 Long Beach Boulevard,1,3,0,0,0,,33.7743922,-118.1897598
117914,"March 23, 2014",California,San Francisco,Turk and Taylor,0,7,0,0,0,,37.7834701,-122.4093692
117642,"March 21, 2014",South Carolina,North Charleston,7550 Dorchester Road,0,4,0,0,0,,32.9035946,-80.0787343
117591,"March 16, 2014",Texas,Beaumont,S 4th St,3,1,0,0,1,,30.0588443,-94.1155643
125855,"March 16, 2014",Georgia,Waynesboro,4960 Highway 80 West ,0,4,0,0,0,,33.0898731,-82.0156736
115012,"March 14, 2014",New York,Brooklyn,S. Second and Roebling Sts,0,4,0,0,0,,40.7121716,-73.9590675
113156,"March 9, 2014",Ohio,Fremont,531 W State St,3,1,0,0,0,,41.3483889,-83.1167004
113247,"March 9, 2014",Texas,Austin,4900 block of West Race Avenue,0,6,0,0,0,,3.0267153,-97.7430608
113214,"March 8, 2014",Illinois,Chicago,4900 West Race Ave,0,6,0,0,0,,4.1890659,-877484425.9999999
113255,"March 8, 2014",California,Richmond,1600 block of First Street,1,3,0,0,0,,37.9562803,-122.3685087
112415,"March 5, 2014",South Carolina,Pelzer,Law St,3,1,0,0,1,,34.6390534,-0.8245249
111095,"March 1, 2014",Pennsylvania,Pittsburgh,Hamilton Ave,1,4,0,0,1,,40.4552835,-79.9003503
109957,"February 25, 2014",Virginia,Glade Spring,33325 Graceland Ln,3,1,1,0,0,,3.6783923,-81.7858577
109142,"February 22, 2014",California,Wilmington,1200 block of W Papeete St,0,4,0,0,0,,33.7868951,-11.8277844
108649,"February 20, 2014",California,Alturas,300 W 1st St,4,1,0,0,1,,41.4839209,-120.5452397
108691,"February 20, 2014",Indiana,Indianapolis,3200 block of S Parker Ave,4,0,0,0,1,,39.7195438,-86.1136149
107417,"February 16, 2014",Florida,Orlando (Pine Hills),4500 block of Charlene Terrace,1,6,0,0,0,,28.5732185,-814408565.9999999
108659,"February 16, 2014",Texas,Fort Worth, 115 NW 25th St.,1,4,0,0,0,,32.7897915,-97.3498391
107673,"February 16, 2014",Indiana,Fort Wayne,Lafayette Street and East Tillman Road,0,5,0,0,0,,41.0171871,-85.1193708
107519,"February 16, 2014",Texas,Dallas,2600 block of South Harwood Street,1,7,0,0,0,,32.7673131,-96.7791306
107433,"February 16, 2014",Florida,Jacksonville,1187 S. Edgewood Ave.,1,4,0,0,0,,30.3085302,-817134351.9999999
107403,"February 15, 2014",Nevada,Las Vegas,Sahara and Maryland ,0,5,0,0,0,,36.1443401,-115.1371013
106243,"February 12, 2014",California,Stockton,1101 E Lindsay St,1,3,0,0,0,,37.9595498,-121.2774788
106394,"February 12, 2014",Indiana,Gary,2220 block of Broadway,0,4,0,1,0,,415780898.9999999,-87.3371411
106481,"February 12, 2014",California,Oakland,37th and International ,1,3,0,0,0,,3.7775283,-1.2222084
104721,"February 7, 2014",Florida,Miami,Northwest 41st Street and 9th Avenue ,0,5,0,0,0,,25.8509143,-80.1780708
105010,"February 6, 2014",Louisiana,New Orleans,4600 block of Downman Road,0,4,0,0,0,,30.0163683,-900217820.0000002
104218,"February 5, 2014",Illinois,Chicago,6740 N Clark St,1,3,0,0,0,,42.0050356,-87.6733696
103698,"February 3, 2014",Indiana,Franklin,2100 block of Bridlewood Dr,2,2,1,0,0,,395006695.9999999,-86.0450037
140117,"January 30, 2014",Texas,Cypress,14015 Fosters Creek Dr,4,0,0,0,1,,29.9730789,-95.6547918
101301,"January 27, 2014",North Carolina,Rocky Mount,821 Word Plaza,0,4,0,0,1,,35.9689581,-77.8190551
113665,"January 27, 2014",Washington,Seattle,2nd Avenue South and South Main Street,1,4,0,0,1,,47.6000443,-122.3315906
100434,"January 25, 2014",Illinois,Chicago,S Union Ave and W 51st St,1,4,0,0,0,,4.1801633,-87.6429028
100568,"January 25, 2014",Florida,Belle Glade,600 block of Covenant Drive,0,4,0,0,0,,26.6866473,-80.6741464
98836,"January 21, 2014",New Jersey,Newark,Springfield Avenue ,2,3,0,0,0,,40.7298364,-74.2134696
104902,"January 20, 2014",Virginia,Manassas,8509 Rixlew Ln,0,4,0,0,0,,38.7724612,-77.5018673
97407,"January 16, 2014",Oklahoma,Ardmore,H St NE and Martin Luther King Blvd,1,4,1,0,0,,34.1763015,-97.1177603
97365,"January 16, 2014",Utah,Spanish Fork,37 N 630 West,4,0,1,0,0,,40.1103573,-111.6654303
96792,"January 14, 2014",California,Los Angeles,West 86th Street,0,4,0,0,0,,3.3959337,-118.2760299
96185,"January 13, 2014",Michigan,Detroit,800 block of Calvert St,0,4,0,0,0,,42.3872103,-830921707.9999999
95579,"January 12, 2014",Illinois,Elgin,300 block of North St,0,5,0,0,0,,4.2040117,-88.2802178
95500,"January 12, 2014",Louisiana,Tallulah,3600 block of Highway 80 W,0,6,0,0,8,,3.2350733,-88.7434417
95550,"January 12, 2014",Alabama,Huntsville,University Drive,0,5,0,0,0,,34.7364724,-86.6500998
95146,"January 11, 2014",Mississippi,Jackson,3430 W. Capitol Street,0,4,0,0,0,,32.3236356,-9.0228448
94514,"January 5, 2014",Pennsylvania,Erie,829 Parade St,1,3,0,0,0,,42.1299699,-800744826.9999999
92704,"January 3, 2014",New York,Queens,Farmers Boulevard and 133rd Avenue,1,3,0,0,0,,40.6768096,-73.7632303
92194,"January 1, 2014",Virginia,Norfolk,Rockingham Street and Berkley Avenue Extended,2,2,0,0,0,,36.8230181,-76.2620697
476321,"December 31, 2015",Louisiana,New Orleans,1900 block of Amelia Street,0,5,0,1,1,,29.9302928,-90.0957644
473882,"December 27, 2015",Tennessee,Jackson,North Parkway,0,4,0,0,0,,35.6486031,-88.8176188
472268,"December 26, 2015",Pennsylvania,Philadelphia,4210 Macalester St,0,4,0,0,2,,40.0142161,-0.7512113
471867,"December 25, 2015",Florida,Jacksonville,Franklin and Odessa,0,4,0,0,0,,30.3328796,-81.6394057
471860,"December 25, 2015",Alabama,Mobile,785 Schillinger Rd S,0,4,0,0,0,,30.6731381,-882216275.9999999
469468,"December 21, 2015",California,San Leandro,14600 block of East 14th Street,0,4,0,0,2,,37.7097838,-122.1345019
468968,"December 20, 2015",North Carolina,Wilmington,11th and Castle Street,1,4,0,0,0,,34.2288726,-77.9345553
469614,"December 20, 2015",Florida,North Miami Beach,NE 167th St and NE 6th Ave,0,4,0,0,0,,25.9285356,-80.1882395
468787,"December 19, 2015",Florida,Miami,21630 SW 120th Ave,1,4,0,0,0,,25.5659561,-80.3868069
464665,"December 13, 2015",California,Los Angeles,5550 S. Flower Street,1,3,0,0,0,,34.0160509,-118.2821847
464945,"December 13, 2015",California,Huntington Beach,17000 block of Keelson Lane,0,4,0,0,0,,33.7116526,-117.9904498
465117,"December 12, 2015",Illinois,Lovejoy (Brooklyn),307 Jefferson St,1,3,0,0,1,,38.6574099,-0.9016841
464002,"December 12, 2015",Georgia,Savannah,Whitaker Street,0,4,0,0,1,,32.0670785,-81.0976304
463642,"December 11, 2015",Maryland,Baltimore,5100 block of Park Heights Avenue,1,3,0,0,0,,39.3481803,-766748396.9999999
463734,"December 11, 2015",Pennsylvania,Pittsburgh,1222 Brownsville Rd,0,4,0,0,0,,40.4031401,-79.9904403
461476,"December 8, 2015",Ohio,Cincinnati,2300 block of Baltimore Ave,1,3,0,0,1,,3.9149722,-8.4561461
460049,"December 6, 2015",Louisiana,Raceland,Market Street,1,3,0,0,2,,2.9719339,-90.6093227
460386,"December 6, 2015",Nebraska,Omaha,North 108th Street and Military Road,2,3,0,0,1,,41.3175893,-960814071.0
456893,"December 2, 2015",California,San Bernardino,1365 South Waterman Ave,14,19,2,0,0,,34.0755639,-117.2776234
457037,"December 2, 2015",Georgia,Savannah,100 block of West 33rd Street,1,3,0,0,0,,32.0607249,-81.1000138
455394,"November 29, 2015",Illinois,Kankakee,648 E Court St,0,5,0,0,0,,41.1193075,-878579293.9999999
454059,"November 27, 2015",Colorado,Colorado Springs,3480 Centennial Blvd,3,9,0,0,1,,38.8809015,-104.8489564
455684,"November 27, 2015",California,Sacramento,7900 block of Florin Road,2,2,0,0,0,,38.4949095,-121.4107057
454788,"November 24, 2015",South Carolina,Conway,1321 Colletta Ct,0,4,0,0,0,,33.8700349,-791404994.9999999
452120,"November 23, 2015",Minnesota,Minneapolis,Morgan Avenue North,0,5,0,0,4,,44.9885441,-93.3044816
452007,"November 23, 2015",Ohio,Columbus,90 block of S Terrace Ave,3,1,1,0,0,,39.9533673,-83.0663797
451305,"November 22, 2015",New York,Newburgh,203 Broadway,0,5,0,0,0,,41.5001233,-74.0163936
452362,"November 22, 2015",South Carolina,North Charleston,Park Circle,1,3,0,0,1,,32.8814008,-799851774.9999999
451349,"November 22, 2015",Illinois,Chicago,4100 block of West Roosevelt,0,4,0,0,0,,41.8661418,-877276323.9999999
451495,"November 22, 2015",Louisiana,New Orleans,1900 block of Gallier St,0,17,0,0,9,,29.9747894,-90.0371605
451338,"November 22, 2015",Washington,Seattle,Broadway and Pike,0,4,0,0,2,,4.7614083,-122.3208432
453317,"November 22, 2015",Texas,Brownsville,1800 block of FM 802,0,4,0,0,1,,25.9512651,-97.4908825
451057,"November 21, 2015",Maryland,Baltimore,Stricker and School,1,3,0,0,0,,393058039.9999999,-76.6419361
450505,"November 20, 2015",Pennsylvania,Pittsburgh,Prospect Drive,1,3,0,0,0,,40.4314153,-79.9355374
449814,"November 18, 2015",California,Fresno,California Avenue and Martin Luther King Jr. Boulevard,0,5,0,0,0,,36.7377981,-119.7871247
448653,"November 16, 2015",Alabama,Cedar Bluff,1460 County Rd 664,3,1,0,0,1,,34.2289388,-85.6846486
448419,"November 15, 2015",Texas,Tennessee Colony,800 block of An County Rd 2217,5,0,0,0,1,,31.8564786,-95.9012774
448286,"November 15, 2015",Pennsylvania,Philadelphia,5600 block of Blakemore St,0,4,0,0,0,,40.0481954,-75.1601172
447462,"November 14, 2015",Pennsylvania,Johnstown,1159 Main St,0,4,0,0,0,,40.3435719,-78.8833082
446996,"November 13, 2015",Florida,Jacksonville,1300 block of South Shirley Oaks Drive,3,1,1,0,0,,30.4679021,-8.1606388
444458,"November 9, 2015",Indiana,Indianapolis,400 block of North Beville Ave,2,2,0,0,3,,397728721.9999999,-86.1232871
443821,"November 8, 2015",Iowa,Des Moines,4397 NW 6th Drive,1,3,0,0,1,,41.6401658,-93.6261799
444168,"November 8, 2015",Michigan,Warren,13859 8 Mile Road,0,4,0,0,0,,42.4496525,-829831734.9999999
443652,"November 7, 2015",Colorado,Denver,Bayaud and Bannock,1,3,0,0,1,,39.7147996,-10.4989973
444406,"November 6, 2015",California,Bakersfield,1000 block of Feliz Drive,0,4,0,0,0,,35.3505473,-118.9895564
441681,"November 3, 2015",Florida,Jacksonville,Ella Street and Kings Road,2,3,0,0,0,,3.0347467,-81.6926869
440743,"November 2, 2015",South Carolina,Pendleton,2217 Refuge Road,4,0,0,0,0,,34.6473352,-82.7488632
438651,"October 28, 2015",Louisiana,Houma,400 block of Morgan Street,1,3,0,0,2,,29.5949563,-90.7307737
437836,"October 27, 2015",Texas,Fort Worth,1700 block of Southcrest Drive,0,5,0,0,0,,32.6705439,-97.3450751
436234,"October 25, 2015",Arizona,Phoenix,Seventh Street and Broadway,1,4,0,0,0,,33.4066968,-112.0645955
436240,"October 25, 2015",District of Columbia,Washington,4300 block of Wheeler Road SE,0,5,0,0,0,,388326846.0000001,-76.9879306
436202,"October 25, 2015",North Carolina,Four Oaks,2339 Stricklands Crossroads Road,0,5,0,0,0,,35.3644368,-78.3571777
436219,"October 24, 2015",South Carolina,Bamberg,682 Dixie Ave.,0,4,0,0,0,,33.3010676,-81.0338983
435144,"October 22, 2015",Tennessee,Nashville,3500 John A. Merritt Blvd,1,3,0,0,2,,36.1638648,-86.8310123
433146,"October 19, 2015",Illinois,Calumet City,300 Campbell Avenue,0,6,0,0,0,,4.1629441,-87.5508849
432711,"October 18, 2015",Louisiana,New Orleans,2600 block of Caffin Avenue,0,4,0,0,0,,2.9977196,-9.0011173
432466,"October 17, 2015",Florida,Fort Myers,2224 First St,1,4,0,0,1,,26.6440355,-81.8701195
432072,"October 17, 2015",Indiana,Elkhart,160 Easy Shopping Pl,0,4,0,0,0,,41.6909768,-85.9659305
429410,"October 12, 2015",Georgia,Decatur,4731 Glenwood Road,0,4,0,0,0,,33.7369682,-842241581.0000001
428215,"October 10, 2015",Tennessee,Memphis,6135 Mount Moriah Road,0,6,0,0,0,,35.0699688,-89.8591924
428247,"October 10, 2015",North Carolina,Charlotte,1900 block of West Boulevard,0,4,0,0,0,,3.5214536,-80.8898626
429614,"October 10, 2015",Illinois,Peoria,2405 N Flora,1,3,0,0,6,,40.7170498,-896012504.9999999
427621,"October 9, 2015",Arizona,Flagstaff,216 E Mountain View Dr,1,3,0,0,1,,35.1886092,-111.6499095
426256,"October 6, 2015",Maryland,Baltimore,300 block of North Payson Street,0,5,0,0,0,,39.2919513,-76.6488856
424224,"October 2, 2015",Maryland,Baltimore,5400 Reisterstown Road,1,4,0,0,0,,39.3460026,-766883170.9999999
423223,"October 1, 2015",Oregon,Roseburg,1140 Umpqua College Rd,9,9,1,0,0,,43.2919442,-12.3337832
422064,"September 28, 2015",Illinois,Chicago,300 block of West 42nd Street,3,2,0,0,3,,41.8184203,-87.6337953
422035,"September 28, 2015",Illinois,Chicago,5300 block of South Aberdeen Street,2,3,0,0,0,,0.4179772,-876528989.9999999
422020,"September 28, 2015",Ohio,Dayton,1921 Oakridge,0,4,0,0,0,,39.7584041,-842358163.9999999
421650,"September 28, 2015",Ohio,Cincinnati,1800 block of Hewitt Ave,0,5,0,0,1,,39.1373897,-84.4719926
421014,"September 27, 2015",Georgia,Greenville,1140 Hill Haven Road,0,10,0,0,2,,3.3038323,-84.7217046
421358,"September 27, 2015",Illinois,Chicago,5200 block of South Justine,0,4,0,0,0,,41.7993909,-876637963.0000002
420855,"September 27, 2015",Missouri,Kansas City,1700 E. 18th St.,0,4,0,0,0,,3.9091355,-94.5619258
426559,"September 25, 2015",Illinois,Danville,1300 block of May Street,0,4,0,0,0,,40.1401769,-876022500.9999999
419718,"September 24, 2015",Illinois,Chicago,5100 block of South Morgan Street,0,5,0,0,0,,41.8015299,-87.6502034
418964,"September 23, 2015",Florida,Fort Myers,Dale St and Veronica S. Shoemaker Blvd,0,4,0,0,0,,26.6429197,-81.8399724
419250,"September 23, 2015",Louisiana,Shreveport,2900 block of Peach Street,0,5,0,0,0,,32.5493632,-938242154.0
419826,"September 23, 2015",Georgia,Norcross,1300 block of Reddington Lane,1,3,0,0,1,,33.9105313,-841744849.9999999
417013,"September 20, 2015",Oklahoma,Tulsa,Pine and Yale,0,6,0,0,0,,36.1771008,-95.9224605
417284,"September 20, 2015",Pennsylvania,Philadelphia,900 Pratt St,1,3,0,0,0,,40.0306912,-75.0929728
416872,"September 20, 2015",Illinois,Chicago,5700 block of South LaSalle,1,5,0,0,0,,41.7907663,-8.7629511
416812,"September 19, 2015",Indiana,Indianapolis,3900 block of Graceland Ave,1,3,0,0,0,,39.8263726,-861627843.9999999
418318,"September 17, 2015",South Dakota,Geddes,36705 379th Street,5,0,1,0,0,,43.2217321,-986049624.0
415687,"September 17, 2015",Michigan,Albion,500 block of W. Broadwell Street,0,4,0,0,0,,42.2571517,-84.7602436
414580,"September 15, 2015",New Jersey,Newark,Irvine Turner Boulevard and West Kinney Street,0,4,0,0,0,,40.7321307,-74.1892611
413001,"September 13, 2015",Florida,Ocala,1910 South Pine Avenue,1,5,0,0,3,,29.1683378,-82.1386919
412996,"September 12, 2015",Louisiana,Shreveport,1500 block of Clanton Street,0,4,0,0,0,,32.4580325,-937608754.0
412487,"September 12, 2015",New York,Rochester,36 Woodward Street,2,3,0,1,1,,43.1644262,-77.5994032
412529,"September 12, 2015",Minnesota,Minneapolis,1st Ave. and N. 5th St.,0,6,0,0,3,,44.9803692,-932737436.0
412539,"September 12, 2015",Minnesota,Minneapolis,1200 block of 22nd Ave. N.,1,3,0,0,0,,44.9914991,-932215356.0
412557,"September 11, 2015",North Carolina,Charlotte,1000 North Carolina Music Factory Blvd.,0,4,0,1,2,,35.2393301,-80.8451309
409856,"September 8, 2015",Illinois,Chicago,56th and Green,0,4,0,0,0,,41.7924754,-87.6463366
409732,"September 7, 2015",Indiana,Gary,9300 block of Sunrise,2,4,0,0,0,,4.1597069,-8.7225594
409601,"September 7, 2015",Colorado,Denver,1909 Blake Street,0,4,0,0,0,,39.7537712,-104.9955042
412040,"September 7, 2015",Minnesota,Excelsior,Channel Drive,4,0,1,0,0,,44.9079411,-93.5444556
408449,"September 5, 2015",North Carolina,Charlotte,6800 block of Fieldvale Place,1,3,0,0,0,,35.1607325,-809106164.0000001
408276,"September 5, 2015",Florida,Daytona Beach,300 block of Pearl Street,0,4,0,0,0,,292136034.9999999,-81.0294991
409101,"September 5, 2015",Nevada,Las Vegas,5000 block of Hollywood Boulevard,1,3,0,0,0,,36.0872003,-115.0289615
408256,"September 5, 2015",Missouri,Columbia,1509 Ashley Street,0,4,0,0,1,,38.9676967,-923164281.0
404167,"August 30, 2015",Tennessee,Memphis,3300 block of Sobota Circle,1,4,0,0,0,,350571975.9999999,-90.0728803
404238,"August 29, 2015",Tennessee,Bristol,618 Henson Road,3,1,0,1,1,,36.5756825,-82.0942981
405133,"August 29, 2015",Texas,Tyler,638 ENE Loop 323,1,3,0,0,4,,32.3903037,-95.2861558
403069,"August 28, 2015",New York,Brooklyn,589 Flatbush Avenue,1,3,0,0,1,,40.6591403,-73.9602652
402623,"August 27, 2015",Florida,Saint Augustine,S Bellagio Dr,2,2,0,0,1,,0.2995915,-81.4852953
403669,"August 27, 2015",California,Salinas,928 Blanco Circle,2,2,0,0,1,,36.6545909,-121.6375854
401884,"August 26, 2015",Minnesota,Minneapolis (Brooklyn Center),5000 block of Drew Ave N,0,4,0,0,0,,45.0460568,-93.3270824
402113,"August 26, 2015",Illinois,Chicago,3025 W. Van Buren Ave,2,2,0,0,1,,418755169.9999999,-8.7702056
402051,"August 26, 2015",Florida,West Palm Beach,800 block of 19th Street,2,2,0,0,0,,2.6731843,-80.0594599
402108,"August 25, 2015",Louisiana,New Orleans,Fern Street and Olive Street,1,3,0,0,0,,29.9617666,-90.1112047
400091,"August 23, 2015",California,Modesto,1100 block of Kansas Avenue,1,7,0,0,0,,37.6454183,-121.0234139
399564,"August 22, 2015",New Mexico,Roswell,302 East Reed Street,3,1,0,0,0,,33.3815318,-104.5181822
399883,"August 22, 2015",Florida,Orlando,FL-408 and N Pine Hills Rd,0,4,0,0,0,,28.5475522,-81.4479784
399212,"August 21, 2015",North Carolina,Durham,2700 block of Hinson Drive,0,8,0,0,0,,36.0297056,-788777729.9999999
399367,"August 21, 2015",Ohio,Cincinnati,Mathis and Prentice,1,5,1,0,0,,3.9159499,-8.4390824
398361,"August 19, 2015",New York,Rochester,500 Genesee St,3,3,0,0,3,,43.1402905,-776348680.9999999
395844,"August 16, 2015",Texas,Fort Worth,3651 Sycamore School Rd,0,6,0,0,0,,3.2633589,-973723080.0
395757,"August 16, 2015",Illinois,Chicago,5400 block of West Division Street,0,4,0,0,0,,41.9023113,-877614009.9999999
395718,"August 16, 2015",South Carolina,Bennettsville,Highway 38N,0,5,0,0,1,,34.6173803,-796847813.9999999
395837,"August 15, 2015",Pennsylvania,Pittsburgh,West Prospect Avenue,1,3,0,0,0,,40.4476237,-8.0073622
395694,"August 15, 2015",California,Los Angeles,57th Street and South Normandie Avenue,0,4,0,0,0,,33.9909683,-118.3002143
395549,"August 15, 2015",South Carolina,Orangeburg,2868 Bamberg Road,1,3,0,0,1,,33.4788139,-809090030.9999999
392131,"August 10, 2015",California,Long Beach,1700 block of East 10th Street,0,4,0,0,0,,33.7789852,-118.1709294
391263,"August 9, 2015",Mississippi,Forest,Poplar St,1,3,0,0,2,,32.3705854,-89.4566625
391219,"August 9, 2015",Michigan,Detroit,15200 block of Hazelridge,1,3,0,0,0,,42.4245361,-82.9650468
391014,"August 9, 2015",Missouri,Kansas City,40th Street and Pennsylvania Avenue,0,4,0,0,0,,39.0550607,-94.5931366
390914,"August 8, 2015",North Carolina,Gastonia,4908 Greenwood Dr,1,3,1,0,0,,35.1924189,-81.2398434
390774,"August 8, 2015",Arkansas,Blytheville,833 Anderson Street,1,11,0,0,1,,35.9193528,-89.8966963
390526,"August 8, 2015",Texas,Houston,2211 Falling Oaks,8,0,0,0,1,,299198090.9999999,-95.4518386
390050,"August 7, 2015",Vermont,Barre,3182 Airport Rd,4,0,0,0,1,,44.2157895,-72.5564412
389057,"August 6, 2015",South Carolina,Columbia,1505 Garden Plaza,0,4,0,0,0,,34.0115247,-81.0137342
389149,"August 4, 2015",Missouri,Saint Louis,2500 block of Semple,1,4,0,0,0,,38.6719599,-902690874.0
387194,"August 3, 2015",New York,Brooklyn,98 Dwight Street,0,5,0,0,4,,40.6757407,-74.0094226
385779,"August 2, 2015",New York,Brooklyn,Stanley Avenue and Crescent Street,0,9,0,0,0,,40.6654701,-73.8675167
386140,"August 2, 2015",Maryland,Baltimore,2700 block of Garrison Avenue,0,7,0,0,0,,39.3500089,-766638567.9999999
385824,"August 2, 2015",Illinois,Chicago,4800 block of West Kamerling Avenue,1,4,0,0,0,,41.9050743,-87.7460852
386066,"August 2, 2015",Georgia,Savannah,Barnard Street,0,5,0,0,0,,32.0630579,-81.1003681
401742,"August 2, 2015",Illinois,Chicago,6700 block of South Winchester Avenue,0,4,0,0,0,,41.7718518,-87.6727916
386937,"August 1, 2015",Florida,Orlando,5801 Shenandoah Way,0,4,0,0,0,,28.5324317,-813081409.9999999
384662,"July 30, 2015",Pennsylvania,Pittsburgh,Brushton Avenue,0,4,0,0,0,,40.4583176,-79.8885672
382459,"July 27, 2015",Illinois,Rockford,900 block of Kent Street,0,5,0,0,0,,42.2637442,-89.1089549
381814,"July 26, 2015",Missouri,Kansas City,Thompson and Colorado,2,3,0,0,0,,39.1693266,-94.5184112
382170,"July 26, 2015",Louisiana,New Orleans,Piety and Treasure street,0,4,0,0,0,,29.9887057,-900350481.9999999
381433,"July 25, 2015",Virginia,Hopewell,500 block of N. 7th Ave,0,4,0,0,1,,37.3058542,-772941724.0000001
382413,"July 24, 2015",Pennsylvania,Erie,200 block of W 29th St,2,3,0,2,4,,42.1079483,-80.0762949
380162,"July 23, 2015",Louisiana,Lafayette,3141 Johnson Street,2,9,1,0,0,,30.2019832,-92.0457315
382230,"July 22, 2015",Missouri,Saint Louis,Fair Ave and Ashland Ave,0,6,0,0,2,,38.6643398,-902303911.0
379166,"July 22, 2015",Georgia,Suwanee,5500 block of Old Atlanta Road,4,0,1,0,0,,34.0802337,-84.1271792
378452,"July 21, 2015",Florida,Miami Gardens,Northwest 25th Avenue and Miami Gardens Drive,1,3,0,0,1,,25.9410792,-802433863.9999999
377878,"July 20, 2015",New York,Bronx,E. 153rd St. and the Grand Concourse,0,6,0,0,0,,40.8211615,-739256154.9999999
377189,"July 19, 2015",Virginia,Suffolk,100 block of North Capitol Street,0,4,0,0,0,,367257083.9999999,-76.5677561
377047,"July 19, 2015",Kentucky,Louisville,2928 W Kentucky St,0,6,0,0,1,,38.2436367,-85.8024343
377181,"July 19, 2015",North Carolina,Rocky Mount,US-64 and E Raleigh Blvd,0,4,0,0,0,,35.9457418,-77.7612345
378102,"July 18, 2015",California,San Diego,200 block of South Bancroft Street,0,4,0,0,0,,32.7042796,-117.1239576
390936,"July 18, 2015",California,Santa Paula,Ojai-Santa Paula St,0,4,0,1,1,,343576828.0000001,-119.0605558
376702,"July 18, 2015",Oregon,Salem,1550 Weston Ct NE,1,4,0,0,0,,44.9488481,-122.9911735
377423,"July 18, 2015",Louisiana,Baton Rouge,300 block of Brice Street,2,2,0,0,0,,30.4456985,-911709962.0
376211,"July 17, 2015",Illinois,Chicago,4400 block of W. Maypole,0,5,0,0,0,,41.8848484,-87.7359553
376823,"July 17, 2015",District of Columbia,Washington,600 block of Edgewood St NE,1,3,0,0,0,,38.9239952,-769984432.9999999
376203,"July 17, 2015",Ohio,Cincinnati,3100 block of Sunshine Ave,0,4,0,0,0,,39.1436051,-84.5788865
375773,"July 16, 2015",Texas,Dallas,2261 Singleton Blvd,0,4,0,1,1,,32.7790861,-96.8591746
375022,"July 16, 2015",Tennessee,Chattanooga,4051 Amnicola Hwy,5,2,1,0,0,,0.3509584,-85.2530288
375322,"July 15, 2015",Maryland,Baltimore,3500 block of West Garrison Boulevard,1,3,0,0,0,,39.3457359,-76.6768093
375412,"July 15, 2015",Ohio,Cleveland,700 block of Thornhill,0,7,0,0,0,,41.5376823,-816018431.9999999
374630,"July 15, 2015",South Carolina,Holly Hill,7050 Old State Rd,4,1,0,0,5,,33.3469551,-804500061.9999999
374602,"July 15, 2015",Georgia,Atlanta,500 block of Center Hill Ave NW,0,4,0,0,0,,33.7689255,-84.4639921
374965,"July 15, 2015",Michigan,Detroit,9200 block of Memorial,0,4,0,0,0,,42.3624504,-83.2114268
374292,"July 14, 2015",Missouri,Saint Louis,1100 block of Riverview,0,4,0,0,0,,38.7225143,-90.2361186
373993,"July 13, 2015",California,Norwalk,11959 162nd Street,0,4,0,0,0,,33.8845882,-118.0776588
373768,"July 13, 2015",California,Stockton,400 block of McCloud Avenue,1,4,0,0,0,,37.9708937,-121.2913581
373095,"July 12, 2015",Illinois,River Forest,116 Lathrop Ave,1,3,1,0,0,,418819048.9999999,-87.8148927
373063,"July 12, 2015",New Jersey,Jersey City,Sip and Van Wagenen avenues,0,4,0,0,0,,40.7352621,-0.7406868
370187,"July 7, 2015",Ohio,Cleveland,East 162nd Street and Miles Avenue,1,3,0,0,1,,4.1441112,-815683648.9999999
370474,"July 7, 2015",Maryland,Baltimore,900 block of West Fayette Street,3,1,0,0,0,,39.2901361,-76.6323956
369014,"July 5, 2015",Louisiana,Shreveport,3500 block of Hearne Ave,0,5,0,1,2,,32.4801153,-937803959.0000002
368732,"July 5, 2015",Indiana,Fort Wayne,1400 block of McCulloch Street,0,9,0,0,0,,41.0731137,-851179930.9999999
369196,"July 5, 2015",New Jersey,East Orange,200 block of S. Clinton St,1,3,0,0,0,,40.7586052,-74.2204775
369410,"July 4, 2015",Kentucky,Louisville,2500 block of West Broadway,0,4,0,0,0,,3.8249087,-8.5793691
368987,"July 4, 2015",Massachusetts,Pittsfield,Dewey Avenue,1,4,0,0,0,,4.2454233,-7.3260351
368867,"July 4, 2015",District of Columbia,Washington,2600 block of Douglass Pl SE,1,3,0,0,4,,38.8567826,-769891890.9999999
368995,"July 4, 2015",New York,Syracuse,Bellevue and Rich Street,0,4,0,0,0,,43.0333763,-76.1612452
369127,"July 4, 2015",Texas,San Antonio,1100 block of West Avenue,0,4,0,0,0,,29.4722061,-98.5258588
367780,"July 2, 2015",Indiana,Indianapolis,500 block of Lynn St,1,3,0,0,1,,39.7746957,-86.1948216
366046,"June 29, 2015",Florida,Opa Locka,13450 NW 30th Ave,0,4,0,0,0,,25.8963531,-80.2480489
367099,"June 28, 2015",Illinois,Venice,1430 Broadway,0,6,0,0,2,,38.6775706,-90.1595568
365391,"June 28, 2015",Michigan,Detroit,Gratiot and Loretto,0,5,0,0,1,,4.2416036,-82.9902127
365399,"June 28, 2015",Delaware,Harrington,100 block of East St,0,6,0,0,2,,3.8920987,-75.5742877
364872,"June 27, 2015",Massachusetts,Taunton,Weir Street,1,3,0,0,1,,41.8948802,-71.0910253
364789,"June 27, 2015",Michigan,Detroit,Stringham Court,0,4,0,0,0,,42.3914455,-82.9728159
364210,"June 25, 2015",Louisiana,New Orleans,2588 Martin Luther King Jr Blvd,0,4,0,0,0,,299443925.9999999,-90.0853345
363418,"June 24, 2015",New York,New York (Manhattan),2110 Madison Ave,0,4,0,0,0,,40.8107475,-73.9373054
361948,"June 22, 2015",Pennsylvania,Philadelphia,700 block of East Hilton Street,0,7,0,0,2,,39.9973792,-75.1171782
361708,"June 21, 2015",Kentucky,Lexington,726 Georgetown St,1,4,0,0,0,,38.0712039,-84.5015713
361198,"June 20, 2015",Pennsylvania,Philadelphia,4100 block of Ogden St,0,10,0,0,1,,39.9690267,-752060250.9999999
360895,"June 20, 2015",North Carolina,Morven,6066 Robinson Bridge Rd,0,4,0,0,2,,34.8638948,-80.0130418
361212,"June 20, 2015",Michigan,Detroit,Dexter and Webb,1,11,0,0,0,,42.3795284,-831239794.9999999
361014,"June 19, 2015",Rhode Island,Woonsocket,80 River Street,0,4,0,0,1,,42.0003994,-715177279.9999999
359830,"June 17, 2015",South Carolina,Charleston,110 Calhoun Street,9,0,0,0,1,,3.2787494,-79.9331048
359215,"June 16, 2015",Florida,Miami Gardens,600 block of Northwest 177th Street,0,4,0,0,1,,25.9362963,-0.8021082
358117,"June 15, 2015",New York,Brooklyn,673 Flatbush Avenue,0,4,0,0,0,,40.6568352,-739598963.9999999
357597,"June 14, 2015",New Jersey,Camden,2800 block of Mitchell Street,1,3,0,0,0,,39.9498762,-75.0874546
357667,"June 14, 2015",Oklahoma,Tulsa,1800 block of North Kingston,0,4,0,0,0,,36.1808714,-9.5909606
357611,"June 14, 2015",Missouri,Saint Louis,1400 block of North Market Street,0,4,0,0,0,,38.6479724,-90.1961658
357732,"June 13, 2015",Georgia,Fayetteville,600 block of Highway 279,1,4,0,0,1,,33.5328677,-844548588.9999999
357590,"June 13, 2015",Oklahoma,Oklahoma City,500 block of SE 69th St,0,4,0,0,2,,3.5395178,-97.5033841
357770,"June 13, 2015",Georgia,Milledgeville,451 North Flynn Street,1,3,0,0,0,,33.0801429,-83.2320991
357701,"June 13, 2015",New York,Bronx,2409 Creston Avenue,0,5,0,0,0,,40.8607278,-73.8995437
357164,"June 13, 2015",Ohio,Columbus,1623 E. Hudson Street,4,1,0,0,2,,40.0134722,-82.9663909
357220,"June 12, 2015",Florida,Allapattah,24th Avenue and 36th Street,0,4,0,0,0,,25.8092185,-8.0236143
356065,"June 11, 2015",Connecticut,Bridgeport,468 Trumbull Ave,1,8,0,0,2,,41.2206065,-731957166.9999999
355883,"June 11, 2015",Texas,Houston,3400 block of Burkett,1,3,0,0,0,,29.7282158,-953578339.0
355644,"June 10, 2015",California,Los Angeles,South Vermont Avenue and West 88th Street,1,3,0,0,0,,339579302.0000001,-118.2918057
355267,"June 9, 2015",Missouri,Saint Louis,North Market Street and North Spring Avenue,1,3,0,0,0,,38.6520539,-90.2256393
353854,"June 7, 2015",Montana,Deer Lodge,Boulder Creek Road,4,0,1,0,0,,46.4035617,-1.1271785
353536,"June 6, 2015",New York,Buffalo,100 block of Warren Avenue,1,4,0,0,1,,42.8936291,-78.8329335
353037,"June 6, 2015",Illinois,Chicago,100 block of North Lorel Avenue,0,5,0,0,0,,41.8823164,-87.7588137
353382,"June 5, 2015",Iowa,Davenport,900 block of West 3rd St,0,5,0,0,0,,41.5223834,-90.5859248
351936,"June 3, 2015",New York,Wyandanch,Davidson Street,3,1,0,0,0,,40.7403082,-73.3625692
350182,"May 31, 2015",Georgia,Conyers,4669 Bell Road SE,2,2,1,0,0,,33.5639997,-84.0155867
350021,"May 31, 2015",Maryland,Springdale,9222 Ardwick Ardmore Road,1,3,0,0,0,,3.8937582,-7.6846653
349976,"May 31, 2015",Connecticut,New Haven,849 Chapel Street,0,5,0,0,1,,41.3059614,-72.9250861
349289,"May 30, 2015",California,San Diego,4200 block of Market Street,0,4,0,0,0,,32.7115006,-117.1047015
348606,"May 28, 2015",Nebraska,Omaha,84th and Q,0,4,0,0,0,,41.2053046,-96.0430919
348620,"May 28, 2015",Illinois,Chicago,6200 block of South Honore Street,0,5,0,0,0,,41.7812156,-876703359.9999999
348673,"May 28, 2015",Pennsylvania,Chester,2700 block of West 3rd Street,1,3,0,0,0,,39.8325146,-753901978.9999999
346725,"May 26, 2015",Louisiana,New Orleans,6700 block of Tara Lane,2,2,0,0,0,,30.0289543,-8.9984624
346097,"May 25, 2015",Illinois,Decatur,1816 N Water,1,4,0,0,1,,39.8605287,-88.9541802
345681,"May 24, 2015",Massachusetts,Brockton,1002 Main St,0,5,0,0,1,,42.0655663,-71.0160217
345749,"May 24, 2015",Michigan,Flint,W. 12th Street and Hammerberg Road.,0,7,0,0,1,,42.9943676,-83.7045445
346320,"May 24, 2015",Alabama,Montgomery,Smiley Court,1,3,0,0,2,,32.3337602,-863523747.0000001
346179,"May 24, 2015",Missouri,Saint Louis,2700 block of Dayton,0,4,0,0,0,,38.6419317,-902143891.0
346202,"May 23, 2015",California,Fresno,2400 block of South 9th Street,2,2,0,0,0,,36.7141647,-119.7585401
344302,"May 20, 2015",Maryland,Baltimore,800 block of Linwood Avenue,1,3,0,0,3,,39.3002485,-76.5769576
343106,"May 18, 2015",Missouri,Kinloch,8000 block of School Way,0,4,0,0,0,,38.7449286,-9.0319119
342589,"May 18, 2015",Florida,Miami,Northwest 75th Street and Northwest 16th Avenue,1,4,0,0,0,,25.8428633,-802243077.9999999
341622,"May 17, 2015",Texas,Waco,4671 S Jack Kultgen Fwy,9,18,0,0,0,,3.1497032,-97.1504616
341465,"May 16, 2015",Wisconsin,Milwaukee,28th Street and Auer Avenue,0,5,0,0,3,,43.0770152,-87.9484914
341162,"May 16, 2015",New York,Rochester,188 Lewis Street,0,4,0,0,0,,43.1642071,-77.5929226
341232,"May 16, 2015",Maryland,Baltimore,1700 block of North Broadway,0,5,0,0,0,,39.3096864,-765953021.9999999
339229,"May 12, 2015",Arizona,Tucson,800 block of West Calle Medina Road,4,0,1,0,0,,32.1305542,-110.9819022
340280,"May 12, 2015",Maryland,Capitol Heights,4700 block of Pard Rd,1,4,0,0,0,,38.8712551,-76.9273968
337855,"May 10, 2015",Ohio,Cleveland,3600 block of Bosworth Rd,1,4,0,0,1,,41.4543581,-817648253.9999999
338034,"May 10, 2015",New Jersey,Jersey City,Bostwick Avenue,0,4,0,0,5,,40.7076835,-74.0811202
337767,"May 10, 2015",New Jersey,Newark,19th Avenue and South 16th Street,1,3,0,0,4,,40.7328261,-74.2093971
335903,"May 7, 2015",Ohio,Cincinnati,2300 block of Baltimore Avenue,0,4,0,0,0,,3.9149722,-8.4561461
336622,"May 7, 2015",Michigan,Detroit,16000 block of Cathedral Street,0,4,0,0,8,,423615384.9999999,-832031830.9999999
334681,"May 4, 2015",New York,Buffalo,100 block of Roosevelt Avenue,1,3,0,0,0,,42.9340036,-78.8098377
334033,"May 3, 2015",Indiana,South Bend,1600 block of South William Street,0,4,0,0,1,,416577919.0000001,-86.2560369
334047,"May 3, 2015",New York,Bronx,University Avenue,0,4,0,0,0,,40.8523021,-73.9136207
333576,"May 3, 2015",Ohio,Dayton,2801 Germantown Street,1,6,0,0,0,,39.7388076,-842402324.9999999
333584,"May 3, 2015",Texas,Houston,San Jacinto St and Elgin St,0,6,0,0,0,,2.9740595,-9.5375321
333750,"May 3, 2015",Wisconsin,Menasha,Friendship Trail,3,1,1,0,0,,44.2051083,-88.4699479
332732,"May 1, 2015",Wisconsin,Milwaukee,3700 block of 37th Street,2,3,0,0,2,,43.0845208,-8.7959319
330611,"April 27, 2015",New York,Brooklyn,1365 Flatbush Ave,2,4,0,0,1,,40.6377674,-73.9525486
330750,"April 27, 2015",Arizona,Gila Bend,State Route 85,2,2,0,0,0,,32.9884155,-112.6649788
329463,"April 25, 2015",New Jersey,Trenton,Wood Street,0,4,0,0,0,,40.2217359,-74.7613763
329322,"April 25, 2015",New York,Gates,24 Hinchey Rd,1,6,0,0,1,,43.1393665,-77.6715976
326792,"April 21, 2015",Texas,Killeen,420 Gilmer St,2,3,0,0,1,,31.1241941,-977367813.0
325862,"April 19, 2015",Virginia,Richmond,200 block of West Hill Street,0,4,0,0,0,,3.7554668,-77.4363778
327341,"April 18, 2015",Alabama,Montgomery,1800 block of Gibbs Court,0,5,0,0,0,,32.3573348,-86.3358284
325445,"April 18, 2015",Pennsylvania,Williamsport,321 Pine St,0,5,0,0,2,,41.2406678,-77.0033213
325166,"April 18, 2015",North Carolina,Lumberton,Martin Luther King Drive,1,3,0,0,0,,34.5997848,-79.0334978
325207,"April 18, 2015",North Carolina,Charlotte,Bost Street,0,4,0,0,0,,35.2256263,-80.9004446
325618,"April 18, 2015",New Jersey,Paterson,Rosa Parks Blvd and Godwin Ave,1,3,0,0,2,,40.9206839,-74.1590599
324424,"April 16, 2015",Arizona,Phoenix,4300 block of East Anderson Drive,4,0,1,0,0,,3.3641836,-111.9894522
319808,"April 7, 2015",Georgia,Rome,20 Copeland Street,1,3,0,0,1,,34.2640674,-851594861.9999999
318125,"April 5, 2015",Pennsylvania,Pittsburgh,Dinwiddie Street,1,3,0,0,0,,40.4408589,-79.9806098
318221,"April 5, 2015",Kentucky,Louisville,40th and Grand Street,1,4,0,0,0,,38.2468618,-85.7663724
318297,"April 5, 2015",Indiana,Indianapolis,5000 block of Wildflower Court,0,5,0,0,1,,39.8588013,-86.2457591
318531,"April 5, 2015",Michigan,Benton Harbor,1000 block of Blossom Lane,0,4,0,0,0,,42.1155996,-86.4336139
317165,"April 3, 2015",Florida,Daytona Beach,300 block of Henry Butts Drive,0,4,0,0,2,,29.2042751,-8.1027577
316795,"April 2, 2015",Maryland,Baltimore,1900 block of West Lanvale Street,0,5,0,0,0,,39.2977366,-76.6475947
314044,"March 27, 2015",Florida,Panama City Beach,5312 Thomas Drive,0,7,0,0,1,,30.1434093,-85.7550687
313304,"March 26, 2015",Texas,Amarillo,3100 block of Redwood,0,4,0,0,0,,35.2446446,-101.8238576
312119,"March 24, 2015",Indiana,Indianapolis,3100 block of N Harding St,4,0,0,0,0,,39.8111336,-861873215.9999999
311922,"March 23, 2015",Tennessee,Clarksville,900 block of Carpenter Street,1,4,0,0,0,,36.5367244,-87.3488126
311348,"March 22, 2015",New Mexico,Albuquerque,10140 Lomas NE,1,6,0,0,0,,35.0871542,-106.5350505
310573,"March 21, 2015",Florida,Tampa,1802 Seventh Ave,0,4,0,0,1,,2.7960427,-82.4390452
310356,"March 20, 2015",Oklahoma,Oklahoma City,1300 block of N Stiles Ave,0,4,0,0,0,,35.4818874,-975056883.0
468151,"March 20, 2015",Texas,Lancaster,1500 block of Reynolds Street,1,5,0,0,0,,32.6114961,-96.7889962
308839,"March 18, 2015",New Jersey,Newark,200 block of Clinton Place,1,3,0,0,0,,40.7159206,-74.2129094
308728,"March 18, 2015",Arizona,Mesa,1504 West Main Street,1,5,0,0,1,,33.4155071,-111.8636586
308687,"March 17, 2015",California,Stockton,748 N Madison St,3,4,0,0,0,,37.9598945,-12.1295553
307512,"March 15, 2015",California,Compton,2700 block of West Alondra Boulevard,0,4,0,0,0,,33.8860713,-11.8257085
306897,"March 14, 2015",Georgia,Atlanta,2900 block of Delmar Lane,0,5,0,0,0,,33.7549776,-844819263.9999999
308201,"March 14, 2015",California,Coachella,84000 block of Bagdad Avenue,0,4,0,0,0,,33.6745289,-116.1880023
305907,"March 13, 2015",Mississippi,Brookhaven,1097 South First St.,2,3,0,0,1,,31.5589698,-90.4447572
304238,"March 10, 2015",Georgia,Columbus,3023 Victory Drive,0,5,0,0,0,,32.4376544,-84.9596598
303659,"March 9, 2015",Illinois,Chicago,200 block of West 105th,1,3,0,0,0,,41.7034679,-87.6281841
302786,"March 8, 2015",South Carolina,Seneca,Wells Highway,1,3,0,0,0,,34.6616989,-82.9660928
491864,"March 7, 2015",Missouri,Saint Louis,3140 Olive St,0,4,0,0,1,,38.6350237,-902254405.0
300860,"March 4, 2015",California,San Bernardino,190 block of W Club Center Dr,3,4,0,0,0,,34.0604551,-11.7285216
300660,"March 1, 2015",Florida,Orlando,4900 block of Steyr St,0,4,0,0,0,,28.4520536,-81.4441063
299344,"March 1, 2015",Michigan,Detroit,9855 Chalmers St,1,5,0,0,2,,42.4119559,-829693539.0000002
299190,"February 28, 2015",Maryland,Baltimore,4300 block of Welbourne Road,1,3,0,0,0,,39.3434432,-765879583.9999999
298122,"February 26, 2015",Missouri,Tyrone,18279 Highway H,7,1,1,0,0,,372026040.9999999,-91.8765004
588835,"February 23, 2015",Florida,Daytona Beach,Sheridan Road,0,4,0,0,1,,29.2083373,-81.0459662
296215,"February 22, 2015",Texas,Killeen,1706 Godman St.,3,1,1,0,0,,31.1204765,-97.6828968
296327,"February 22, 2015",South Carolina,Charleston,4224 Dorchester Road,0,4,0,0,1,,32.8541606,-80.0054179
296121,"February 22, 2015",Georgia,Clarkesville,281 Lower Pond Court,2,2,1,0,0,,34.6310046,-83.5977726
295871,"February 20, 2015",California,Sacramento,1417 R Street,0,4,0,0,0,,38.5699768,-121.4906935
295502,"February 17, 2015",Arkansas,Little Rock,7900 Scott Hamilton,1,3,0,0,0,,3.4677415,-923203507.0
293883,"February 15, 2015",California,Long Beach,200 block of W. 14th Street,0,5,0,0,5,,33.7837075,-118.1937324
290626,"February 9, 2015",Florida,New Port Richey,9552 Adler St,3,1,0,0,0,,28.2964055,-8.2617046
290510,"February 8, 2015",Tennessee,Friendship,251 Dupree Rd,0,6,0,0,0,,35.8471024,-89.2348485
289811,"February 7, 2015",Georgia,Douglasville,3640 Willow Tree Circle,4,2,1,0,0,,3.3714038,-84.6688961
290098,"February 6, 2015",Oklahoma,Tulsa,1219 N. Sheridan Road,1,3,0,1,2,,36.1720775,-959040769.0
289146,"February 5, 2015",Ohio,Beachwood (Warrensville Heights),20009 Harvard Ave,3,3,0,0,1,,4.1450275,-815384342.9999999
287529,"February 1, 2015",New York,Syracuse,1217 West Fayette Street,0,6,0,0,1,,43.0469671,-76.1765575
287031,"February 1, 2015",New York,New York (Manhattan),3345 Broadway,1,4,0,0,2,,40.8204613,-73.9551772
286810,"January 31, 2015",Georgia,Lagrange,113 Woodstream Trl,4,0,0,0,1,,32.9781741,-85.1414745
285549,"January 28, 2015",Georgia,Ellenwood,1600 block of Panola Rd,1,3,0,0,0,,33.6244803,-84.2306849
285123,"January 26, 2015",California,Stockton,1500 block of E. 9th Street,1,3,0,0,0,,37.9307053,-121.2654196
282956,"January 24, 2015",New York,Arverne (Queens),231-11 148th Avenue,3,1,1,0,0,,40.6557537,-73.7507047
283041,"January 24, 2015",Nebraska,Omaha,3402 Parker St,3,5,0,0,0,,41.2766684,-95.9632456
283115,"January 23, 2015",Massachusetts,Boston,954 Parker Street,0,6,0,0,0,,42.3244466,-711006871.0000002
281663,"January 20, 2015",Tennessee,Clarksville,321 Lansinger Lane,1,3,0,0,1,,36.6135698,-87.4190582
281039,"January 19, 2015",Texas,San Antonio,1000 block of Gibbs St.,2,5,0,0,3,,29.4214305,-98.4608085
278927,"January 13, 2015",Illinois,Rockford,700 block of Oakley Avenue,2,2,0,0,1,,42.2835028,-891151280.9999999
298773,"January 13, 2015",Virginia,Portsmouth,4100 block of Portsmouth Boulevard,0,5,0,0,0,,3.6824453,-7.6409478
276845,"January 11, 2015",North Carolina,Hope Mills,1900 block of Gumberry Road,2,5,0,0,3,,34.9360387,-788654823.9999999
277480,"January 11, 2015",Florida,Lakeland,7665 Chase Road,1,3,0,0,2,,2.8139317,-8.1981439
276766,"January 11, 2015",California,San Jose,3840 Monterey Hwy,0,5,0,0,0,,3.7171426,-121.6928579
276536,"January 10, 2015",Kansas,Wichita,4859 E Harry Street,2,2,0,0,1,,37.6643147,-972786780.0
276459,"January 9, 2015",California,San Francisco,Laguna St and Page St,4,0,0,0,1,,37.7736745,-122.4257307
275986,"January 8, 2015",Massachusetts,Boston,104 Harrishof Street,1,3,0,0,0,,42.3166825,-710887195.9999999
275064,"January 7, 2015",Tennessee,Chattanooga,773 West Main Street,1,3,0,0,1,,35.0407045,-853181317.9999999
274867,"January 6, 2015",Florida,Miami,1300 block of NW 62nd Street,1,3,0,0,0,,25.8313381,-80.2188184
273535,"January 4, 2015",Virginia,Roanoke,3634 Shenandoah Ave NW,2,4,0,0,2,,37.2809772,-799985112.9999999
273397,"January 4, 2015",Texas,Dallas,2000 block of Ben Hur St.,3,1,0,0,1,,32.6798798,-966110721.0000002
273965,"January 2, 2015",Georgia,Savannah,500 block of W. 54th Street,1,4,0,0,1,,3.2045464,-81.1092135
272016,"January 1, 2015",Tennessee,Memphis,I-240 and Poplar Ave,0,5,0,0,2,,35.1490314,-9.0046189
740447,"December 31, 2016",Georgia,Lenox (El Dorado),27 Briarwood Ct,2,2,0,0,0,,31.3569872,-834977148.9999999
738749,"December 31, 2016",Texas,Houston,3704 Fannin Street,1,3,0,0,0,,29.7379961,-95.3790282
738041,"December 30, 2016",Ohio,Mansfield,3230 Possum Run Rd,0,5,0,0,0,,4.0672711,-8.2495751
738576,"December 30, 2016",Connecticut,Wallingford,95 S Turnpike Rd,2,3,0,0,2,,41.4493459,-72.8446871
736690,"December 28, 2016",Georgia,Columbus,2914 10th Street,1,4,0,0,0,,324648701.0000001,-84.9485971
734157,"December 25, 2016",Illinois,Chicago,8600 block of S Maryland Ave,3,4,0,0,0,,41.7383465,-87.6039182
735947,"December 25, 2016",Alabama,Ozark,858 US-231,0,4,0,0,1,,31.4497274,-85.6615777
733599,"December 25, 2016",New York,Mount Vernon,4 North 3rd Avenue,1,5,0,0,1,,40.9124279,-73.8364981
732927,"December 24, 2016",North Carolina,Madison,490 K Ford Rd,0,7,0,0,0,,35.7670367,-82.5981676
733176,"December 24, 2016",North Carolina,Wilson,2241 Banks Lane East,4,0,0,0,0,,35.7313145,-77.8730736
732263,"December 23, 2016",Alabama,Birmingham,3813 Richard Arrington Boulevard North,1,3,0,0,1,,33.5383163,-867825393.0000001
732574,"December 23, 2016",Illinois,Chicago,4900 block of W Hubbard,0,4,0,0,0,,4.1888858,-87.7482313
728286,"December 17, 2016",North Carolina,Charlotte,4115 N. Tryon Street,0,4,0,0,2,,352579815.0000001,-80.7965215
727759,"December 17, 2016",Illinois,Chicago (Roseland),100 block of W 105th St,5,0,0,0,1,,41.7037533,-87.6259537
727555,"December 16, 2016",Illinois,Chicago,13th and South Kedzie,0,4,0,0,0,,41.7630163,-87.7027763
727544,"December 16, 2016",Illinois,Chicago,4300 block of South Rockwell,2,2,0,0,0,,41.8156212,-8.7689528
724667,"December 12, 2016",California,Sacramento,4800 block of Myrtle Avenue,1,3,0,0,3,,38.6532371,-121.3527855
723649,"December 11, 2016",New York,Brooklyn,192 Knickerbocker Ave,0,4,0,0,0,,40.7036052,-73.9271578
723643,"December 11, 2016",Florida,Orlando (Pine Hills),4305 N Pine Hills Rd,1,4,0,0,0,,28.5959502,-814507366.0000001
723292,"December 11, 2016",Maryland,Baltimore,3916 South Hanover Street,0,5,0,0,0,,39.2349403,-766117113.9999999
725338,"December 11, 2016",North Carolina,Rocky Mount,1200 block of East Highland Ave,0,4,0,0,0,,35.9468605,-77.7797532
725323,"December 9, 2016",Texas,Channelview,15300 block of Market St,4,0,0,0,0,,29.7716559,-951392555.0
722452,"December 9, 2016",California,Fresno,842 Fresno Street,0,4,0,0,0,,36.7277619,-119.8034075
719128,"December 5, 2016",New Mexico,Albuquerque,1532 Stagecoach Lane,3,1,1,0,0,,35.0482237,-106.4910131
717873,"December 3, 2016",California,Los Angeles,91st Street and Western Avenue,0,6,0,0,0,,33.9545332,-118.3090347
717616,"December 2, 2016",New Jersey,Bloomfield,3 1st Ave,0,6,0,0,0,,40.7700508,-74.1888347
716001,"December 1, 2016",California,Clearlake Oaks,Pomo Rd,1,3,0,0,1,,39.0080342,-122.6656911
715101,"November 30, 2016",Maryland,Baltimore,2901 Garrison Blvd,2,4,0,0,1,,39.3207984,-76.6770815
712796,"November 28, 2016",Texas,Mission (Palmview),1840 West Palma Vista Drive,1,3,0,0,1,,26.2335891,-98.3750259
712776,"November 28, 2016",California,Wilmington,1067 McDonald Avenue,0,4,0,0,0,,33.7843652,-118.2715425
713445,"November 28, 2016",California,San Pedro,300 block of West 2nd Street,0,4,0,0,0,,33.7423788,-118.2835381
711597,"November 27, 2016",Louisiana,New Orleans,100 block of Bourbon Street,1,9,0,0,3,,29.9542063,-90.0691878
711744,"November 27, 2016",Missouri,Kansas City,Gregory and Prospect,0,7,0,0,0,,38.9980425,-94.5569108
710732,"November 26, 2016",Illinois,Chicago,8800 block of S Exchange Ave,1,5,0,0,0,,41.7353723,-87.5530761
710467,"November 25, 2016",Louisiana,New Orleans,Magnolia St and Felicity St,0,4,0,0,0,,29.9367179,-90.0781119
709370,"November 24, 2016",Kentucky,Louisville,4501 W Broadway,2,4,0,0,0,,3.8257173,-858294258.9999999
709276,"November 24, 2016",New York,Albany,77 Central Ave,1,3,0,0,1,,426593376.9999999,-737658273.9999999
708777,"November 23, 2016",Mississippi,Olive Branch,928 Cross Road,0,4,0,0,1,,34.9897981,-89.7717863
708392,"November 22, 2016",Florida,Clewiston,1068 Harlem Academy Ave,1,4,0,0,3,,26.7371249,-809531052.9999999
704568,"November 18, 2016",Illinois,Chicago,5000 block of W Wabansia,0,4,0,0,0,,41.9116198,-87.7512081
703245,"November 17, 2016",Tennessee,Dyersburg,160 Longfellow,1,7,0,0,1,,36.0301617,-893645612.9999999
699605,"November 13, 2016",Florida,Jacksonville,5105 Cleveland Rd,3,2,0,0,1,,30.3649361,-817059862.9999999
699332,"November 13, 2016",Texas,San Antonio,8000 Midcrown,0,4,0,0,0,,29.5083282,-98.3800679
700232,"November 13, 2016",California,San Diego,3800 block of Marlborough Avenue,2,2,1,0,0,,32.7478034,-117.1057438
699316,"November 13, 2016",Florida,Orlando,Conley Street and South Ivey Lane,0,4,0,0,0,,2.8532541,-814343392.9999999
699033,"November 12, 2016",California,Sacramento,8600 block of Ardith Drive,1,5,0,0,0,,38.4564022,-121.3841172
700363,"November 12, 2016",Missouri,Kansas City,21st St and Cleveland Ave,1,3,0,0,1,,39.1343179,-9.4654215
699303,"November 12, 2016",Connecticut,Bridgeport,2500 Park Avenue,0,5,0,0,2,,41.1921746,-7.3213933
699863,"November 11, 2016",Texas,Houston,7705 Channelside Street,0,4,0,0,0,,29.7172322,-952830926.0
698383,"November 10, 2016",Texas,Houston,6610 S Sam Houston Pkwy W,1,3,0,0,1,,29.6099706,-95.4840526
697377,"November 9, 2016",Illinois,Chicago,3400 block of W Monroe,1,3,0,0,0,,41.8795875,-87.7109897
696352,"November 9, 2016",Tennessee,Memphis,1800 block of East Brooks Road,0,4,0,0,0,,35.0609342,-9.0003693
696917,"November 9, 2016",Washington,Seattle,1524 3rd Ave,0,5,0,0,1,,47.6104626,-122.3380822
693438,"November 5, 2016",Texas,San Antonio,10726 Perrin Beitel Rd,0,4,0,0,0,,29.5377244,-98.4105196
693401,"November 5, 2016",South Carolina,Myrtle Beach,803 Main St,0,5,0,0,0,,33.6935945,-78.8842844
693624,"November 5, 2016",Florida,Fort Lauderdale (Lauderhill),3135 W Broward Blvd,1,3,0,0,0,,26.1217116,-801869940.9999999
693374,"November 5, 2016",California,Oakland,420 14th Street,0,6,0,2,2,,37.8042354,-122.2703069
693290,"November 5, 2016",Illinois,Chicago,4800 block of North Winthrop,0,5,0,0,0,,4.1969429,-8.7657896
693307,"November 4, 2016",Pennsylvania,Philadelphia,5451 Springfield Ave,0,4,0,0,0,,39.9400032,-752255292.9999999
692020,"November 3, 2016",Illinois,Chicago,8000 block of S Shore Dr,2,2,0,0,1,,41.7501635,-87.5480201
692315,"November 3, 2016",New Jersey,Orange,234 Cleveland Street,2,2,0,0,1,,40.7786386,-74.2269986
692025,"November 2, 2016",Arkansas,Little Rock,2111 Bragg Street,1,4,0,0,2,,34.7280387,-922660086.0
691113,"November 1, 2016",Tennessee,Memphis,5200 block of Zodiac Rd,1,5,0,0,1,,35.0057497,-8.9959256
689518,"October 31, 2016",Louisiana,Shreveport,700 Block of W 68th St,0,4,0,0,0,,32.4435908,-937696425.0
688979,"October 30, 2016",Ohio,Toledo,742 Junction Ave,0,4,0,0,0,,41.6480991,-83.5768683
689020,"October 30, 2016",Maryland,Capitol Heights,6862 Walker Mill Rd,3,3,0,0,1,,38.8717418,-76.8926015
688841,"October 30, 2016",New York,New York (Manhattan),135 Ridge Street,0,4,0,0,0,,40.7195832,-73.9830138
688577,"October 30, 2016",New York,Newburgh,119 First Street,2,5,0,0,3,,41.5020529,-74.0104554
688592,"October 30, 2016",Texas,San Antonio,2900 block of Aspen Meadow,0,5,0,0,1,,29.4646233,-98.6069065
689009,"October 29, 2016",California,Los Angeles,1600 block of Century Boulevard,0,5,0,0,0,,33.9456577,-118.2462644
687940,"October 29, 2016",Ohio,Dayton,2010 Cornell Ridge Dr,1,3,0,0,0,,39.7769582,-84.2515045
688210,"October 29, 2016",California,Riverside,3500 block of Madison Street,0,4,0,0,0,,33.9365919,-117.4055706
688429,"October 28, 2016",Mississippi,Jackson,200 block of Lorenz Blvd,0,6,0,0,1,,32.3336947,-90.1820608
687375,"October 28, 2016",Florida,Miami Gardens,Northwest 173rd Terrace and 27th Avenue,0,4,0,0,0,,25.9321739,-802458920.9999999
686312,"October 27, 2016",Georgia,Jackson,600 block of Moccasin Gap Road,4,0,0,0,2,,333839714.0000001,-83.9910908
685379,"October 25, 2016",Ohio,Dayton,3300 block of Riverside Dr,1,3,0,0,2,,39.7589478,-84.1916069
684130,"October 25, 2016",Virginia,Roanoke,830 Campbell Avenue Southeast,1,3,1,0,0,,3.7275096,-799298613.0000001
683142,"October 23, 2016",Oklahoma,Wellston,Highway 66 and N 3310 Rd,1,4,1,0,1,,36.1450958,-96.0023638
682298,"October 22, 2016",California,Oakland,77th and Bancroft Avenues,0,7,0,0,0,,4.0773369,-96.6157165
679290,"October 18, 2016",California,San Francisco,325 La Grande Ave,0,4,0,0,2,,37.7194881,-12.2425285
678438,"October 17, 2016",Illinois,Chicago (Englewood),6700 block of South Winchester,1,4,0,0,0,,41.7718518,-87.6727916
677293,"October 15, 2016",Alabama,Mobile,1800 block of St Stephens Road,0,5,0,0,0,,30.7030073,-880786960.0000001
676686,"October 15, 2016",Illinois,Rockford,7801 East State St,1,5,0,0,0,,42.2699348,-889627800.9999999
676663,"October 15, 2016",California,Los Angeles,2918 Rimpau Blvd,4,11,0,0,1,,3.4027166,-118.3508056
676376,"October 14, 2016",Illinois,Chicago,3300 block of W Maypole Ave,1,6,0,0,0,,41.8838982,-877085283.9999999
675993,"October 13, 2016",Illinois,Chicago,2700 block of West Lexington,0,4,0,0,0,,4.1872265,-876937569.9999999
672203,"October 9, 2016",Michigan,Grand Rapids,1850 28th Street SE,1,8,0,0,1,,429121114.9999999,-0.8562301
672217,"October 9, 2016",California,Sacramento,1696 Arden Way,1,3,0,0,0,,38.5979369,-121.4276274
671717,"October 8, 2016",New York,Brooklyn,7301 3rd Ave,0,4,0,0,1,,40.6326986,-74.0270516
669777,"October 4, 2016",Louisiana,New Orleans,3727 Ulloa Street,3,2,0,0,0,,299672896.9999999,-90.1019017
668407,"October 3, 2016",Minnesota,Minneapolis,Fourth St and Hennepin Ave,0,4,0,0,1,,44.9804497,-93.2713466
667984,"October 2, 2016",Texas,San Antonio,2600 South Flores Street,1,4,0,0,0,,29.3985719,-98.5040136
668279,"October 1, 2016",Illinois,Pembroke Township,S 17250 East Rd,4,0,0,0,2,,4.1026321,-8.7537302
668352,"October 1, 2016",California,Fresno,3200 block of East Clay Avenue,0,4,0,0,0,,36.7565962,-119.7710799
665995,"September 29, 2016",California,San Francisco,400 block of Ellis St,1,3,0,0,1,,37.7849922,-122.4126946
663624,"September 26, 2016",North Carolina,Winston Salem (Winston-salem),100 block of 5 Royales Dr,0,4,0,0,1,,36.1144664,-80.2453095
663789,"September 26, 2016",Texas,Humble,21219 Grand Linden Ct,0,4,0,0,1,,30.0216305,-95.3123665
663106,"September 26, 2016",Texas,Houston,5450 Weslayan St,0,6,1,0,0,,29.7235827,-95.4421156
662548,"September 25, 2016",Illinois,Champaign,300 block of E. Green St,1,3,0,0,1,,4.0110245,-88.2353849
662342,"September 24, 2016",Maryland,Baltimore,Greenmount Ave and Preston St,0,8,0,0,0,,39.3048292,-766081935.9999999
661703,"September 23, 2016",Washington,Burlington,201 Cascade Mall Dr,5,0,0,0,1,,48.4626749,-122.3363932
657854,"September 18, 2016",Pennsylvania,Philadelphia,3001 Castor Avenue,0,4,0,0,0,,39.9854753,-75.0858793
658226,"September 18, 2016",Pennsylvania,Pittsburgh,1700 block of Brighton Pl,0,4,0,0,0,,40.4583982,-80.0171113
657863,"September 18, 2016",Virginia,Lynchburg,421 Rivermont Ave,1,3,0,0,0,,37.4215922,-79.1497808
657634,"September 17, 2016",District of Columbia,Washington,2600 block of Birney Pl SE,2,7,0,0,0,,388582180.9999999,-76.9963952
659289,"September 17, 2016",Florida,Miami,20582 SW 119th Ave,0,6,0,0,3,,25.5755458,-80.3853704
657136,"September 17, 2016",Florida,Orlando,3918 Columbia St,1,6,0,0,0,,2.8526767,-8.1424421
657151,"September 17, 2016",Indiana,Indianapolis,2016 West 76th Street,2,2,0,0,0,,39.8909716,-86.1977301
656991,"September 16, 2016",California,Los Angeles (Hollywood),555 N Heliotrope Dr,2,2,0,0,0,,3.4080651,-1.1829565
657023,"September 16, 2016",Pennsylvania,Philadelphia,5100 block of Sansom St,1,5,1,0,0,,39.9574754,-752233830.9999999
655512,"September 14, 2016",Texas,Humble,16000 block of Saybrook,1,3,0,0,0,,299585598.9999999,-95.3022957
654087,"September 13, 2016",Indiana,Fort Wayne,1723 E Wayne St,3,2,0,0,0,,410803407.9999999,-85.1149066
653077,"September 11, 2016",Louisiana,New Orleans,2349 S Claiborne Ave,1,5,0,0,0,,29.9446828,-9.0091415
652584,"September 11, 2016",Missouri,Kansas City,500 block of Westport Rd,0,6,0,0,2,,39.0529043,-9.4591684
652561,"September 11, 2016",Michigan,Saginaw,2207 Pierce Road,0,5,0,0,0,,43.5075805,-839597491.9999999
652606,"September 11, 2016",North Carolina,New Bern,1100 block of Highway 70,0,5,0,0,0,,35.0799924,-7.7029764
652642,"September 11, 2016",Indiana,Fort Wayne,3006 Holton Avenue,3,1,0,0,1,,41.0574056,-85.1187719
652759,"September 11, 2016",New Jersey,Jersey City,87 Van Wagenen Ave,1,3,0,0,1,,40.7333028,-74.0702178
652175,"September 10, 2016",Florida,Miami,3451 Northwest 36 Street,1,3,0,0,1,,25.8089645,-80.2523077
651957,"September 8, 2016",Texas,Del Valle,8330 Linden Rd,4,0,0,0,0,,301348673.9999999,-97.5889962
651434,"September 8, 2016",Arkansas,Hot Springs National Park (Hot Springs),300 block of Lacey St,1,4,0,0,2,,34.4988521,-930754672.0
648884,"September 5, 2016",Illinois,Chicago,2700 block of W Lexington Ave,2,3,0,0,0,,4.1872265,-876937569.9999999
648490,"September 5, 2016",Pennsylvania,Reading,600 block of Moss Street,0,4,0,0,0,,40.3444864,-75.9189231
647865,"September 4, 2016",Virginia,Roanoke,1020 Orange Ave NE,1,10,0,0,0,,37.2837898,-79.9227411
646995,"September 3, 2016",North Carolina,Wilmington,600 block of North 30th St,1,3,0,0,0,,34.2461241,-779069107.9999999
646855,"September 3, 2016",Illinois,Chicago,100 block of North Seeley Avenue,0,4,0,0,0,,41.8839925,-87.6773418
644723,"August 30, 2016",Georgia,Atlanta,400 Merritts Avenue NE,0,4,0,0,0,,33.7685725,-84.3762967
643824,"August 30, 2016",Illinois,Chicago (Englewood),6800 block of South Ashland,0,4,0,0,0,,41.7699836,-87.6642499
641732,"August 29, 2016",New Jersey,Egg Harbor City,907 White Horse Pike,0,4,1,2,3,,39.5265545,-74.6437792
641419,"August 28, 2016",Texas,Lubbock,2200 block of 17th St,0,6,0,0,0,,33.5798821,-101.8641134
640677,"August 28, 2016",New York,Bronx,514 E 156th St,0,4,0,0,0,,4.0819209,-73.9112157
640689,"August 28, 2016",Missouri,Saint Louis,S Grand Blvd and Montana St,2,2,0,0,0,,385837639.0000001,-90.2447442
640861,"August 28, 2016",Alabama,Dadeville,512 E Columbus St,0,5,0,0,0,,32.8298148,-85.7570758
640500,"August 27, 2016",Alabama,Bessemer (Brighton),3810 7th Ave,1,6,0,0,3,,33.4411203,-86.9503723
640203,"August 27, 2016",Florida,Miami,1900 block of NW 83rd Terr,2,4,0,0,0,,25.8505492,-80.2298903
640901,"August 25, 2016",New Jersey,Bridgeton,Marion Street,0,5,0,0,0,,39.4318275,-75.2289147
634889,"August 21, 2016",Massachusetts,Boston,Westview and Stratton Street,0,4,0,0,0,,42.2892597,-71.0866027
634787,"August 21, 2016",Connecticut,Bridgeport,19 Plymouth St,0,13,0,0,0,,411982937.9999999,-73.1755427
634238,"August 20, 2016",Connecticut,Hamden,903 Dixwell Ave,0,4,0,0,1,,41.3377926,-72.9349372
634731,"August 20, 2016",Washington,Tacoma,900 block of Pacific Avenue,0,5,0,0,0,,47.2554451,-122.4391056
634819,"August 20, 2016",Alabama,Citronelle,Jim Platt Road,5,0,0,0,1,,3.1049996,-8.8308808
632747,"August 18, 2016",Connecticut,Waterbury,402 E Main Street,0,4,0,0,0,,41.5541675,-73.0339055
632753,"August 17, 2016",California,Oakland,Mandela Parkway,0,4,0,0,0,,37.8155356,-122.2896138
630007,"August 14, 2016",Virginia,Norfolk,1600 block of Selden Avenue,0,4,0,0,0,,36.8273927,-76.2678138
629415,"August 14, 2016",Minnesota,Minneapolis,1717 Plymouth Ave N,0,5,0,0,0,,44.9912768,-93.3026034
629663,"August 13, 2016",California,Los Angeles,6300 block of 11th Avenue,0,4,0,0,0,,33.9827939,-118.3291441
628570,"August 13, 2016",Wisconsin,Milwaukee,4001 West Fond Du Lac Ave,2,2,0,0,0,,43.0795821,-87.9635715
628623,"August 13, 2016",New York,Richmond Hill,Jamaica Ave and 105th St,0,4,0,0,2,,40.6952254,-73.8419888
628635,"August 13, 2016",Missouri,Joplin,1800 Connecticut Ave,0,4,0,0,1,,37.0713043,-94.4942593
628178,"August 12, 2016",Florida,Jacksonville,100 block of West 38th Street,1,3,0,0,1,,30.3678264,-81.6548497
627519,"August 12, 2016",Texas,Dallas,10921 Estate Ln,1,3,0,0,1,,3.2882557,-966968556.0
627757,"August 11, 2016",Pennsylvania,Philadelphia,500 block of E Ashmead St,0,4,0,0,0,,40.0373116,-75.1606327
626153,"August 10, 2016",Illinois,Evanston,Foster Street and Jackson Avenue,0,4,0,0,0,,42.0539436,-87.6928551
626960,"August 10, 2016",California,Sacramento,4000 Green Tree Drive,1,3,0,0,0,,38.4979742,-121.4598354
624273,"August 8, 2016",Florida,Jacksonville,1214 Labelle St,0,7,0,0,0,,30.3017811,-81.7322801
625735,"August 8, 2016",New Mexico,Albuquerque,341 General Marshall Street NE,2,2,0,0,3,,35.0799055,-106.5495392
624156,"August 7, 2016",California,Los Angeles,5925 South Figueroa Street,1,3,0,0,0,,339867032.9999999,-118.2830158
623523,"August 7, 2016",Colorado,Arvada,5400 block of Sheridan Boulevard,2,2,0,0,2,,39.7950532,-10.5051472
624046,"August 7, 2016",Mississippi,Vicksburg,4460 Clay St,1,3,0,0,3,,32.3436178,-90.8296421
623439,"August 7, 2016",Illinois,Chicago,100 block of South Springfield,0,4,0,0,0,,4.1879795,-87.7231904
623195,"August 6, 2016",Pennsylvania,Reading (Sinking Spring),51 Winding Brook Drive,4,0,1,0,0,,403317793.9999999,-760243031.9999999
624057,"August 5, 2016",Michigan,Pontiac,70 block of Thorpe Street,1,3,0,0,2,,42.6377207,-833113587.0000001
622500,"August 5, 2016",California,Perris,21600 block of Rider St,2,2,0,0,0,,33.8304307,-117.2853752
621232,"August 4, 2016",Tennessee,Memphis,Ayers Street and Griffith Avenue,0,4,0,0,0,,35.1495343,-90.0489801
620247,"August 3, 2016",Georgia,Decatur,4110 Glenwood Road,1,3,0,0,0,,33.7382681,-84.2502281
619708,"August 2, 2016",Florida,Hollywood (West Park),5700 block of Hallandale Beach Blvd,0,4,0,0,0,,2.5984201,-80.2003543
619408,"August 1, 2016",Indiana,Evansville,South Bedford Avenue,0,4,0,0,1,,3.7964172,-87.5497762
617789,"July 31, 2016",Florida,Miami,Southwest 203rd Terrace and 115th Avenue,3,1,0,0,1,,25.5776138,-80.3789266
617607,"July 31, 2016",Texas,Austin,208 E 6th St,1,4,0,0,1,,30.2678593,-97.7409756
617712,"July 30, 2016",Missouri,Saint Louis,5000 block of Kensington Ave,0,5,0,0,0,,38.6536541,-9.0263522
616948,"July 30, 2016",Washington,Mukilteo,10009 Chennault Beach,3,1,0,0,1,,479009043.9999999,-122.3232127
618321,"July 30, 2016",Georgia,Townsend (Eulonia),14699 Highway 17,0,5,0,0,0,,31.5169568,-81.4351126
617334,"July 29, 2016",Georgia,Athens,Trail Creek St,0,7,0,0,1,,33.9666517,-83.3586735
615109,"July 28, 2016",New York,Elmira,303 College Ave,0,5,0,0,1,,42.0896339,-768105777.9999999
615328,"July 28, 2016",Maryland,Baltimore,Greenmount Avenue,0,4,0,0,0,,39.3189115,-76.6094685
615024,"July 28, 2016",Illinois,Chicago,800 block of West 50th Place,2,2,0,0,0,,41.8025001,-0.8764538
611479,"July 25, 2016",Florida,Fort Myers,3580 Evans Ave,2,18,0,1,6,,26.6112179,-81.8606021
610584,"July 24, 2016",Ohio,Hamilton,1555 Main St,1,7,0,0,4,,39.4284288,-84.5993566
610756,"July 23, 2016",South Carolina,North Charleston,3630 Ashley Phosphate Road,0,4,0,0,0,,32.9255893,-80.0846964
610093,"July 23, 2016",Ohio,Cincinnati,3400 block of Beekman St,2,2,0,0,0,,39.1491129,-845511564.9999999
613805,"July 23, 2016",New York,Brooklyn,Fountain Avenue,0,4,0,0,0,,40.6660682,-73.8712647
610379,"July 23, 2016",Texas,Bastrop,202 Childers Drive,3,1,1,0,0,,30.1030458,-973290747.0
610402,"July 22, 2016",Illinois,Kankakee,300 block of North Wildwood Avenue,0,5,0,0,0,,41.1219016,-87.8535311
609402,"July 21, 2016",Illinois,Chicago,4400 block of South Leamington,0,5,0,0,0,,41.8132437,-87.7522678
608787,"July 20, 2016",California,Fresno,5100 block of E Hedges Ave,0,4,0,0,0,,36.7593394,-119.7206307
607265,"July 19, 2016",Arkansas,West Memphis,13th Street and Tyler Avenue,0,4,0,0,0,,3.5144081,-90.1889695
605367,"July 17, 2016",Michigan,Detroit,Grand River and McGraw avenue,0,4,0,0,0,,42.3533768,-831009117.9999999
605475,"July 17, 2016",Texas,Houston,Tidwell Rd and Homestead Rd,1,3,0,0,0,,29.8484347,-95.3021158
604762,"July 17, 2016",Louisiana,Baton Rouge,9611 Airline Hwy,4,2,1,0,0,,30.4338107,-91.0816328
604459,"July 16, 2016",Texas,Dallas,6300 block of Benavides Drive,0,5,0,0,0,,32.7154392,-96.7140962
604275,"July 16, 2016",Ohio,Cleveland,5000 block of Euclid Avenue,0,5,0,0,0,,415033819.9999999,-81.6541697
604233,"July 16, 2016",California,Bakersfield,621 Stephens Dr,1,14,0,0,0,,0.3534784,-119.0359117
605005,"July 16, 2016",California,San Bernardino,1200 block of West 25th Street,0,4,0,0,0,,34.1388609,-117.3102441
604175,"July 16, 2016",Tennessee,Clarksville,1348 College Street,0,6,0,0,0,,36.5408269,-87.3363095
604207,"July 15, 2016",Washington,Woodland,4006 NW 417th Street,3,1,0,0,1,,4.5923101,-122.7124754
603475,"July 14, 2016",Texas,Crosby,400 block of Pecan Avenue,3,1,0,0,0,,29.8723656,-95.0662469
603733,"July 14, 2016",California,Oakland,1600 block of 7th Street,0,4,0,0,0,,37.8062786,-122.2982278
603738,"July 14, 2016",Ohio,Akron,900 block of Moeller Avenue,1,3,0,0,0,,41.0692076,-815449326.9999999
602810,"July 13, 2016",Georgia,Warner Robins,105 Magnolia Avenue,0,5,0,0,0,,32.6437527,-836158440.9999999
602765,"July 13, 2016",Missouri,Saint Louis,3000 block of Miami St,2,2,0,0,1,,38.5905382,-902343967.0
600798,"July 11, 2016",Maryland,Baltimore,1800 block of W. North Avenue,0,5,0,0,0,,39.3101362,-76.6465845
601119,"July 11, 2016",Michigan,Jackson,500 block of Summit Avenue,0,4,0,0,0,,42.2466072,-84.3880416
600398,"July 11, 2016",Michigan,Saint Joseph,811 Port St,2,2,1,0,0,,42.1101465,-86.4773464
601512,"July 11, 2016",District of Columbia,Washington,5100 block of Call Pl SE,0,4,0,0,0,,38.8844837,-76.9283548
597366,"July 7, 2016",Louisiana,Baton Rouge,2136 North Lobdell Avenue,0,4,0,0,0,,30.4772009,-91.2495222
597756,"July 7, 2016",Texas,Dallas,800 Main St,5,9,0,0,0,,32.7789945,-96.8046744
597176,"July 7, 2016",Tennessee,Bristol,536 Volunteer Pkwy,1,3,0,1,1,,36.5871657,-8.2186134
595557,"July 5, 2016",California,Los Angeles,56th Street and Naomi Avenue,0,4,0,0,0,,33.9920695,-118.2546955
595166,"July 4, 2016",New York,Brooklyn,419 Chauncey St,0,7,0,0,1,,40.6819634,-73.9177315
595069,"July 4, 2016",Texas,Houston,1312 Robin,3,2,0,0,1,,2.9756515,-95.3807528
595048,"July 4, 2016",Pennsylvania,Pittsburgh,Seventh  Ave and Liberty Ave,0,4,0,0,1,,40.4553158,-79.9763512
595279,"July 4, 2016",Illinois,Chicago (Englewood),5500 block of South Hermitage Avenue,0,4,0,0,0,,41.7936266,-87.6682393
596159,"July 4, 2016",Ohio,Cleveland,1400 block of W. 107 Street,0,4,0,0,0,,41.4817433,-817614785.9999999
595482,"July 4, 2016",Arizona,Phoenix,4000 block of West Southern Avenue,2,6,0,0,0,,33.3923649,-112.1456793
594051,"July 3, 2016",Louisiana,Monroe,401 Lea Joyner Memorial Expy,2,3,0,0,1,,32.5026161,-92.1070991
594480,"July 3, 2016",Tennessee,Chattanooga,2300 block of Daisy Street,0,4,0,0,0,,35.0656952,-8.5251717
592724,"June 30, 2016",Illinois,Chicago,9500 block of South Loomis Street,1,4,0,0,0,,417210794.9999999,-876579738.0000001
592207,"June 29, 2016",Nevada,Las Vegas,6100 block of West Lake Mead Boulevard,4,0,1,0,0,,361957799.0000001,-115.2239753
591975,"June 28, 2016",California,Los Angeles,13800 block of S Avalon Boulevard,1,3,0,0,0,,33.9064141,-1.1826532
591294,"June 28, 2016",Illinois,Chicago,1600 block of South Christiana,0,4,0,0,0,,41.8590628,-8.7709101
589488,"June 27, 2016",Oregon,Woodburn,13436 Killiam Loop NE,3,1,0,0,1,,45.1478739,-122.7842785
590233,"June 26, 2016",South Carolina,Bennettsville,Highway 38 N,0,4,0,0,0,,34.6279789,-79.7019911
589159,"June 26, 2016",North Carolina,Charlotte,2240 Camp Greene St,0,5,0,0,1,,35.2246337,-808849857.0000002
588867,"June 26, 2016",Georgia,Atlanta,1500 block of Moreland Avenue SE,1,4,0,0,0,,33.7113373,-843494176.9999999
589165,"June 26, 2016",Texas,Houston,6000 block of Elm Street,1,3,0,0,0,,29.7127801,-95.4869794
588918,"June 26, 2016",Texas,Corpus Christi,Baldwin Blvd  and Lamar,0,4,0,0,1,,27.7741197,-97.4213592
587755,"June 25, 2016",Texas,Fort Worth,2466 East Lancaster Avenue,2,5,0,0,1,,327443977.0000001,-972916121.0
589470,"June 25, 2016",Virginia,Norfolk,700 block of Craig Street,0,4,0,0,4,,0.0368282,-76.2786519
587983,"June 25, 2016",Illinois,Chicago,1400 block of W. 114th Place,0,4,0,0,0,,41.6860066,-87.6569397
589046,"June 24, 2016",Kansas,Kansas City,N. 3rd and Walker,0,4,0,0,0,,38.8672339,-99.0759271
587735,"June 24, 2016",Connecticut,Hartford,Brook and Winter Street,0,5,0,0,0,,41.7789356,-72.6819083
587769,"June 24, 2016",Maryland,District Heights,3100 block of Orleans Ave,3,2,0,0,1,,38.8465443,-76.8764628
586122,"June 22, 2016",Georgia,Stone Mountain,Lancashire Cir and Central Dr,1,3,0,0,0,,33.8115835,-84.1881721
585821,"June 22, 2016",Washington,Olympia,500 block of Dutterow Road SE,3,1,0,0,2,,47.0378741,-122.9006951
586058,"June 22, 2016",Illinois,Chicago,3100 block of West Warren,0,4,0,0,0,,41.8821151,-87.7038192
586044,"June 21, 2016",New Jersey,Willingboro,Mosshill Lane,0,4,0,0,0,,40.0310649,-74.8924396
585615,"June 21, 2016",Kentucky,Louisville,2802 Rodman Street,2,2,0,0,1,,38.2088639,-85.7701513
583631,"June 19, 2016",Virginia,Roanoke,2328 Melrose Avenue,0,4,0,0,0,,37.2859609,-79.9750796
583537,"June 18, 2016",Georgia,Waycross,2625 Arnold Ct,2,2,0,0,0,,3.1220116,-8.2363423
583584,"June 18, 2016",Virginia,Exmore,Frederick Douglass Rd,1,3,0,0,1,,37.5325885,-75.8319854
583362,"June 18, 2016",Illinois,Chicago,East 79th Street and South Escanaba Avenue,0,4,0,0,0,,41.7518886,-875540812.9999999
580791,"June 14, 2016",California,Oakland,1301 Franklin St,1,3,0,0,0,,37.8033655,-122.2704495
580848,"June 14, 2016",Delaware,Wilmington,South Van Buren and Elm streets,0,4,0,0,0,,39.7407893,-755645701.9999999
579517,"June 13, 2016",California,Fresno,East El Monte Way and Recreation Avenue,0,4,0,0,0,,36.7349771,-119.7387116
579786,"June 13, 2016",New York,Brooklyn,Avenue D and E. 57th,0,5,0,0,1,,40.6427579,-73.9226089
580279,"June 13, 2016",Illinois,Chicago,3200 block of West Congress,0,5,0,0,0,,41.8749104,-877059513.9999999
577157,"June 12, 2016",Florida,Orlando,1912 S Orange Ave,49,53,1,0,0,,28.5196118,-813768458.9999999
578238,"June 11, 2016",Minnesota,Webster,4000 block of Elmore Avenue,0,4,0,0,0,,44.5297826,-933728499.0
576774,"June 11, 2016",North Carolina,Charlotte,4000 block of Collegiate Avenue,1,3,0,0,0,,35.3245682,-80.7104748
577938,"June 11, 2016",California,Stockton,Alvarado Avenue,1,3,0,0,0,,37.9878651,-12.1291351
577574,"June 11, 2016",New Mexico,Roswell,2300 block of Davis Ave,5,0,0,0,1,,3.3419816,-10.4518465
577073,"June 11, 2016",California,Panorama City,8500 block of Cedros Avenue,2,2,1,0,0,,34.2247538,-118.4535709
575607,"June 9, 2016",Florida,Fort Walton Beach,Landview Drive,0,4,0,0,3,,30.4620469,-0.8664765
574850,"June 8, 2016",District of Columbia,Washington,1300 North Capitol St NW,0,4,0,0,2,,38.9074879,-77.0093247
574753,"June 8, 2016",Massachusetts,Boston,66 Washington St,1,3,0,0,3,,42.2265107,-71.1863229
573327,"June 6, 2016",California,Visalia,3360 S Fairway St,0,4,0,0,0,,36.3004457,-119.3103758
572766,"June 5, 2016",Arizona,Phoenix,8152 N Black Canyon Hwy,2,3,0,1,0,,33.5563834,-112.1139694
575061,"June 5, 2016",Minnesota,Minneapolis,8th and Humboldt Avenue N.,0,4,0,0,0,,44.9846017,-93.2981954
572696,"June 5, 2016",Florida,Cape Coral,2600 block of Skyline Boulevard S,2,3,1,0,0,,26.6035305,-819909407.9999999
572513,"June 5, 2016",New York,Brooklyn,Mermaid Ave and 16th St.,0,4,0,0,0,,40.5757188,-7.3993376
571859,"June 4, 2016",Colorado,Denver,3600 block of Hudson Street,3,1,0,0,3,,39.7674421,-104.9234581
569225,"May 31, 2016",Illinois,Chicago,3300 block of West Huron Street,0,4,0,0,0,,4.1893707,-8.7708945
569189,"May 31, 2016",Indiana,Fort Wayne,6600 block of Pawawna Drive,0,4,0,0,0,,41.1059598,-85.0571391
568528,"May 30, 2016",Maryland,Baltimore,500 block of East 43rd Street,0,5,0,0,0,,39.3412179,-76.6090763
568745,"May 30, 2016",California,Sacramento,3900 block of 44th,0,5,0,0,0,,38.5394663,-121.4554447
567788,"May 29, 2016",Nevada,Las Vegas,200 block of N 3rd St,0,4,0,0,2,,36.1720403,-115.1413431
567673,"May 29, 2016",New Jersey,Trenton,600 block of Martin Luther King Jr. Boulevard,0,6,0,0,0,,40.2298219,-747632108.9999999
567494,"May 29, 2016",Indiana,Indianapolis,300 block of South Meridian Street,0,4,0,0,0,,39.7625906,-86.1600739
567614,"May 29, 2016",Texas,Houston,13210 Memorial Dr,1,6,1,0,0,,29.7730276,-955741493.0000002
564470,"May 23, 2016",New Jersey,Newark,102 Isabella Avenue,0,5,0,0,0,,40.7414656,-74.2209551
563829,"May 22, 2016",Louisiana,New Orleans,8639 Apple St,0,4,0,0,0,,29.9616016,-901237432.0
563514,"May 22, 2016",California,Stockton,Poplar and Sutter Streets,1,3,0,0,0,,37.9723616,-121.2919699
563751,"May 22, 2016",Tennessee,Nashville,100 block of Rains Avenue,0,4,0,0,0,,36.1401621,-8.6763815
563630,"May 21, 2016",Georgia,Jackson,Levi Barnes Road,1,3,0,0,0,,33.2598338,-84.0273833
561912,"May 18, 2016",Indiana,Indianapolis,34th Street and North Keystone Avenue,0,4,0,0,0,,39.8180988,-86.1216714
560782,"May 17, 2016",South Carolina,Ravenel,5360 Savannah Highway,3,1,0,0,1,,32.7854089,-80.2032158
565244,"May 15, 2016",Georgia,Moultrie,Rossman Dairy Road,5,0,0,0,1,,31.2121534,-83.8517762
559194,"May 15, 2016",Indiana,Evansville,420 North Garvin Street,0,4,0,0,0,,37.9816838,-87.5568512
559042,"May 14, 2016",Georgia,Atlanta,Cordova and Peoples Street,0,5,0,0,0,,33.7386353,-84.4204935
558796,"May 14, 2016",West Virginia,Charleston,2337 Washington St W,1,3,0,0,3,,38.3768754,-816759879.9999999
557589,"May 11, 2016",Alabama,Birmingham,1400 block of 21st St N,1,4,0,0,1,,33.5312469,-86.8142532
557479,"May 11, 2016",Illinois,Chicago,7100 block of South State Street,0,5,0,0,0,,417638501.0000001,-87.6249634
555126,"May 8, 2016",Texas,Austin,8600 block of North Lamar,1,3,0,0,1,,30.3546532,-97.7046316
555873,"May 6, 2016",Michigan,Detroit,12300 block of Gratiot,1,4,0,0,0,,4.2415994,-829897309.9999999
555886,"May 6, 2016",Alabama,Montgomery,1300 block of Clay Street,1,3,0,0,0,,32.3757177,-86.3332762
554133,"May 6, 2016",Maryland,Bethesda,7101 Democracy Blvd,3,3,0,0,1,,39.0241378,-77.1459998
553803,"May 5, 2016",Louisiana,Shreveport,300 block of North Thomas Drive,2,6,0,0,0,,32.5388509,-93.7634753
554027,"May 5, 2016",Florida,Miami,2108 NW 19th Terrace,1,3,0,0,0,,25.7933523,-802298141.9999999
553570,"May 4, 2016",Minnesota,Minneapolis,16th Avenue North and Newton Avenue North,1,7,0,0,0,,45.0150267,-93.3057267
551053,"May 1, 2016",Tennessee,Murfreesboro,1955 Old Castle Drive,0,5,0,0,0,,358219542.0000001,-86.3461063
550619,"April 29, 2016",California,Oakland,3200 block of San Pablo Avenue,0,5,0,0,0,,37.8239227,-122.2778079
550445,"April 29, 2016",Missouri,Saint Louis (Ferguson),400 block of N Dade Ave,0,4,0,0,0,,38.7509247,-90.3150695
549507,"April 27, 2016",Louisiana,Baton Rouge,4300  Block of Kerrit Dr,2,2,0,0,0,,30.4903259,-91.0871866
549071,"April 27, 2016",Mississippi,Kilmichael,Pecan Drive,3,1,0,0,1,,33.4355942,-89.5723262
548333,"April 26, 2016",Maryland,District Heights (Forestville),6500 block of Hil-Mar Drive,1,4,0,0,0,,0.3884317,-76.8954127
547639,"April 25, 2016",Tennessee,Nashville,400 Charlotte Avenue,0,4,0,0,1,,36.1661207,-86.7818085
547827,"April 25, 2016",Florida,Miami,1506 Northwest 70th Street,0,5,0,0,0,,25.8384097,-802233957.9999999
546760,"April 24, 2016",Virginia,Halifax,1055 L P Bailey Memorial Hwy,0,4,0,1,1,,36.7767067,-0.7892257
547319,"April 24, 2016",Illinois,Chicago (Englewood),2000 block of West 68th Place,2,3,0,0,0,,41.7695674,-876739032.9999999
546818,"April 24, 2016",Colorado,Denver,1400 block of 14th Street,0,4,0,0,1,,39.7480103,-105.0006991
546581,"April 23, 2016",Nevada,Las Vegas,1650 South Hollywood Boulevard,1,3,0,0,1,,36.1527633,-115.0258601
546244,"April 23, 2016",Alabama,Auburn,1200 block of Lee Road 83,3,1,0,0,1,,32.5054335,-853281143.9999999
546258,"April 23, 2016",New York,New York (Manhattan),West 141st Street and Edgecombe Avenue,0,4,0,0,0,,40.8208851,-739451670.9999999
546550,"April 23, 2016",Kansas,Topeka,3732 SW Topeka Blvd,0,4,1,0,0,,38.9989888,-95.6873274
546022,"April 22, 2016",Georgia,Appling,3162 Johnson Drive,5,0,1,0,0,,33.5989475,-82.2245477
545525,"April 22, 2016",Ohio,Piketon,4077 Union Hill Rd,8,0,0,0,4,,39.0100679,-83.2392689
545501,"April 21, 2016",Maryland,Baltimore,4800 block of Frankford Avenue,0,4,0,0,1,,39.3324809,-765450451.9999999
543441,"April 19, 2016",Alabama,Blountsville,81551 US Highway 278,0,4,1,0,0,,34.1620626,-86.4744292
544080,"April 19, 2016",Illinois,Chicago,2700 block of West 53rd Street,1,3,0,0,0,,41.7973894,-87.6914632
543132,"April 19, 2016",Illinois,Chicago,1400 block of West 84th Street,1,4,0,0,0,,41.7413928,-876583600.0000002
543244,"April 18, 2016",California,Long Beach,1200 block of E. 17th Street,1,3,0,0,0,,33.7878585,-118.1760712
541996,"April 17, 2016",Pennsylvania,Philadelphia,600 block of Westmoreland Street,3,1,0,0,1,,39.9987467,-0.7511892
543102,"April 17, 2016",South Carolina,Pelzer,200 block of Eastview Road,1,3,0,0,0,,34.6458844,-82.4371326
543108,"April 17, 2016",Texas,Edinburg,5021 W St Hwy 107,1,6,0,0,1,,26.3099348,-982174682.0
542259,"April 16, 2016",Michigan,Detroit,9500 block of Oakland,1,4,0,0,1,,423882337.9999999,-83.0741687
541987,"April 16, 2016",Florida,Orlando,1100 block of Conley Street,2,4,0,0,2,,28.5327233,-81.3937395
542362,"April 16, 2016",Alabama,Enterprise,Baxter Street,0,4,0,0,0,,31.3036321,-85.8152045
537825,"April 10, 2016",Wisconsin,Milwaukee,76th and Sheridan,1,3,0,0,0,,43.1182626,-88.0060965
537820,"April 10, 2016",California,Los Angeles,84th Street and Towne Avenue,0,4,0,0,0,,33.9628506,-118.2673287
537311,"April 9, 2016",Tennessee,Memphis,Mt Moriah Road and Ridgeway Road,0,4,0,0,0,,35.0723541,-89.8633467
539705,"April 9, 2016",Alabama,Anniston,West 15th Street and Crawford Avenue,0,4,0,0,0,,33.6636468,-85.8501035
537085,"April 9, 2016",New Mexico,Albuquerque,2600 block of Mesa Drive SE,0,4,0,0,1,,35.0557984,-106.6270667
535927,"April 7, 2016",Illinois,Chicago,2200 block of East 70th Place,0,4,0,0,0,,41.7672695,-87.5712616
532604,"March 31, 2016",Illinois,Chicago (Englewood),6800 block of South Throop,0,4,0,0,0,,4.1770356,-8.7657043
530049,"March 27, 2016",Louisiana,Shreveport,Hearne Ave and Hollywood Ave,0,4,0,0,0,,32.4564733,-937800210.0
528614,"March 25, 2016",Illinois,Chicago,4500 block of West West End Avenue,0,4,0,0,0,,418833543.9999999,-877384833.9999999
529488,"March 25, 2016",Colorado,Denver,8501 E. Alameda Avenue,0,4,0,0,0,,397107886.9999999,-10.4890434
526380,"March 21, 2016",Illinois,Chicago,5700 block of West Washington Boulevard,0,4,0,0,0,,41.8823106,-8.7768446
525464,"March 19, 2016",Florida,Plantation,12050 NW 4th Court,1,4,0,0,0,,26.1251417,-803092724.0000001
525301,"March 19, 2016",Alabama,Wetumpka,South Shelby Street,2,2,0,0,1,,32.5382026,-8.6213962
523044,"March 15, 2016",Georgia,Atlanta,Donald Lee Hollowell Drive,0,5,0,0,0,,33.7768481,-84.4598759
522122,"March 13, 2016",Florida,Fort Myers,50 South Road,0,4,0,0,0,,2.6576621,-81.8692164
521821,"March 12, 2016",Oregon,Portland,16126 S.E. Stark St.,0,4,0,0,1,,45.5189574,-12.2496919
521074,"March 12, 2016",California,Oakland,I-880 and I-80,0,4,0,0,0,,37.5879818,-122.0534334
520767,"March 11, 2016",Michigan,Detroit,2600 block of Hazelwood,2,2,0,0,0,,42.3714835,-831074900.9999999
520290,"March 11, 2016",New Jersey,Trenton,Oliver Avenue,0,5,0,0,0,,40.2387738,-74.7774626
519541,"March 9, 2016",Pennsylvania,Pittsburgh (Wilkinsburg),1304 Franklin Ave,6,2,0,0,0,,40.4381931,-79.8729501
518266,"March 8, 2016",Texas,San Antonio,Sherman St,2,3,0,0,0,,29.4339638,-98.4642663
517895,"March 7, 2016",Louisiana,Lafayette,800 block of Martin Luther King Jr. Drive,0,4,0,0,0,,30.2495876,-92.0248039
518436,"March 7, 2016",Kansas,Kansas City,3000 block of South 36th Street,5,0,0,0,1,,39.0475631,-94.6698727
517058,"March 6, 2016",Massachusetts,Chelsea,120 Washington Avenue,1,6,0,0,1,,42.3968909,-71.0319246
517114,"March 6, 2016",Georgia,Roswell,890 Atlanta St,0,4,0,0,1,,34.0228746,-843618037.9999999
517073,"March 6, 2016",California,Compton,900 block of West Victoria Street,1,8,0,0,0,,33.8677811,-118.2389617
516758,"March 5, 2016",Kansas,Wichita,116 North Mead,0,4,0,0,0,,37.6867959,-973287243.0
516341,"March 4, 2016",Ohio,Columbus,900 E 5th Ave,1,3,0,0,1,,39.9864777,-82.9805638
513640,"February 28, 2016",California,Mira Loma,5500 block of Etiwanda Ave,1,3,0,0,1,,33.9881386,-117.5227494
513549,"February 28, 2016",Michigan,Detroit,8800 block of Livernois,0,5,0,0,0,,42.3591383,-83.1378608
512880,"February 27, 2016",Virginia,Woodbridge (Lake Ridge),13051 Lashmere Ct,2,2,0,0,1,,38.6696176,-77.3536074
512073,"February 26, 2016",Washington,Belfair,300 block of Horseshoe Rd,4,0,1,0,0,,47.5033373,-122.9322821
511436,"February 25, 2016",Kansas,Hesston,200 S Ridge Rd,3,14,1,0,0,,38.1355353,-97.4245917
509897,"February 23, 2016",Arizona,Glendale,4812 West Sunnyside Ave,4,0,1,0,0,,3.3592429,-11.2162762
510769,"February 23, 2016",Florida,Daytona Beach,1042 Sheridan Road,0,4,0,0,2,,29.2089709,-81.0449215
509707,"February 21, 2016",Texas,Houston,5100 block of Idaho Street,0,5,0,0,0,,2.9686996,-95.3437058
508879,"February 21, 2016",Missouri,Hazelwood,7217 N Lindbergh Blvd,1,3,0,0,3,,38.7833565,-903568948.0
508341,"February 20, 2016",Florida,Tampa,2810 E. Bearss Ave,1,3,0,0,0,,28.0809672,-8.2427808
508640,"February 20, 2016",Michigan,Kalamazoo,5581 Cracker Barrel Blvd,6,2,0,0,1,,42.2365631,-856747580.9999999
508356,"February 20, 2016",Alabama,Bessemer,200 block of Elm Street,1,3,0,0,0,,33.3731822,-86.9759413
508510,"February 20, 2016",Florida,Orlando,446 S Parramore Ave,0,4,0,0,1,,28.5366971,-81.3892053
508113,"February 20, 2016",Mississippi,Iuka,231 Co Rd 201,1,3,1,0,0,,34.7543468,-88.1381285
590221,"February 19, 2016",Missouri,Edgerton,4100 block of Buena Vista Road,4,0,0,0,1,,39.4928403,-946258784.0
507998,"February 19, 2016",California,Vallejo,509 Porter Street,1,3,0,0,0,,38.0882926,-12.2245526
505420,"February 14, 2016",Alabama,Eutaw,50 Earnest Friday Rd,0,5,0,0,2,,32.9890102,-879112974.9999999
504879,"February 14, 2016",Texas,Houston,8449 Gulf Freeway,0,4,1,0,0,,2.9672633,-952637914.0000002
504996,"February 13, 2016",Louisiana,Marrero,5425 Lapalco Boulevard,0,4,0,0,1,,29.8748364,-901081510.0
501256,"February 7, 2016",Mississippi,Pass Christian,Davis Avenue,2,4,0,0,5,,30.3225559,-89.2446518
501233,"February 7, 2016",Florida,Orlando,7432 Universal Blvd,2,10,0,0,4,,28.4553108,-81.4650277
501168,"February 7, 2016",New York,Rochester,547 State St,1,7,0,0,4,,43.1642357,-77.6230683
501349,"February 7, 2016",Illinois,Chicago (Englewood),6500 block of South Green Street,0,4,0,0,0,,41.7759501,-876462411.9999999
501267,"February 6, 2016",California,Los Angeles,12800 block of Cook Street,1,3,0,0,0,,33.9164223,-118.2707054
500629,"February 6, 2016",Florida,Apopka,10th Street,0,4,0,0,0,,28.6657587,-81.5145694
500556,"February 6, 2016",Florida,Tampa,8123 N Nebraska Ave,2,6,0,0,0,,28.0218973,-82.4510088
499422,"February 3, 2016",District of Columbia,Washington,1500 block of Butler St SE,0,4,0,0,0,,38.8611538,-76.9836096
495940,"January 30, 2016",Arizona,Glendale,67th and Missouri Avenue,3,5,0,0,0,,33.5166045,-112.2031505
494378,"January 27, 2016",Virginia,Chesapeake,1401 N. George Washington Hwy,5,0,1,0,0,,36.7904753,-763301731.9999999
493536,"January 26, 2016",Washington,Seattle,Airport Way S. and S. Atlantic St.,2,3,0,0,1,,47.5902781,-122.3226852
493085,"January 25, 2016",California,Perris,140 S. D Street,1,4,0,0,1,,33.7847084,-117.2286753
491312,"January 23, 2016",California,Los Angeles,8105 Avalon Blvd,2,2,0,0,0,,3.3965343,-118.2653817
486728,"January 17, 2016",Virginia,Gloucester,Ditchley Dr and Gill Ln,1,3,0,0,1,,37.4000818,-76.4373384
483750,"January 11, 2016",Delaware,Wilmington,900 block of Brown Street,1,4,0,0,0,,39.7350932,-75.5672316
481849,"January 8, 2016",District of Columbia,Washington,1700 E Capitol St NE,0,4,0,0,0,,38.8903247,-76.9795263
481900,"January 8, 2016",Illinois,Chicago,1500 block of South Kedzie,1,4,0,0,0,,41.8609196,-87.7055201
481429,"January 7, 2016",Tennessee,Memphis,3800 block of Kerwood Avenue,1,3,0,0,1,,35.2336271,-89.9362666
479613,"January 6, 2016",Florida,Lakeland,2312 East Magnolia Street,3,1,0,0,4,,28.0505685,-81.9133463
1017372,"December 31, 2017",Colorado,Littleton (Highlands Ranch),3404 E County Line Rd,1,6,1,0,0,,39.5650831,-104.9489888
1017422,"December 31, 2017",Illinois,Chicago,2335 Howard St,0,4,0,0,0,,42.0194209,-87.6890976
1018118,"December 31, 2017",New Jersey,Long Branch,635 Wall St,4,0,0,0,1,,40.2925082,-74.0031413
1015666,"December 27, 2017",Nevada,Las Vegas,3750 E Bonanza Rd,2,2,0,0,1,,3.6175261,-115.0945916
1015336,"December 26, 2017",Florida,Miami,NW 18th Ave and 86th Ter,0,5,0,0,0,,25.8532499,-80.2276595
1013983,"December 24, 2017",Mississippi,Vicksburg,1111 Mulberry Street,0,5,0,0,1,,32.3516233,-90.8826832
1014052,"December 24, 2017",Alabama,Troy,100 block of Chapman St,1,4,0,0,1,,31.8090063,-859600435.9999999
1014971,"December 23, 2017",Louisiana,Eunice,100 block of City Avenue,1,3,0,0,1,,30.4844003,-9.2404098
1013377,"December 23, 2017",Alabama,Birmingham,3rd Ave N and 9th St N,0,4,0,0,0,,3.3509112,-8.6822006
1012704,"December 21, 2017",Louisiana,Lafayette,1500 block of N University Avenue,0,4,0,0,0,,30.2493145,-920346856.0
1011953,"December 21, 2017",Pennsylvania,Philadelphia,6600 block of Dorel St,0,0,1,3,0,,39.9180128,-75.2278654
1009629,"December 16, 2017",Mississippi,Mc Cool (Mccool),Ferguson Rd,0,4,0,0,1,,33.1777395,-89.4401956
1008310,"December 15, 2017",California,Pacoima,13041 Jouett Street,0,5,0,0,0,,34.2659119,-118.4172427
1007054,"December 13, 2017",Ohio,Columbus,200 block of E Barthman Ave,1,3,0,0,0,,39.9242142,-8.2989954
1006150,"December 12, 2017",Kentucky,Louisville,17th and Gallagher Streets,0,4,0,0,3,,38.2388354,-85.7825902
1006446,"December 12, 2017",Texas,Garland,1301 Rivercrest Ln,0,4,0,0,0,,0.3292438,-966059972.0
1004454,"December 9, 2017",Massachusetts,Boston,Proctor St,0,4,0,0,1,,42.3269418,-71.0691629
1002514,"December 6, 2017",Illinois,Chicago,4620 N Broadway,0,4,0,0,0,,41.9658294,-876579405.9999999
1001566,"December 4, 2017",Pennsylvania,Pittsburgh,7200 block of Everton St,2,2,0,0,0,,40.4631311,-79.8933974
1000479,"December 3, 2017",Tennessee,Memphis,656 Marshall Ave,1,3,0,0,2,,35.1402364,-90.0388881
999969,"December 2, 2017",Michigan,Detroit,5200 Woodward Avenue,0,4,0,0,1,,42.3594422,-83.0643655
998843,"November 30, 2017",Michigan,Detroit,11000 block of Gunston,1,4,0,0,0,,42.4089002,-829958355.9999999
994323,"November 24, 2017",Mississippi,Brookhaven,119 Martin Street,1,6,0,0,0,,31.5790588,-90.4406506
995015,"November 24, 2017",Ohio,Cleveland,11618 Buckeye Rd,1,5,0,0,5,,41.4807122,-816021909.9999999
991017,"November 18, 2017",Minnesota,Minneapolis,3600 block of N Emerson Ave,0,4,0,0,0,,450204856.9999999,-9.3293973
990974,"November 17, 2017",Louisiana,New Iberia,900 Block of Mississippi St,0,4,0,0,0,,30.0111752,-91.8413144
989838,"November 16, 2017",Georgia,Columbus,1400 block of 15th Street,0,7,0,0,0,,32.4742112,-84.9713635
988824,"November 14, 2017",California,Richmond,900 Block of View Dr,2,2,0,0,0,,37.9778844,-122.3134255
987611,"November 14, 2017",California,Corning,17357 Stagecoach Rd,5,12,1,0,0,,40.0186271,-122.3932962
986236,"November 12, 2017",Indiana,Gary,4601 Melton Rd,0,7,0,0,1,,41.5951359,-87.2812463
987134,"November 12, 2017",California,Fresno,S Calvin Ave,0,5,0,0,0,,3.6681821,-119.7342994
986816,"November 12, 2017",Georgia,Atlanta,50 Lower Alabama St,2,2,0,0,1,,33.7518911,-843892494.9999999
985582,"November 11, 2017",Texas,Dallas,2532 Martin Luther King Jr Blvd,1,3,0,0,0,,32.7666882,-967706830.0
985832,"November 11, 2017",North Carolina,Fayetteville,2835 Bragg Blvd,1,4,0,1,0,,35.0737079,-789277824.9999999
986092,"November 11, 2017",Louisiana,New Orleans,Forstall St and Burgundy St,1,5,0,0,0,,29.9602673,-90.0221421
984822,"November 10, 2017",Ohio,Dayton (Trotwood),193 Olive Rd,0,4,0,0,0,,39.7492151,-84.2925516
984455,"November 9, 2017",Pennsylvania,Philadelphia,1800 block of Ringgold,0,4,0,0,0,,39.9301354,-751859717.9999999
980577,"November 5, 2017",Texas,Sutherland Springs,216 4th St,26,20,1,0,0,,29.2732182,-980563429.0
980269,"November 4, 2017",Texas,Austin,N Lamar Blvd and Masterson Pass,0,4,0,0,1,,30.3712157,-97.6924318
980192,"November 4, 2017",Ohio,Youngstown,2810 Market St,0,4,0,0,0,,41.0710603,-806582100.0000001
980060,"November 4, 2017",California,Santa Monica,1515 Ocean Avenue,1,3,0,0,0,,34.0125175,-118.4954743
979651,"November 3, 2017",Minnesota,Minneapolis,10th Ave S and E 24th St,0,4,0,0,1,,44.9591285,-932600349.0
980258,"November 3, 2017",California,Gardena,E 163rd St and S Main St,0,4,0,0,0,,3.3883855,-118.2758106
980004,"November 3, 2017",New York,Buffalo,147 Roosevelt Ave,0,4,0,0,0,,42.9336984,-788080325.9999999
980401,"November 3, 2017",Louisiana,Lacombe,27600 block of Mirmar Street,0,4,1,0,1,,30.3094393,-89.9427487
975600,"October 29, 2017",Texas,Austin,5500 block of Ave F,1,3,0,0,1,,30.3200483,-97.7198798
975817,"October 28, 2017",Ohio,Toledo,1327 N Huron St,0,4,0,0,0,,41.6618406,-83.5220386
974704,"October 28, 2017",Virginia,Petersburg,N Sycamore St and Franklin,1,3,0,0,0,,37.2284682,-77.4034994
974051,"October 27, 2017",Kentucky,Louisville,1716 Prentice St,0,6,0,0,0,,38.2407587,-8.5784399
974411,"October 27, 2017",California,San Francisco,1100 block of Fillmore,0,4,0,0,0,,377798583.9999999,-122.4317264
966895,"October 23, 2017",California,Clearlake Oaks,13000 block of Anchor Village,2,3,0,0,1,,39.0241895,-122.6611242
966153,"October 22, 2017",Connecticut,Hartford,Wethersfield Avenue and Elliott Street,0,4,0,0,0,,41.7464242,-7.2673327
966178,"October 22, 2017",Alabama,Lanett,1606 19th St Sw,2,7,0,0,2,,32.8490524,-852060121.9999999
965066,"October 21, 2017",Florida,Tampa,400 block of E Nordica St,0,4,0,0,0,,2.7978198,-0.8245662
965077,"October 21, 2017",Florida,Jacksonville,164 E Eubanks St,0,4,0,0,0,,30.4847016,-81.6223065
965756,"October 21, 2017",Tennessee,Nashville,1277 12th Ave S,0,4,0,0,0,,3.6141435,-867885139.9999999
965251,"October 21, 2017",Pennsylvania,Chester,1200 block of W Carlas Ln,0,4,0,0,0,,39.8468685,-75.3827757
962359,"October 18, 2017",Maryland,Edgewood,2111 Emmorton Park Rd,3,3,0,0,1,,39.4520697,-76.3099325
962155,"October 17, 2017",New York,Brooklyn,181 Martense St,0,4,0,0,0,,40.6516373,-73.9528732
962623,"October 16, 2017",Mississippi,Meridian,6010 5th St,1,3,0,0,2,,32.3599751,-88.7405678
960036,"October 15, 2017",Texas,Houston,6233 Gulfton St,2,2,0,0,0,,29.7159758,-95.4915044
959126,"October 15, 2017",Arizona,Phoenix,107th Ave and Camelback Rd,1,3,0,0,0,,33.5081647,-112.2900017
957980,"October 12, 2017",California,Aliso Viejo,6 Asbury Ct,2,2,0,0,1,,33.5675413,-117.7357973
957562,"October 11, 2017",Ohio,Pedro,15497 SR 93,4,0,0,0,1,,38.7082771,-82.6423488
956990,"October 10, 2017",California,Long Beach,1601 E Anaheim St,2,2,0,0,2,,33.7828483,-118.1718306
956942,"October 10, 2017",California,San Francisco,25th St and Treat Ave,0,4,0,0,0,,37.7565054,-122.4133938
955268,"October 9, 2017",Texas,Houston,3352 Old Spanish Trail,0,5,0,0,0,,29.7011907,-9.5372159
954428,"October 7, 2017",Arizona,Phoenix,87th Ave and Thomas Rd,0,4,0,0,0,,33.4797708,-112.2464891
953156,"October 6, 2017",Illinois,Chicago,8000 block of S Marshfield,0,5,0,0,0,,4.1748351,-87.6649489
952720,"October 5, 2017",Arizona,Casa Grande,400 block of W 13th Street,4,0,0,0,2,,3.2885417,-111.7572927
952220,"October 3, 2017",Florida,Miami,2051 NW 65th St,0,4,0,0,0,,25.8340556,-80.2306718
945990,"October 1, 2017",Kansas,Lawrence,1000 block of Massachusetts St,3,2,0,0,3,,38.9654625,-9.5235711
946496,"October 1, 2017",Nevada,Las Vegas,3950 Las Vegas Blvd S,58,441,1,0,0,,36.0929942,-115.1757617
946138,"September 30, 2017",Tennessee,Memphis,800 block of Kerr Avenue,1,3,0,0,0,,35.1071634,-90.0358906
944448,"September 28, 2017",Louisiana,New Orleans,2001 N Rocheblave St,1,3,0,0,0,,29.9814899,-90.0647858
942628,"September 26, 2017",Pennsylvania,Philadelphia,100 block of Pastorius St,1,3,0,0,1,,40.0433999,-75.1774239
942522,"September 26, 2017",Tennessee,Memphis,2531 Chelsea Ave,0,4,0,0,1,,35.1742204,-89.9727836
942830,"September 26, 2017",Maryland,Baltimore,3200 block of Lyndale Ave,2,2,0,0,0,,39.3166083,-765783393.9999999
941144,"September 24, 2017",Maryland,Baltimore,500 block of E. Patapsco Avenue,0,4,0,0,0,,39.2371279,-76.6035289
940554,"September 24, 2017",Tennessee,Antioch,3890 Pin Hook Rd,1,7,0,1,1,,36.0467801,-86.5830934
940644,"September 24, 2017",New York,Syracuse,1226 E Fayette St,0,4,0,0,0,,4.3048206,-76.1304364
1974755,"September 24, 2017",Pennsylvania,Philadelphia,3400 block of H St,0,4,0,0,0,,39.9996755,-75.1127607
941257,"September 24, 2017",New Jersey,Mays Landing,6000 block of Hoover Dr,1,3,0,0,1,,39.4511564,-747663941.0000001
939834,"September 23, 2017",California,Bakersfield,818 Real Rd,1,4,0,0,3,,35.3657397,-119.0431515
940068,"September 23, 2017",Illinois,Danville,Seminary St and Jackson St,0,5,0,0,0,,40.1303411,-876272774.9999999
940142,"September 23, 2017",Connecticut,Hartford,1164 Albany Ave,2,2,0,0,1,,41.7822141,-72.6957951
939482,"September 20, 2017",Indiana,Gary,4300 block of 23rd Ct,0,5,0,0,0,,415756279.9999999,-8.7390664
936028,"September 17, 2017",Michigan,Detroit,5000 block of Stanton Street,1,3,0,0,0,,4.2350123,-83.0907694
935928,"September 17, 2017",Virginia,Petersburg,300 Mistletoe St,1,4,0,0,3,,37.2167361,-77.4049063
934036,"September 16, 2017",South Carolina,Columbia,920 Lady Street,0,7,0,1,4,,34.0012887,-81.0376376
933957,"September 15, 2017",Illinois,Chicago,4700 block of S Fairfield Ave,4,0,0,0,0,,41.8080868,-87.6930708
932526,"September 13, 2017",Tennessee,Memphis,1000 block of Morehead St,1,5,0,0,0,,35.1680474,-900251210.9999999
932181,"September 13, 2017",Washington,Rockford,14626 S Jackson Rd,1,3,0,0,1,,47.5199921,-117.1964626
932906,"September 13, 2017",Pennsylvania,York,400 block of S Duke St,0,4,0,0,0,,399573332.9999999,-76.7230859
932619,"September 13, 2017",Pennsylvania,Philadelphia,3100 block of N 2nd St,0,4,0,0,0,,39.9971354,-75.1328293
930569,"September 10, 2017",Texas,Plano,1712 West Spring Creek Parkway,8,1,1,0,0,,33.0564838,-96.7275737
930266,"September 10, 2017",Louisiana,New Orleans,2101 N Claiborne Ave,1,3,0,0,1,,29.9736476,-90.0581921
931139,"September 9, 2017",Alabama,Selma,Kings Bend Road,0,4,0,0,0,,32.3944732,-8.7028715
928380,"September 6, 2017",Illinois,Chicago,2700 block of Madison,0,4,0,0,0,,4.1881378,-8.7694176
927277,"September 4, 2017",Illinois,Bellwood,1000 block of Bellwood Ave,0,4,0,0,0,,4.1874192,-878782911.9999999
926766,"September 3, 2017",California,Inglewood,10100 block of S Firmona Ave,2,3,0,0,1,,33.9444383,-118.3566782
925809,"September 2, 2017",Kentucky,Louisville,8008 Watterson Trl,0,4,0,0,2,,3.8180633,-856219469.9999999
925436,"September 2, 2017",Illinois,Chicago,8300 block of S Hermitage,1,3,0,0,0,,41.7427476,-87.6671325
922184,"August 28, 2017",New Mexico,Clovis,701 N Main St,2,4,0,0,1,,3.4405178,-103.2044982
921733,"August 27, 2017",California,Sacramento,7760 24th St,1,4,0,0,3,,38.4750289,-121.4816798
921653,"August 27, 2017",Indiana,Evansville,1127 Chestnut St,1,3,0,0,1,,37.9731667,-875602220.9999999
921289,"August 25, 2017",Florida,Gainesville,1600 NE 8th Ave,0,4,0,0,1,,29.6593901,-82.3046381
920513,"August 24, 2017",Missouri,Saint Louis,10400 block of Balmoral Dr,4,0,0,0,1,,38.7541409,-90.2008752
918204,"August 22, 2017",Illinois,Chicago,300 block of N Central Ave,0,4,0,0,0,,41.8859405,-8.7765441
917793,"August 21, 2017",New Jersey,Newark,Fabyan Place,0,4,0,0,0,,40.7155849,-74.2219789
918061,"August 21, 2017",New Jersey,Newark,700 block of S 19th St,1,3,0,0,0,,40.7324366,-742122517.9999999
917820,"August 21, 2017",North Carolina,Whitakers,980 Fishing Creek Rd,4,0,0,0,1,,36.1694107,-0.7782874
917713,"August 21, 2017",Maryland,Baltimore,Cottage Avenue and Park Heights Avenue,1,3,0,0,1,,39.3273304,-76.6573951
917838,"August 21, 2017",Tennessee,Memphis,262 Decatur St,0,4,0,0,0,,35.1471654,-900259576.9999999
916808,"August 20, 2017",New York,Brooklyn,100th St and Ave M,0,4,0,0,0,,40.6386248,-73.8910423
916848,"August 20, 2017",Illinois,Chicago,11901 S Loomis St,2,5,0,0,0,,41.6768489,-87.6560322
916551,"August 19, 2017",Ohio,Cleveland,11143 Superior Ave,1,4,0,0,3,,41.5226524,-81.6076131
914819,"August 16, 2017",New York,Wyandanch,Merritt Ave and 15th St,0,4,0,0,0,,40.7543776,-733612900.9999999
913924,"August 14, 2017",California,North Hollywood,Morrison St and Klump Ave,2,2,0,0,0,,34.1608284,-118.3757595
912805,"August 13, 2017",Pennsylvania,Philadelphia,39th St and Melon St,0,5,0,0,0,,39.9649022,-75.1999685
912322,"August 13, 2017",California,Sacramento,4000 Block of Martin Luther King Jr Blvd,0,4,0,0,0,,38.5383721,-121.4650213
912375,"August 13, 2017",Virginia,Suffolk,8700 block of Quay Rd,0,4,0,0,0,,36.7282054,-76.5835621
912093,"August 12, 2017",Missouri,Saint Louis,12310 Bellefontaine Rd,1,3,0,0,1,,38.7965503,-90.2124056
909423,"August 8, 2017",Illinois,Chicago,50 block of E 37th St,1,6,0,0,0,,41.8271741,-876243655.9999999
907555,"August 6, 2017",New York,Bronx,Wickham Ave,0,6,0,0,1,,40.8788099,-73.8426571
907546,"August 6, 2017",New York,Bronx,Unionport Rd,0,4,0,0,0,,40.8412723,-73.8634147
907857,"August 6, 2017",California,Oakland,1000 block of 106th Avenue,0,7,0,0,0,,37.7357587,-122.1720107
907247,"August 5, 2017",New Jersey,Lakewood,900 block of Brook Road,0,4,0,0,0,,40.1013847,-74.1890277
907611,"August 5, 2017",South Carolina,Allendale,300 block of Ellis St,1,3,0,0,0,,33.0019099,-81.2959357
906568,"August 5, 2017",Florida,Tallahassee,1939 W Tennessee St,1,3,0,0,0,,3.0448443,-84.3161753
906509,"August 4, 2017",Montana,Lodge Grass,200 block of North Helen Street,3,2,0,0,0,,45.3116333,-107.3650316
906126,"August 3, 2017",District of Columbia,Washington,3426 18th St NE,1,3,0,0,0,,38.9327342,-76.9799843
904329,"August 2, 2017",Maryland,Baltimore,900 block of N Broadway,0,4,0,0,0,,39.3005949,-76.5947293
903853,"August 1, 2017",Illinois,Chicago,800 block of N Monticello Ave,0,4,0,0,0,,418954552.9999999,-87.7175364
904106,"August 1, 2017",Washington,Toppenish,8000 Block of Lateral C Rd,0,6,0,0,1,,46.3607944,-120.5230691
904026,"August 1, 2017",California,Fresno,Mariposa St and A St,0,7,0,0,0,,36.7278197,-119.8011313
903090,"July 31, 2017",Illinois,Decatur,Jasper St and Main St,0,4,0,0,0,,0.3984177,-88.9404161
902187,"July 30, 2017",Texas,El Paso,1810 George Dieter Dr,1,3,0,0,1,,31.7655477,-106.3011272
901549,"July 30, 2017",Virginia,Norfolk,1500 block of Azalea Garden Rd,1,5,0,0,1,,36.8671513,-76.2344805
901083,"July 29, 2017",New York,Buffalo,200 block of Carl St,1,4,0,0,0,,42.9200947,-78.8280557
901000,"July 29, 2017",North Carolina,Salisbury,115 W Fisher St,2,3,0,0,2,,35.6668205,-804716900.9999999
900963,"July 28, 2017",Delaware,Wilmington,400 block of N Washington St,0,4,0,0,0,,39.7420478,-75.5552611
900387,"July 27, 2017",Illinois,Chicago,2000 block of E 71st St,1,4,0,0,0,,41.7663128,-87.5760172
898631,"July 26, 2017",North Carolina,High Point,2111 E. Green Drive,1,6,0,0,0,,35.9532788,-79.9808328
898448,"July 25, 2017",Florida,Jacksonville,1040 Golfair Boulevard,1,3,0,0,2,,303642510.9999999,-81.6703217
896444,"July 23, 2017",Illinois,Chicago,1500 block of East 82nd St,1,3,0,0,0,,41.7459966,-87.5882093
896889,"July 23, 2017",Louisiana,Baton Rouge,10360 Ave H,0,4,0,0,4,,30.5384843,-911969480.0
896149,"July 22, 2017",Ohio,Cincinnati,130 E Clifton Ave,0,5,0,0,1,,39.1159823,-84.5142516
893690,"July 19, 2017",Virginia,Richmond,2300 block of Bethel St,0,5,0,0,0,,37.5551184,-77.4185708
894504,"July 19, 2017",California,Los Angeles,Imperial Hwy and Broadway,1,3,0,0,0,,33.9310097,-118.2784465
893726,"July 18, 2017",Wisconsin,Milwaukee,3000 block of N 39th St,0,4,0,0,0,,43.0733843,-87.9620936
893712,"July 18, 2017",New Jersey,Trenton,Hewitt St and Division St,1,3,0,0,0,,40.2081428,-747437370.9999999
893752,"July 18, 2017",Arizona,El Mirage,NW Grand Ave and W Thunderbird Rd,0,4,0,0,0,,33.6104509,-112.3142561
891291,"July 15, 2017",Pennsylvania,Philadelphia,21st and Fitzwater,1,3,0,0,0,,399432459.9999999,-751773659.9999999
891092,"July 15, 2017",Illinois,Chicago,12200 block of S Throop St,0,4,0,0,0,,41.6720148,-876541793.9999999
886564,"July 9, 2017",Virginia,Lawrenceville,500 block of Sturgeon Rd,0,7,0,0,0,,36.8120369,-77.7706542
886002,"July 8, 2017",Illinois,Alton,700 block of Oakwood Ave,0,4,0,0,1,,38.9179928,-901728185.0
886220,"July 8, 2017",Ohio,Cincinnati,9917 Capstan Dr,1,8,0,0,4,,39.2540434,-84.5966254
884764,"July 6, 2017",Mississippi,Meridian,Eighth Ave,0,4,0,0,3,,32.3817211,-88.6865333
883052,"July 5, 2017",Georgia,Savannah,Jefferson Street and West St. Julian Street,0,4,0,0,1,,32.0808246,-81.0949588
883282,"July 5, 2017",Illinois,Chicago (Roseland),11000 block of S Eberhart,2,2,0,0,0,,41.6945151,-876112646.9999999
883058,"July 5, 2017",Maine,Madison,300 block of Russell Rd,3,1,1,0,0,,0.4479237,-69.7939173
882665,"July 4, 2017",Florida,Orlando (Pine Castle),501 W Lancaster Rd,0,4,0,0,0,,28.4656465,-81.3828326
882321,"July 4, 2017",Virginia,Hampton,500 block of Patterson Ave,1,4,0,0,0,,37.0325421,-76.3606636
883489,"July 4, 2017",North Carolina,Raleigh,105 E South St,1,3,0,0,2,,35.7724038,-78.6379726
882422,"July 3, 2017",Alabama,Prattville,112 US 82,3,1,0,0,2,,32.4374995,-86.4725804
881921,"July 3, 2017",Michigan,Pontiac,50 block of Thorpe St,1,3,0,0,1,,42.6371714,-833112606.9999999
881700,"July 2, 2017",New Jersey,Jersey City,Wilkinson Avenue,0,4,0,0,0,,40.7062126,-74.0802742
880738,"July 2, 2017",South Carolina,Greenwood,SC 72 Bypass,0,4,0,0,1,,34.5012075,-81.8322969
879953,"July 1, 2017",Arkansas,Little Rock,220 W 6th St,0,25,0,0,3,,34.7435133,-922732720.0
883656,"July 1, 2017",Illinois,Momence,2727 S 13000 Rd E,0,4,0,0,0,,41.0852387,-876197562.9999999
880808,"July 1, 2017",New Jersey,Newark,Lincoln Park and Pennsylvania Avenue,2,2,0,0,0,,40.7258882,-741796416.9999999
880813,"July 1, 2017",California,Oakland,3200 Humboldt Ave,0,4,0,0,0,,37.7920684,-122.2067534
879412,"June 30, 2017",New York,Bronx,1650 Grand Concourse,1,6,1,0,0,,40.8434675,-73.9110798
877295,"June 27, 2017",Illinois,Chicago,200 block of S Lotus,0,5,0,0,0,,41.8780929,-877619120.9999999
876010,"June 25, 2017",District of Columbia,Washington,5900 block of Southern Ave SE,0,4,0,0,0,,38.8887526,-76.9162174
875886,"June 25, 2017",Missouri,Saint Louis,5000 block of Thekla Ave,1,3,0,0,0,,38.6885455,-902419660.0
874613,"June 24, 2017",Florida,Fort Lauderdale,2335 NW 16th Ct,1,4,0,0,0,,2.6146914,-80.1733165
875322,"June 24, 2017",New York,New York (Manhattan),114th St and Manhattan Ave,0,5,0,0,0,,40.8037404,-739577872.9999999
876076,"June 24, 2017",New Jersey,Willingboro,Pastoral Lane,0,4,0,0,0,,40.0330414,-74.8974479
873847,"June 22, 2017",Georgia,Atlanta,1100 block of Osborne Street,1,6,0,0,0,,3.3704175,-84.4239281
870095,"June 18, 2017",Missouri,Saint Louis,1900 block of N 14th St,2,2,1,0,0,,38.6443159,-90.1939146
870222,"June 18, 2017",District of Columbia,Washington,3100 block of Buena Vista Terrace SE,0,4,0,0,0,,388523457.9999999,-76.9654415
869877,"June 18, 2017",Illinois,Chicago,3300 block of W Crystal St,0,4,0,0,0,,41.9039186,-87.7094383
869968,"June 18, 2017",South Carolina,Myrtle Beach,311 N Ocean Blvd,0,6,0,1,1,,33.6866736,-7.8885398
869838,"June 17, 2017",Illinois,Chicago,50 block of N Latrobe Ave,0,4,0,0,0,,41.8817527,-87.7566192
869357,"June 17, 2017",Ohio,Columbus,6252 Busch Blvd,1,4,0,0,0,,40.0936654,-8.2992195
868042,"June 15, 2017",Virginia,Richmond,4053 Old Brook Road,1,3,0,0,1,,37.5908069,-77.4456582
868363,"June 15, 2017",New Mexico,La Madera,491 NM-111,5,0,0,0,1,,36.3840538,-106.0411483
866739,"June 14, 2017",Virginia,Alexandria,420 E Monroe Ave,0,5,1,0,0,,38.8214462,-770543194.9999999
868147,"June 14, 2017",Ohio,Canton,14th St NE and Gibbs Ave NE,0,4,0,0,0,,40.8112655,-813627054.9999999
866933,"June 14, 2017",California,San Francisco,720 San Bruno,3,2,1,0,0,,37.7604109,-122.4053532
866412,"June 13, 2017",Maryland,Baltimore,3300 block of Ayrdale Avenue,0,4,0,0,0,,39.3262899,-76.6816511
866448,"June 13, 2017",Maryland,Baltimore,1200 block of Bonaparte Avenue,2,2,0,0,0,,39.3155138,-76.5998233
869474,"June 13, 2017",Missouri,Saint Louis (University City),Ferguson Ave and Plymouth Ave,0,4,0,0,0,,38.6691818,-90.3099948
864743,"June 11, 2017",Illinois,Chicago,3300 block of W Douglas Blvd,0,9,0,0,0,,41.8632385,-87.7081919
864852,"June 11, 2017",Tennessee,Chattanooga,4272 Bonny Oaks Drive,0,4,0,0,0,,35.0807187,-85.2137092
865371,"June 11, 2017",Texas,Houston,505 Cypress Station Dr,0,4,0,0,0,,30.0293997,-95.4376071
865186,"June 10, 2017",Tennessee,Memphis,571 East Street,0,4,0,0,0,,35.1313591,-900314801.9999999
864370,"June 9, 2017",Texas,Fort Worth,East Davis Avenue and New York Avenue,2,5,0,0,0,,32.7208702,-973156967.0
863075,"June 8, 2017",Louisiana,New Orleans,3650 Franklin Ave,0,6,0,0,0,,29.9965636,-90.0500793
861307,"June 6, 2017",Utah,Sandy,2232 Alta Canyon Drive,2,2,1,0,0,,405940067.0000001,-111.8266992
859875,"June 5, 2017",Florida,Orlando,2427 Forsyth Rd,5,0,1,0,0,,28.5800388,-81.2945548
858810,"June 3, 2017",Missouri,Saint Louis,1600 Block of Union Blvd,2,2,0,0,1,,38.6665265,-90.2671888
858719,"June 3, 2017",Louisiana,New Orleans,3717 Tulane Ave,3,2,0,0,0,,29.9672847,-90.1016848
858877,"June 2, 2017",California,Los Angeles,89th St and Broadway,1,3,0,0,0,,33.9555262,-118.2782447
857443,"June 1, 2017",Missouri,Saint Louis,Beacon Ave and Lillian Ave,3,1,0,0,1,,38.6942927,-90.2522415
855764,"May 30, 2017",Ohio,Middletown,1200 Elliott Dr,1,3,0,0,1,,39.5012119,-84.3521923
855113,"May 29, 2017",Kentucky,Louisville,231 Witherspoon St,1,3,0,0,0,,38.2591851,-857477574.9999999
853901,"May 28, 2017",Alabama,Phenix City,100 block of 6th Street South,0,12,0,0,0,,32.4359375,-849951818.9999999
853796,"May 28, 2017",New Jersey,Paterson,86 Main Street,1,5,0,0,0,,40.9197182,-74.1730572
853920,"May 28, 2017",Mississippi,Moss Point,6103 Hwy. 63,0,5,0,0,1,,30.4314336,-88.5257523
853032,"May 27, 2017",New York,New York (Manhattan),318 W 14th St,0,4,0,0,1,,40.7399867,-74.0036456
853756,"May 27, 2017",Mississippi,Bogue Chitto,2871 Lee Dr,8,0,0,1,1,,31.4123408,-90.4599217
853119,"May 27, 2017",District of Columbia,Washington,100 block of Q St NW,1,7,0,0,0,,38.9111323,-77.0121674
852676,"May 26, 2017",Florida,Miami,2730 NW 167th St,0,4,0,0,0,,25.9259288,-802457927.9999999
848680,"May 21, 2017",Iowa,Des Moines,4300 Beaver Dr,1,3,0,0,0,,41.6180196,-93.6764374
849215,"May 21, 2017",Arizona,Mesa,441 N Val Vista Dr,0,4,0,0,0,,334238621.9999999,-11.1751964
848292,"May 20, 2017",Pennsylvania,Philadelphia,2100 block of W Huntingdon St,0,10,0,0,2,,39.9939389,-751683092.9999999
845364,"May 16, 2017",South Carolina,Ruffin,21785 Lowcountry Hwy,3,1,0,0,1,,33.0048377,-80.8151781
843078,"May 14, 2017",Arkansas,Jonesboro,311 S Main St,1,6,0,0,2,,35.8398079,-90.7050958
843045,"May 14, 2017",Illinois,Dolton,14112 Chicago Road,0,4,0,1,0,,41.6384624,-87.6080473
843172,"May 14, 2017",Florida,Avon Park,Hal McRae Blvd and Delaney Ave,0,5,0,0,0,,2.7584669,-814981349.9999999
843590,"May 14, 2017",Texas,Fort Worth,8600 block of Calmont Ave,0,4,0,0,0,,32.7359731,-9.7467254
840339,"May 10, 2017",New Jersey,Trenton,300 block of Centre St,1,3,0,0,1,,40.2097771,-74.7594988
839846,"May 9, 2017",Kansas,Kansas City,1900 block of S. Boeke,3,1,0,0,1,,39.0658154,-94.6331929
838272,"May 7, 2017",Illinois,Chicago,2600 block of 46th Pl,2,8,0,0,0,,41.8092795,-876893475.9999999
835961,"May 4, 2017",Michigan,Flint,600 block of Copeman Boulevard,1,3,0,0,1,,43.0286293,-837113066.0000001
834832,"May 2, 2017",Florida,Jacksonville,1566 West 24th Street,1,3,0,0,0,,30.3585051,-81.6820037
833152,"May 1, 2017",Texas,Dallas,3200 block of Reynolds Ave,1,3,1,0,0,,32.7864089,-967407218.0
832679,"April 30, 2017",California,San Diego,9080 Judicial Dr,1,6,1,0,0,,32.8722028,-117.2029036
832528,"April 30, 2017",Kansas,Topeka,4104 SW 28th,3,1,1,0,0,,39.0169727,-95.7281072
833128,"April 30, 2017",Florida,Jacksonville,1200 Ken Knight Dr N,0,5,0,0,0,,30.3914249,-81.7168169
832309,"April 30, 2017",South Carolina,Loris,268 N Sea Green Rd,1,5,0,0,2,,34.0562812,-788903043.9999999
835459,"April 29, 2017",California,Los Angeles (Boyle Heights),Murchison St and Lancaster Ave,1,3,0,0,0,,34.0578741,-118.1967741
831800,"April 29, 2017",California,Whittier,10000 block of Carmentia Rd,1,3,0,2,2,,33.9441696,-118.0460046
832290,"April 29, 2017",California,Sacramento,3800 block of 26th Avenue,0,5,0,0,0,,385288806.9999999,-121.4657119
831667,"April 29, 2017",Maryland,Germantown,12839 Kitchen House Way,1,3,0,0,2,,39.1516786,-77.2648748
834788,"April 29, 2017",California,Compton,2000 Block of N Nestor Ave,0,4,0,0,0,,33.9103286,-118.2495186
832063,"April 29, 2017",Virginia,Virginia Beach,200 block of 18th St,0,4,0,0,0,,36.8463377,-75.9745228
831201,"April 28, 2017",Pennsylvania,Chester,5 E 21st St,0,4,0,0,0,,398634329.0000001,-7.5366466
830984,"April 27, 2017",New Jersey,Newark,1100 block of S Orange Ave,1,3,0,0,0,,4.0745348,-742344909.9999999
829073,"April 26, 2017",Florida,Miami,SW 264th St and 139th Ave,0,4,0,0,2,,25.7048159,-8.0419464
825694,"April 21, 2017",Florida,Palm Bay,2500 block of Vernon Dr,2,2,0,0,1,,28.0582639,-80.5947558
825111,"April 20, 2017",Kentucky,Louisville,700 block of East Jacob Street,0,4,0,0,0,,38.2429831,-857418764.9999999
821667,"April 16, 2017",California,Vallejo,110 Calhoun Street,0,4,0,0,0,,381206301.0000001,-122.2666376
821723,"April 16, 2017",North Carolina,Elizabeth City,611 S Martin St,0,4,0,0,0,,36.2942749,-76.2216754
821371,"April 16, 2017",Ohio,Columbus,1710 Cleveland Av,0,9,0,0,0,,40.0009315,-82.9751921
821640,"April 15, 2017",Illinois,Rock Falls,311 W  2nd St,0,4,0,0,1,,41.7805937,-896942888.9999999
821055,"April 15, 2017",Pennsylvania,Philadelphia,5900 block of Hammond St,0,4,0,0,0,,40.0394696,-75.1168603
820565,"April 15, 2017",Indiana,Indianapolis,300 block of S Meridian St,0,4,0,0,1,,39.7625906,-86.1600739
821400,"April 15, 2017",Alabama,Birmingham,1480 Center Point Pkwy,0,6,0,0,1,,336225351.0000001,-866866630.9999999
821651,"April 15, 2017",Illinois,Harvey,14600 block of Myrtle Avenue,0,4,0,0,0,,416242800.0000001,-87.6526988
822750,"April 15, 2017",California,Banning,900 block of N Allen St,0,4,0,0,0,,33.9335149,-116.8617457
818932,"April 13, 2017",Georgia,Atlanta,30 Anderson Ave SW,1,3,0,0,1,,33.7538331,-0.8444604
815227,"April 9, 2017",Texas,San Antonio,4000 block of Moss Spring Dr,1,3,0,0,0,,29.3099301,-98.5683488
815246,"April 9, 2017",Indiana,Fort Wayne,9439 Lima Rd,1,3,0,0,1,,4.1169448,-85.1669532
813877,"April 7, 2017",North Carolina,Hickory,1423 29th Ave Dr NE,3,1,0,0,2,,35.7671098,-81.3046735
813943,"April 7, 2017",Minnesota,Saint Paul,1600 block of English St,3,1,1,0,1,,4.4991867,-93.0459419
814094,"April 7, 2017",Illinois,Chicago,5600 block of W Lake St,1,5,0,0,0,,4.1887757,-87.7657941
813821,"April 7, 2017",Texas,Houston,3829 Mount Pleasant St,4,0,1,0,0,,29.6856718,-95.3662206
813028,"April 6, 2017",Louisiana,Lake Charles,2000 block of Tulip St,1,3,0,0,4,,3.0211226,-9.3192982
810756,"April 3, 2017",Pennsylvania,Philadelphia,1100 block of W Stiles St,3,1,0,0,0,,3.9971772,-75.1544411
811089,"April 3, 2017",Texas,Lubbock,5401 Ave Q,0,7,0,0,1,,335446606.0000001,-101.8509436
809978,"April 2, 2017",Illinois,Chicago,3500 block of W Van Buren St,2,4,0,0,0,,41.8756945,-87.7131028
809683,"April 2, 2017",Iowa,Des Moines,2500 Martin Luther King Jr. Parkway,0,5,0,0,0,,416169134.0000001,-93.6473151
809815,"April 1, 2017",California,Pittsburg,100 block of Madoline Street,0,5,0,0,1,,380053300.9999999,-121.8944452
809048,"April 1, 2017",Florida,Tampa,219 S Howard Ave,1,4,0,0,1,,27.9420515,-82.4832711
809499,"April 1, 2017",Oklahoma,Oklahoma City,1212 N Woodward Ave,2,3,0,0,1,,35.4810404,-975754476.0
807618,"March 30, 2017",Illinois,Chicago,2704 E 75th St,4,0,0,0,0,,41.7601624,-875584083.9999999
804115,"March 27, 2017",Florida,Sanford,209 Hays Dr,2,4,0,0,1,,28.7893184,-81.2816832
803689,"March 26, 2017",Ohio,Cleveland,E 75th St,2,2,0,0,0,,41.4629069,-81.6357432
803822,"March 26, 2017",Texas,Houston,5619 Aldine Bender Rd,2,4,0,0,1,,29.9329769,-95.3056955
803054,"March 26, 2017",Ohio,Cincinnati,4601 Kellogg Ave,1,15,1,0,1,,39.0930892,-844284536.9999999
802926,"March 25, 2017",Tennessee,Knoxville,Minnesota Ave,1,4,0,0,0,,35.9846368,-83.9578046
803460,"March 25, 2017",Michigan,Detroit,8443 Grand River Ave,1,3,0,0,1,,42.3612245,-83.1209599
802837,"March 25, 2017",Ohio,Cleveland,E 79th St and Woodland Ave,2,2,0,0,3,,41.4881868,-81.6333855
802425,"March 24, 2017",California,Fresno,300 block of South Villa Avenue,1,4,0,0,1,,36.7407395,-119.7141493
802240,"March 24, 2017",Missouri,Saint Louis,5100 block of Palm St,1,6,0,0,0,,38.6763833,-90.2547077
800363,"March 22, 2017",Wisconsin,Rothschild,1133 E Grand Ave,4,0,1,0,0,,44.8996462,-896093643.9999999
797553,"March 19, 2017",Kentucky,Louisville,1512 Portland Avenue,1,5,0,0,0,,38.2618516,-85.7749543
797125,"March 18, 2017",Michigan,Detroit,16000 block of Rutherford,3,1,0,1,1,,42.4085581,-832041340.9999999
794468,"March 15, 2017",Louisiana,Metairie,2508 Pasadena Ave,3,1,0,0,1,,29.9974626,-90.1765846
791298,"March 10, 2017",Illinois,Chicago,123 E 51st St,2,2,0,0,0,,41.8017521,-876214634.9999999
791274,"March 10, 2017",Louisiana,New Orleans (Gentilly),4200 block of Touro St,3,1,0,0,0,,30.0008372,-90.0618645
789798,"March 7, 2017",Illinois,Chicago,W 76th St and S May St,0,4,0,0,0,,41.7559897,-876526722.9999999
789424,"March 5, 2017",Georgia,Columbus,600 block of 32nd Street,0,4,0,0,0,,32.4940719,-84.9851066
787875,"March 4, 2017",Kansas,Topeka,SE Bellview Ave and SE 23rd St,1,4,0,0,1,,3.9026109,-956449680.0
787801,"March 4, 2017",California,Sacramento,2500 block of 33rd St,0,4,0,0,0,,38.5554299,-121.4698016
786876,"March 3, 2017",Pennsylvania,Philadelphia,7165 Germantown Ave,0,4,0,0,0,,40.0601473,-75.1907204
787435,"March 3, 2017",California,Riverside,8300 block of Trey Ave,0,5,0,0,0,,33.9405673,-117.4625799
785262,"February 28, 2017",Ohio,Cincinnati,1700 of Casey Dr,0,6,0,0,0,,391777636.0000001,-84.5462386
783963,"February 27, 2017",Virginia,Newport News,11810 Fountain Way,0,4,0,0,0,,3.7085587,-764716720.9999999
783623,"February 26, 2017",Indiana,Gary,1700 Grant St,1,4,0,0,1,,41.5858981,-87.3567197
783102,"February 25, 2017",Ohio,Warren,1564 Niles Cortland Rd SE,2,3,0,0,1,,41.2208847,-80.7406286
783090,"February 25, 2017",Florida,Jacksonville,3604 Moncrief Rd,1,4,0,0,0,,30.3602998,-81.6765183
780792,"February 22, 2017",New York,Rochester,191 Genesee St,0,4,0,0,0,,43.1464405,-77.6361963
780036,"February 21, 2017",Ohio,Cleveland,16700 Lorain Ave,0,4,0,0,2,,41.4509201,-81.8140459
779582,"February 21, 2017",Mississippi,Toomsuba,Butts Road,4,0,0,0,1,,32.4345177,-88.4990502
778941,"February 20, 2017",Ohio,Cleveland,1082 East 105th Street,0,5,0,0,0,,41.5275486,-81.6157233
778182,"February 19, 2017",Virginia,Norfolk,Church Street and East Virginia Beach Blvd,1,3,0,0,0,,36.8564798,-76.2792522
777876,"February 18, 2017",Pennsylvania,Philadelphia,50 block of N Conestoga St,0,4,0,0,0,,39.9618404,-752296631.0000001
777410,"February 18, 2017",Indiana,South Bend,1000 block of Yukon St,1,3,0,0,0,,41.6915138,-86.2634534
775903,"February 15, 2017",California,Salinas,30 Soledad Street,0,4,0,0,1,,36.6788265,-12.1652655
775531,"February 15, 2017",Illinois,Chicago,3949 South Albany Avenue,3,1,0,1,1,,41.8211966,-877018466.9999999
773002,"February 12, 2017",Missouri,Caruthersville,908 Truman Blvd,1,5,0,1,1,,36.1914071,-89.6676817
773162,"February 12, 2017",New York,Newburgh,253 South William Street,1,3,0,0,0,,41.4963899,-74.0190136
773908,"February 12, 2017",Florida,Greenville,Church Ave and Obadiah St,0,5,0,0,0,,30.4616354,-8.3636644
772753,"February 11, 2017",Illinois,Chicago,100 block of N Mayfield,1,3,0,0,0,,41.8823918,-877720006.0000001
772989,"February 11, 2017",Tennessee,Savannah,Clifton Road and Midway Drive,0,4,0,0,0,,35.2352699,-88.2328028
772067,"February 10, 2017",Louisiana,New Orleans,2nd St and Dryades St,1,5,0,0,0,,29.9314856,-90.0916497
769889,"February 8, 2017",Ohio,Cleveland,16379 Euclid Ave,1,4,0,0,1,,41.5461835,-81.5659792
769511,"February 7, 2017",South Carolina,Columbia,5500 block of Fairfield Road,0,4,0,0,0,,34.0592506,-8.1025748
769859,"February 7, 2017",Arkansas,Little Rock,25 Par Drive,1,3,0,1,2,,34.6729205,-92.4307867
768243,"February 6, 2017",Mississippi,Yazoo City,11th Street,4,0,0,0,1,,32.8608092,-90.4005548
765559,"January 31, 2017",Tennessee,Memphis,1576 S White Station Rd,0,4,0,0,1,,35.0880611,-89.8903632
765153,"January 31, 2017",District of Columbia,Washington,2900 block of Martin Luther King Jr Ave SE,0,4,0,0,0,,38.8459207,-769963808.9999999
764020,"January 30, 2017",Minnesota,Minneapolis (Crystal),5410 Lakeland Ave N,0,4,0,0,3,,45.0514273,-93.3536905
763313,"January 29, 2017",Louisiana,Shreveport,6363 Hearne Ave,1,3,0,1,1,,32.4494113,-937796588.0
1025158,"January 27, 2017",Washington,Bremerton,Tenino Dr W,4,0,0,0,3,,47.5625175,-122.8283605
761973,"January 27, 2017",Tennessee,Brownsville,221 Morgan St,0,10,0,0,1,,35.5976273,-892322346.9999999
760482,"January 26, 2017",Georgia,Albany,1510 Maryland Drive,2,3,0,0,1,,31.5848634,-84.1831532
760259,"January 25, 2017",Illinois,Chicago,500 block of E 75th St,0,6,0,0,0,,41.7586749,-8.7612292
757158,"January 22, 2017",Texas,Manvel,200 block of Oak Shore Dr,2,2,1,0,0,,29.4627365,-953579940.0
757032,"January 22, 2017",Illinois,Chicago (Englewood),1800 block of W 63rd,0,4,0,0,0,,41.7790191,-876414518.9999999
757001,"January 22, 2017",Georgia,Atlanta,2841 Greenbriar Pkwy SW,3,1,0,0,0,,33.6884655,-844934804.9999999
756801,"January 21, 2017",Georgia,Jonesboro,6510 Tara Blvd,0,6,0,0,0,,33.5769568,-84.3720527
756526,"January 21, 2017",Florida,Boynton Beach,500 NE 2nd St,0,5,0,0,0,,26.5309036,-800616649.9999999
756504,"January 21, 2017",Tennessee,Memphis,500 block of Delta Road,2,2,0,0,0,,35.0183165,-90.0808278
757955,"January 20, 2017",Mississippi,Como,Smart Road,1,4,0,0,0,,34.5333306,-89.7741592
756015,"January 20, 2017",California,Fresno,4700 block of E Montecito Ave,0,4,0,0,0,,36.7340778,-11.9740962
752756,"January 16, 2017",Texas,Houston,8535 Martin Luther King Boulevard,0,4,0,0,0,,29.6590455,-95.3361601
752222,"January 16, 2017",Florida,Miami,6011 NW 32nd Ave,0,8,0,0,4,,25.8294486,-80.2489153
752249,"January 15, 2017",Colorado,Capulin,County Road Y,3,1,0,0,1,,3.7298152,-106.1042689
751367,"January 15, 2017",Mississippi,Magnolia,6000 block of Church Road,1,4,0,0,1,,31.1285292,-9.0534022
749361,"January 12, 2017",Missouri,Kansas City,8607 E 61st Terrace,3,2,0,0,0,,39.0122675,-94.4855894
749769,"January 12, 2017",California,Salinas,500 block of Sunrise St,2,2,0,0,0,,366851829.9999999,-121.6142162
748152,"January 11, 2017",New Jersey,Newark,Hawkins Street and Christie Street,1,3,0,0,1,,40.7278923,-74.1388462
748348,"January 11, 2017",Illinois,Chicago,4200 block of S Talman,1,3,0,0,0,,418173338.0000001,-87.6911433
745236,"January 7, 2017",Michigan,Flint,2500 block of Churchill Ave,1,3,0,0,1,,0.4303413,-83.6587857
744799,"January 6, 2017",California,Pasadena,100 block of W Claremont St,2,2,0,0,5,,34.1664422,-118.1528961
743995,"January 6, 2017",Florida,Fort Lauderdale,100 Terminal Dr,5,6,0,0,1,,26.0725153,-801429170.9999999
742542,"January 4, 2017",California,Fontana,14520 Village Dr,3,1,0,0,1,,34.0449003,-117.4847252
742001,"January 3, 2017",Texas,Allen,500 block of Hawthorne Drive,0,4,0,0,1,,33.0842765,-96.6664497
743282,"January 1, 2017",Mississippi,Winstonville,114 North Greyer Street,0,5,0,0,0,,33.9140222,-90.7515148
739451,"January 1, 2017",Texas,Dallas,9220 Skillman Street,1,3,0,0,0,,32.9022012,-967143127.0
739766,"January 1, 2017",Florida,Miami,8000 block of NW 14th Ave,0,7,0,0,0,,2.5848281,-802215995.9999999
1289686,"December 31, 2018",Ohio,Cleveland,4462 Denison Ave,3,2,0,0,0,,4.1453447,-81.7169321
1288376,"December 29, 2018",Ohio,Lima,904 S Main St,1,3,0,0,1,,40.7261811,-841052081.9999999
1287286,"December 28, 2018",Missouri,Saint Charles,150 Whetstone Dr,4,0,0,1,1,,387811716.0000001,-90.5635815
1284586,"December 24, 2018",Louisiana,Lutcher,2176 Main St,2,2,0,0,2,,30.0393142,-907019034.0
1283229,"December 23, 2018",Missouri,Springfield,1042 W College St,1,6,0,0,1,,37.2080649,-93.3050007
1282704,"December 22, 2018",Nevada,Las Vegas,3528 S Maryland Pkwy,0,4,0,0,0,,36.1241882,-115.1351839
1279617,"December 18, 2018",Maryland,Baltimore,3942 Park Heights Ave,0,4,0,1,1,,39.3342369,-76.6627714
1277327,"December 15, 2018",Florida,Miami,239 NW 16th St,0,5,0,0,0,,25.7905967,-80.1995148
1277411,"December 14, 2018",Colorado,Colorado Springs,700 block of Geiger Ct,1,3,0,0,2,,38.8430759,-104.7343651
1276091,"December 13, 2018",Pennsylvania,Philadelphia,4505 N Broad St,0,4,0,0,0,,40.0216301,-75.1481749
1276298,"December 11, 2018",Louisiana,Natchitoches,Caspari St and University Pkwy,1,3,0,0,0,,31.7529646,-930948663.0
1272855,"December 9, 2018",Wisconsin,Madison,3554 E Washington Ave,0,4,0,0,2,,43.1158124,-893271276.9999999
1273161,"December 8, 2018",California,Inglewood,801 S Inglewood Ave,0,5,0,0,0,,33.9534359,-118.3618174
1272106,"December 8, 2018",New York,Corona (Queens),89-25 130th St,0,5,0,0,1,,40.6991544,-7.3820632
1267682,"December 1, 2018",Florida,Miami,NW Fifth Ave and NW Eighth St,0,5,0,0,0,,25.7815769,-80.2030048
1266937,"November 26, 2018",Tennessee,Powell,Tammy Dr,0,4,0,0,2,,3.6052255,-84.0061599
1262814,"November 25, 2018",Alabama,Demopolis,Floyd St and Field St,2,2,0,0,0,,32.5064025,-87.8227103
1263332,"November 25, 2018",California,Oakland,1000 block of 24th St,0,4,0,0,0,,37.8165997,-122.2803129
1263086,"November 25, 2018",Texas,Houston,4500 block of Yale St,1,3,0,0,0,,29.8308124,-95.4010031
1262013,"November 23, 2018",Florida,Miami,5801 NW 27th Ave,2,5,0,0,0,,25.8278675,-802406484.0000001
1261351,"November 22, 2018",Indiana,Fort Wayne,6100 block of Downingtown Dr,3,2,0,0,2,,41.0289625,-85.1278268
1260525,"November 21, 2018",Missouri,Saint Louis,4200 block of Shreve Ave,0,4,0,0,0,,38.6791163,-90.2416133
1258777,"November 19, 2018",Colorado,Denver,1200 21st Street,1,3,0,1,2,,3.9753228,-104.9906734
1258804,"November 19, 2018",Pennsylvania,Philadelphia,5100 block of Malcolm St,4,0,0,0,4,,399477015.9999999,-752253013.9999999
1258009,"November 18, 2018",California,Los Angeles (Watts),95th St and Defiance Ave,1,3,0,1,0,,33.9506849,-118.2453102
1257508,"November 16, 2018",Arkansas,Little Rock,4405 W 14th St,3,1,0,0,1,,3.4738581,-92.3230648
1256435,"November 14, 2018",Louisiana,Baton Rouge,4896 Gus Young Ave,3,1,0,0,0,,30.4618915,-91.1414867
1254225,"November 13, 2018",New Mexico,Gallup,CR 1 and Defiance Draw Rd,3,1,1,0,0,,35.4919919,-108.8974992
1254084,"November 12, 2018",North Carolina,Dunn,4640 Woods Crossroads Rd,3,1,0,0,1,,35.3067367,-7.8521608
1253361,"November 11, 2018",Arizona,Globe,598 N Broad St,3,1,0,0,1,,33.3999315,-110.7896004
1249561,"November 7, 2018",California,Thousand Oaks,99 Rolling Oaks Dr,12,2,1,0,0,,34.1765728,-118.8748917
1246727,"November 3, 2018",New York,Watertown,136 Franklin St,0,5,0,0,1,,43.9737217,-75.9093278
1247019,"November 2, 2018",California,Long Beach (North Long Beach),5800 block of Brayton Ave,0,4,0,0,0,,33.8603224,-118.1760502
1246489,"November 2, 2018",Florida,Tallahassee,1950 Thomasville Rd,2,4,1,0,0,,30.4672175,-84.2689784
1245274,"November 1, 2018",Missouri,Springfield,906 E Locust St,3,2,0,0,1,,37.2271672,-932803595.0
1245703,"November 1, 2018",Minnesota,Minneapolis,3400 block of Girard Ave N,0,5,0,0,0,,45.0169207,-93.2966063
1244754,"October 31, 2018",Michigan,Detroit,19000 block of Langholm St,1,3,0,0,1,,42.4342848,-8.3011175
1246059,"October 30, 2018",California,Vallejo,Woodrow Ave and Reis Ave,2,3,0,0,0,,38.0933008,-122.2320367
1244424,"October 30, 2018",California,Los Angeles,65th Place and Vermont Avenue,0,5,0,0,0,,33.9798537,-118.2918766
1243331,"October 29, 2018",California,Riverside,3252 Mission Inn Ave,0,7,0,0,0,,33.9802249,-117.3689693
1243010,"October 28, 2018",Arkansas,El Dorado,2 Whites Quarters,2,2,0,0,1,,3.3202455,-926499974.0
1242807,"October 27, 2018",Tennessee,Memphis,4275 Lady Slipper Ln,0,5,0,0,3,,35.0319241,-89.8502228
1241819,"October 27, 2018",Pennsylvania,Pittsburgh,5898 Wilkins Ave,11,6,0,1,1,,40.4435818,-79.9212455
1242443,"October 26, 2018",New Jersey,Jersey City,77 Brinkerhoff St,1,3,0,0,2,,407190660.0000001,-740738559.9999999
1240751,"October 24, 2018",Illinois,Chicago,6200 block of S King Dr,0,5,0,0,0,,41.7819848,-87.6159995
1238603,"October 22, 2018",Illinois,Chicago,9231 S Cottage Grove Av,0,6,0,0,0,,41.7265486,-87.6041075
1237930,"October 21, 2018",Florida,Jacksonville,900 block of A Philip Randolph Blvd,1,5,0,0,0,,30.3330584,-81.6428311
1238052,"October 21, 2018",Washington,Lakewood,8722 S Tacoma Way,1,3,0,0,4,,47.1784703,-122.4852914
1234087,"October 16, 2018",Georgia,Atlanta,Broad St,0,4,0,0,0,,33.8968095,-84.2996941
1233663,"October 15, 2018",Tennessee,Columbia,1075 Carters Creek Pike,4,0,1,0,0,,35.7282479,-8.7013122
1232554,"October 14, 2018",Texas,Fort Worth,5310 E Rosedale St,0,4,0,0,0,,32.7304501,-97.2416714
1233563,"October 14, 2018",Nevada,Las Vegas,2815 W Lake Mead Blvd,3,1,0,0,1,,3.6196548,-115.1780313
1233068,"October 14, 2018",California,Palo Alto (East Palo Alto),2500 block of Pulgas Ave,2,2,0,0,0,,37.4733125,-122.1315534
1232288,"October 13, 2018",Texas,Taft,511 Wilburn St,4,1,0,0,2,,27.9748982,-97.4079132
1232018,"October 13, 2018",Missouri,Saint Louis,400 block of Midlothian Road,0,4,0,0,0,,38.7558384,-90.2036553
1232044,"October 12, 2018",South Carolina,Spartanburg,1620 John B White Sr Blvd,0,6,0,0,2,,34.9235871,-81.9791758
1231385,"October 12, 2018",Nevada,Las Vegas,6500 block of W Charleston Blvd,0,4,0,0,0,,0.3615998,-115.2390449
1229738,"October 8, 2018",Alabama,Birmingham,Joppa Ave,0,4,0,0,0,,33.5459787,-86.7230097
1226923,"October 6, 2018",Oklahoma,Tulsa,9453 E 31st St,0,4,0,0,0,,36.1193439,-95.8694634
1226853,"October 6, 2018",Texas,Houston,6802 Cullen Blvd,1,3,0,0,0,,29.6892398,-95.3538925
1226384,"October 6, 2018",California,Oakland,Williams St and Telegraph Ave,0,4,0,2,0,,37.8365941,-122.2624637
1226179,"October 4, 2018",New Mexico,Espanola (Española),1813 N Riverside Dr,1,3,0,0,3,,0.3601931,-106.0628459
1225631,"October 4, 2018",Georgia,Swainsboro,Lucky St,0,4,0,0,3,,32.5980758,-8.2341629
1223865,"October 3, 2018",South Carolina,Florence,932 Ashton Dr,2,6,0,0,1,,34.2212532,-79.8474276
1223755,"October 3, 2018",Pennsylvania,Philadelphia,5101 Germantown Ave,1,4,0,0,0,,40.0306223,-75.1650451
1221758,"October 1, 2018",Illinois,Chicago,500 block of S Michigan Ave,2,2,0,0,1,,41.8755216,-87.6248715
1221794,"September 30, 2018",California,Compton,1300 E Palmer St,1,3,0,0,0,,33.8980777,-118.2093725
1220912,"September 29, 2018",Florida,Orlando,1700 block of 24th St,1,4,0,0,2,,2.8516796,-814034069.0000001
1220331,"September 28, 2018",Pennsylvania,Philadelphia,5100 block of Haverford Ave,2,2,0,0,0,,39.9640999,-75.2221192
1217150,"September 24, 2018",Tennessee,Memphis,1528 Ragan St,3,2,0,0,0,,35.1043523,-90.0094043
1215987,"September 23, 2018",California,Bakersfield,2600 block of Chandler Court,1,4,0,0,0,,35.3309926,-119.0401527
1215954,"September 23, 2018",California,Baldwin Park,3700 block of Loma Lane,0,4,0,0,0,,34.0762519,-117.9823022
1215904,"September 22, 2018",New York,Hempstead,Dolan St,0,4,0,0,0,,40.7060923,-736187614.9999999
1215739,"September 21, 2018",District of Columbia,Washington,1800 block of Benning Rd NE,0,4,0,0,2,,3.8899295,-76.9773783
1213926,"September 20, 2018",Maryland,Aberdeen,1501 Perryman Rd,3,3,1,0,0,,39.4708967,-76.1999391
1214298,"September 20, 2018",New York,Syracuse,1317 Midland Ave,0,5,0,0,0,,430260095.9999999,-76.1513339
1213223,"September 19, 2018",Wisconsin,Middleton,1850 Deming Way,0,4,1,0,0,,43.0951384,-895249123.9999999
1213836,"September 19, 2018",Illinois,Chicago,W Cermak Rd and S State St,0,4,0,0,0,,41.8529523,-87.6270813
1213293,"September 19, 2018",Pennsylvania,Masontown,1 E Church St,0,4,1,0,0,,39.8471571,-79.8992786
1212984,"September 18, 2018",Louisiana,New Orleans (Algiers),1100 block of Sumner St,0,4,0,0,0,,299438970.9999999,-90.0376773
1212567,"September 18, 2018",Tennessee,Memphis,4622 Faronia Rd,0,4,0,0,5,,35.0224324,-900194412.0000002
1211659,"September 17, 2018",Maryland,Silver Spring,123 Amberleigh Dr,3,1,1,0,0,,39.0911041,-770032569.9999999
1210742,"September 15, 2018",Wisconsin,Milwaukee,820 S 21st St,0,4,0,0,0,,43.0221173,-87.9392439
1209006,"September 12, 2018",California,Bakersfield,660 Manwell Blvd,5,0,1,0,0,,353490041.0000001,-118.9163103
1208397,"September 11, 2018",Illinois,Chicago,10600 block of S Bensley Avenue,0,4,0,0,0,,41.7025894,-875633503.9999999
1206828,"September 10, 2018",Tennessee,Memphis,140 Lt George W Lee Ave,0,5,0,0,1,,35.1391258,-90.0536121
1206409,"September 9, 2018",Illinois,Elgin,550 S McLean Blvd,1,3,0,0,0,,42.0198563,-88.3140639
1206375,"September 9, 2018",Alabama,Auburn,224 W Magnolia St,1,4,0,0,2,,32.6070868,-85.4838697
1206050,"September 7, 2018",Minnesota,Minneapolis,2024 N Washington Ave,1,3,0,0,1,,45.0001129,-93.2815454
1204538,"September 6, 2018",Ohio,Cincinnati,511 Walnut St,3,2,1,0,0,,39.1017443,-84.5118141
1204486,"September 4, 2018",Georgia,Albany,1200 block of Gillespie Ave,0,4,0,0,1,,31.5709532,-841796045.9999999
1202134,"September 2, 2018",Texas,San Antonio,600 block of Morningview St,0,4,0,0,0,,29.4102813,-98.4249104
1202274,"September 2, 2018",New Jersey,Paterson,43 12th Ave,2,2,0,0,0,,40.9217584,-7.4163702
1202318,"September 2, 2018",Alabama,Birmingham,500 23rd St S,0,6,0,1,0,,33.5096143,-86.7974613
1201885,"September 2, 2018",Arkansas,Fort Smith,801 Garrison Ave,0,4,0,0,0,,35.3862052,-944231036.0
1202332,"September 2, 2018",California,San Bernardino,1277 East Lynwood Drive,0,8,0,0,0,,34.1462558,-117.2594578
1202437,"September 2, 2018",New Jersey,Trenton,Stuyvesant Ave and Bryn Mawr Ave,0,4,0,0,0,,402352786.9999999,-74.7820484
1201973,"September 1, 2018",Florida,Fort Lauderdale (Lauderhill),5225 NW 24th Ct,1,3,0,0,0,,26.1566753,-80.1860754
1201135,"September 1, 2018",Ohio,Cleveland,3232 Lakeside Ave East,1,7,0,0,0,,41.5157298,-81.6716273
1200904,"August 31, 2018",Colorado,Aurora,1900 block of Peoria St,2,2,0,1,1,,39.7456415,-104.8468153
1197278,"August 27, 2018",Arkansas,Pine Bluff,2600 block of W 34th Ave,1,3,0,0,0,,34.1944163,-92.0292382
1196028,"August 26, 2018",Florida,Jacksonville,2 Independent Dr,2,9,1,0,0,,30.3248442,-81.6594975
1195537,"August 25, 2018",Virginia,Richmond,4 N 18th St,0,5,0,0,0,,375332900.9999999,-77.4275011
1196051,"August 25, 2018",Tennessee,Nashville,1564 9th Ave N,1,4,0,0,0,,36.1780871,-867976896.9999999
1194315,"August 23, 2018",Pennsylvania,Philadelphia,5800 block of Oakland St,0,4,0,0,0,,40.0286711,-75.0790906
1194598,"August 23, 2018",Maryland,Baltimore,1700 block of Homestead St,0,4,0,0,0,,39.3205182,-765945476.9999999
1194057,"August 22, 2018",Missouri,Saint Louis,I-64 and Jefferson Ave,0,4,0,0,0,,38.6305837,-902158284.0
1192788,"August 21, 2018",Tennessee,Memphis,2119 E Alcy Rd,0,4,0,0,1,,35.0770106,-89.9938797
1191368,"August 20, 2018",Tennessee,Jackson,60 Heritage Square,1,4,0,0,0,,35.6582474,-888561742.9999999
1192036,"August 20, 2018",Ohio,Cleveland,E 94th St and Kinsman Rd,1,3,0,0,0,,0.4147167,-816201253.9999999
1191279,"August 19, 2018",Illinois,Chicago,7400 block of S Dante Ave,0,5,0,0,0,,417604494.0000001,-875896827.9999999
1190035,"August 18, 2018",New York,Bronx,925 Allerton Ave,0,4,0,0,1,,40.8657387,-73.8602861
1189717,"August 17, 2018",Illinois,Chicago,1600 block of W 65th St,0,7,0,0,0,,41.7760833,-876645243.9999999
1188597,"August 15, 2018",South Carolina,Greenwood,104 Mimosa Ct,0,5,0,0,0,,34.2124051,-8.2096992
1186888,"August 14, 2018",Pennsylvania,Wyncote,1000 S Easton Rd,0,5,0,0,1,,40.0837345,-75.1690963
1185622,"August 12, 2018",Pennsylvania,Pittsburgh,5600 block of Broad St,0,4,0,0,1,,40.4643466,-79.9298951
1185520,"August 12, 2018",California,Clearlake,4786 Yarrington Ct,3,1,1,0,0,,38.9487774,-122.6291096
1184607,"August 11, 2018",Colorado,Thornton,4050 E 100th Ave,1,3,0,0,1,,39.8771092,-104.9391135
1186061,"August 11, 2018",California,San Francisco,Geneva St and Mission St,1,4,0,0,1,,37.7920871,-12.2395093
1184992,"August 10, 2018",Missouri,Saint Louis,1515 N 13th St,0,4,0,0,1,,38.6415581,-90.1943227
1184206,"August 10, 2018",Michigan,Detroit,6300 block of Vinewood St,0,4,0,0,1,,42.3501438,-831084609.9999999
1182893,"August 8, 2018",New Jersey,Paterson,Mercer St and Franklin St,0,4,0,0,0,,409262802.9999999,-74.1605275
1182717,"August 8, 2018",Pennsylvania,Philadelphia,North 12th Street and West Huntingdon Street,2,4,0,0,0,,39.9918785,-751511685.9999999
1179935,"August 5, 2018",Illinois,Chicago,50 block of N Leclaire Ave,1,4,0,0,0,,41.8810648,-87.7526437
1179619,"August 5, 2018",Illinois,Chicago,1300 block of S Millard Ave,1,5,0,0,0,,41.8642789,-877169409.9999999
1179607,"August 5, 2018",Illinois,Chicago,1300 block of W 76th St,0,8,0,0,0,,41.7563745,-87.6566216
1179677,"August 5, 2018",Illinois,Chicago,900 block of S Karlov Ave,0,4,0,0,0,,41.8697624,-877279121.9999999
1179644,"August 5, 2018",Illinois,Chicago,1600 block of S Avers Ave,0,4,0,0,0,,41.8587302,-8.7721508
1179810,"August 4, 2018",Nevada,Las Vegas,3400 block of Coran Ln,0,6,0,0,0,,36.1958423,-115.1848002
1180161,"August 4, 2018",Missouri,Kansas City,E 18th St and Highland Ave,0,6,0,0,1,,39.0911742,-94.5621539
1179805,"August 4, 2018",Illinois,Chicago,1600 block of N Leclaire Ave,1,3,0,0,0,,419097541.9999999,-87.7528349
1179589,"August 4, 2018",Wisconsin,Milwaukee,40th St and Vliet St,0,4,0,0,0,,43.0487085,-87.9635904
1176169,"July 31, 2018",California,Gardena,1212 West 135th Street,2,3,0,0,1,,33.9089901,-11.8297083
1177024,"July 30, 2018",Georgia,Savannah,12328 Largo Dr,0,4,0,0,0,,31.9796077,-81.1488365
1175571,"July 30, 2018",Illinois,Chicago,1200 block of S Avers Ave,0,4,0,0,0,,41.7622043,-87.7188822
1174423,"July 29, 2018",Pennsylvania,York,100 block of E Maple St,0,4,0,0,0,,39.9561677,-76.7222311
1174960,"July 29, 2018",Arizona,Phoenix,2501 E Van Buren St,1,4,0,0,0,,33.4504229,-112.0273652
1174990,"July 29, 2018",Michigan,Lansing,Spring and River Street,0,4,0,0,0,,42.7252583,-84.5479336
1174190,"July 28, 2018",Louisiana,New Orleans,3400 S Claiborne Ave,3,7,0,0,1,,29.9404978,-90.0977958
1174527,"July 28, 2018",California,Los Angeles,8801 S Vermont Ave,2,4,0,0,0,,33.9577244,-118.2920231
1173476,"July 27, 2018",Texas,Robstown,603 East Ave J,4,0,1,0,0,,27.7994439,-97.6598193
1173637,"July 27, 2018",Illinois,Chicago,1100 block of S Troy St,0,4,0,0,0,,4.1868095,-87.7048765
1172224,"July 26, 2018",Ohio,Cleveland,18416 St Clair Ave,1,6,0,0,2,,41.5720488,-81.5500702
1173069,"July 26, 2018",California,Oakland,73rd Ave and Bancroft Ave,2,2,0,0,0,,37.7658248,-122.1772264
1172403,"July 26, 2018",Texas,Dallas,3019 South Blvd,0,6,0,0,0,,32.7728384,-96.7665572
1172333,"July 25, 2018",Louisiana,New Orleans,7000 block of Bullard Ave,0,4,0,0,1,,30.0472359,-89.9623647
1170482,"July 23, 2018",Illinois,Chicago,6400 block of S May St,0,5,0,0,0,,4.1777687,-8.7653595
1168828,"July 21, 2018",Maryland,Baltimore,1000 block of Dundalk Ave,0,4,0,0,0,,39.2823865,-7.6536856
1169103,"July 21, 2018",Illinois,Chicago,3100 block of W Fulton St,2,5,0,0,0,,41.8867769,-877040179.9999999
1169656,"July 20, 2018",Washington,Sunnyside,500 block of S 15th St,1,4,0,0,0,,46.3234236,-120.0010067
1167806,"July 20, 2018",New Jersey,Elizabeth,323 Irvington Ave,0,4,0,0,0,,40.6713226,-742190737.9999999
1166302,"July 18, 2018",Oklahoma,Oklahoma City,7201 Melrose Ln,0,4,0,0,4,,35.4718643,-9.7639184
1165214,"July 16, 2018",Florida,Palm Beach Gardens (Riviera Beach),2100 block of W 28th St,2,4,0,0,0,,26.7844717,-800874616.9999999
1165299,"July 16, 2018",Pennsylvania,Philadelphia,2100 block of N 4th St,1,4,0,0,0,,39.9827181,-751405829.9999999
1165183,"July 16, 2018",District of Columbia,Washington,300 block of 53rd St NE,1,4,0,0,10,,38.8940499,-76.9252806
1164167,"July 15, 2018",Colorado,Denver,50th Ave and Grant St,0,4,0,0,0,,39.7874239,-10.4984085
1164110,"July 15, 2018",Tennessee,Chattanooga,1400 Cowart St,0,5,0,0,0,,35.0382332,-85.3094636
1163947,"July 14, 2018",Maryland,Fort Washington,9500 block of Fort Foote Rd,0,4,0,0,0,,38.7590465,-77.0230035
1162785,"July 13, 2018",Virginia,Richmond,1401 Roseneath Rd,1,3,0,0,0,,37.5690457,-77.4744649
1162687,"July 12, 2018",Tennessee,Memphis,3678 Powers Rd,0,5,0,0,0,,35.2265863,-89.9110659
1162437,"July 11, 2018",Texas,Houston,9550 Bissonnet St,0,4,0,0,0,,2.9676025,-955488210.0
1161230,"July 11, 2018",Florida,Reddick,16300 block of NW Gainesville Rd,0,4,0,0,0,,29.3857026,-82.2059168
1159820,"July 9, 2018",Florida,Orlando,Southland Blvd and Orange Blossom Trail,1,4,0,0,2,,28.4557857,-81.3993364
1160253,"July 9, 2018",Delaware,Wilmington,2709 Ferris Rd,4,0,1,0,0,,39.7409432,-75.6178187
1160418,"July 8, 2018",Alabama,Brandon,565 US-80,0,5,0,1,0,,3.2350733,-88.7434417
1159528,"July 8, 2018",Tennessee,Memphis,Mount Moriah Rd and Mendenhall Rd,0,4,0,0,0,,0.3511045,-898954675.9999999
1158826,"July 7, 2018",Alabama,Wetumpka,135 Granite Way,2,2,1,0,0,,32.4714464,-861223390.9999999
1156480,"July 5, 2018",New York,Brooklyn,280 Herkimer St,0,4,0,0,0,,40.6789999,-739443211.0000001
1157073,"July 5, 2018",New York,Albany,First St and Lexington Ave,0,4,0,0,0,,42.6613449,-73.7653895
1156528,"July 5, 2018",California,Los Angeles,1600 block of W. 2nd Street,3,3,0,0,0,,34.0612707,-118.2637319
1156638,"July 5, 2018",Virginia,Virginia Beach,1800 block of Atlantic Ave,0,6,0,0,1,,36.8464949,-75.9748754
1157733,"July 5, 2018",Ohio,Lima,1440 Bellefontaine Ave,1,5,0,0,0,,40.7280878,-840766941.9999999
1155906,"July 4, 2018",Georgia,Atlanta,5456 E Fayetteville Rd,1,3,0,0,0,,33.5895687,-84.4354642
1155567,"July 3, 2018",Missouri,Saint Louis,1700 block of Billups Ave,1,5,0,0,0,,38.6565835,-902425474.0
1154998,"July 3, 2018",District of Columbia,Washington,1700 block of Benning Rd NE,0,4,0,0,0,,38.8996539,-76.9791006
1154558,"July 2, 2018",New York,Buffalo,Grape St,2,2,0,0,1,,42.8999155,-78.8559858
1153997,"July 1, 2018",Illinois,Chicago,3400 block of W Walnut Ave,0,6,0,0,0,,4.1885711,-0.8771132
1153531,"June 30, 2018",Maryland,Baltimore,4000 block of Penhurst Ave,0,6,0,0,0,,3.9338886,-766850116.9999999
1153134,"June 30, 2018",Georgia,Ashburn,800 Block of W. Washington,1,6,0,0,2,,31.7000331,-83.6697185
1153471,"June 30, 2018",New Jersey,Jersey City,Lexington Ave and John F Kennedy Blvd,0,5,0,0,1,,40.7180504,-74.0793467
1151584,"June 28, 2018",Maryland,Annapolis,888 Bestgate Rd,5,0,0,0,1,,38.9942721,-76.5435835
1151355,"June 27, 2018",California,Oakland,8901 MacArthur Boulevard,1,3,0,0,0,,37.7562345,-122.1618565
1151527,"June 27, 2018",Texas,San Antonio,100 block of Holly Street,0,4,0,0,1,,29.4221268,-985372552.0
1151373,"June 27, 2018",Connecticut,Hartford,124 Hillside Ave,0,4,0,0,0,,41.7496149,-72.6976391
1149910,"June 25, 2018",Illinois,Chicago,3900 block of S Vincennes Ave,0,6,0,0,0,,41.8238013,-876127298.9999999
1148468,"June 24, 2018",North Carolina,Sanford,109 S Steele St,1,5,0,1,1,,3.5480586,-791787492.9999999
1148678,"June 24, 2018",Florida,Punta Gorda,2450 Harbour Dr,0,4,0,0,0,,2.6992128,-819960117.9999999
1148647,"June 24, 2018",Florida,Indiantown,17068 SW Palm Beach St,0,4,0,0,0,,27.0248433,-80.4860303
1149173,"June 24, 2018",Florida,Palm Beach Gardens (Riviera Beach),1200 block of W 35th St,1,3,0,0,0,,26.7907793,-800724616.9999999
1149463,"June 24, 2018",Indiana,Gary,2500 block of Harrison Street,1,3,0,0,0,,41.5732709,-873464509.0000001
1148596,"June 24, 2018",Ohio,Sandusky,1504 Milan Rd,0,5,0,0,0,,41.4445599,-826993117.9999999
1148042,"June 23, 2018",Kansas,Wichita,1403 Harding  St,0,4,0,0,0,,37.7085278,-97.2783845
1147720,"June 23, 2018",Illinois,Chicago,100 block of East 51st St,1,4,0,0,0,,41.8021612,-87.6223547
1161366,"June 23, 2018",Tennessee,Covington,319 N High St,0,4,0,0,0,,35.5679154,-896522983.9999999
1147323,"June 22, 2018",Pennsylvania,Homestead (Munhall),1324 Margaret St,1,3,0,0,0,,40.4040038,-79.9029422
1146968,"June 21, 2018",California,San Bernardino,279 W Base Line,1,3,0,0,0,,34.1212117,-117.2894385
1146760,"June 21, 2018",Louisiana,Morganza,Deaton Ln,0,4,0,0,0,,30.7113396,-91.5559801
1146547,"June 21, 2018",Illinois,Chicago,6500 block of S Claremont Ave,0,4,0,0,0,,41.7754741,-87.6824949
1145709,"June 20, 2018",California,Modesto,2300 block of West Hatch Road,0,5,0,0,0,,37.6072884,-121.0307324
1145881,"June 19, 2018",Alabama,Huntsville,905 Lee Dr NW,0,4,0,0,1,,3.4731391,-866031759.9999999
1144852,"June 18, 2018",Illinois,Bloomington,311 Riley Dr,3,1,0,0,1,,40.4914464,-88.9583923
1143558,"June 18, 2018",Illinois,Chicago,1300 block of S Loomis St,2,3,0,0,0,,41.8650742,-8.7661813
1143135,"June 17, 2018",North Carolina,Charlotte,3215 Queen City Dr,0,4,0,0,0,,35.2401438,-80.9189447
1142789,"June 17, 2018",New Jersey,Trenton,635 S Clinton Ave,0,17,1,2,2,,40.2103327,-747547374.9999999
1143081,"June 17, 2018",Georgia,Macon,325 Edgewood Ln,1,3,0,0,1,,32.8209267,-83.6359323
1143524,"June 17, 2018",Illinois,Chicago,2200 block of S Sacramento Ave,0,4,0,0,0,,418516477.9999999,-87.7004226
1141645,"June 14, 2018",California,Union City,32992 Mission Blvd,0,5,0,0,0,,37.6103444,-122.0226659
1141745,"June 14, 2018",New York,Buffalo,Marigold Ave,1,4,0,0,0,,4.2934638,-78.8293719
1141943,"June 14, 2018",California,Tracy,West 6th Street,1,4,0,0,1,,3.7736423,-121.4334336
1141108,"June 14, 2018",Colorado,Westminster,5150 W 80th Ave,1,3,0,0,1,,39.8413703,-105.0525749
1142145,"June 14, 2018",Pennsylvania,Philadelphia,400 block of Penn St,0,4,0,0,0,,40.0259571,-751762409.9999999
1139320,"June 12, 2018",New York,Bronx,W 166th St and  Summit Ave,0,4,0,0,0,,40.8359055,-739286918.9999999
1139176,"June 11, 2018",Alabama,Montgomery,3220 block of Virginia Pines Ln,0,4,0,0,3,,32.3133971,-862414022.9999999
1138324,"June 11, 2018",Florida,Orlando,4932 Eaglesmere Dr,5,0,1,0,0,,28.4897693,-81.4653179
1137435,"June 10, 2018",California,Valley Village,12719 Tiara St,0,6,0,0,0,,34.1788589,-118.4101359
1137586,"June 10, 2018",Indiana,Indianapolis (Lawrence),4745 N Richardt Ave,1,4,0,0,1,,39.8426687,-86.0364123
1137547,"June 10, 2018",Illinois,Aurora,300 block of W Park Ave,0,7,0,0,0,,41.7643277,-88.3174114
1137600,"June 10, 2018",Florida,Bradenton,5627 14th St W,1,5,0,0,2,,27.4419006,-82.5745458
1137473,"June 10, 2018",Illinois,Chicago,6400 block of S Eberhart Ave,1,5,0,0,0,,417783370.9999999,-87.6134452
1137848,"June 10, 2018",Illinois,Bloomington,1200 block of Orchard Rd,2,2,0,0,1,,40.4903278,-8.8950638
1137737,"June 9, 2018",North Carolina,Kannapolis,1709 S Cannon Blvd,0,4,0,0,0,,35.4705519,-80.6097449
1136928,"June 9, 2018",Massachusetts,Boston,14 Copeland St,0,4,0,0,1,,42.3221163,-71.0813156
1137402,"June 9, 2018",Pennsylvania,Philadelphia,2000 block of 20th St,1,4,0,0,0,,39.9846564,-75.1666125
1134378,"June 5, 2018",Florida,Jacksonville,Town Center Pkwy,3,1,0,0,0,,30.2619341,-81.5290028
1132408,"June 3, 2018",Texas,Dallas,4500 Spring Ave,0,5,0,0,0,,32.7739575,-96.7419706
1131909,"June 3, 2018",Illinois,Chicago,1200 block of W 73rd Pl,1,3,0,0,0,,41.7606112,-87.6542317
1131855,"June 2, 2018",Nebraska,Omaha,S 11th St and Farnam St,1,6,0,0,1,,41.2575854,-95.9305608
1132050,"June 2, 2018",New York,Buffalo,Strauss Street,0,5,0,0,0,,42.8970259,-78.8411815
1129432,"May 31, 2018",South Carolina,Timmonsville,544 Chaney Grove Rd,3,2,0,0,1,,34.0980261,-79.9829772
1126712,"May 27, 2018",Louisiana,Shreveport,857 E Stoner Ave,0,4,0,0,1,,32.4999106,-93.7204235
1126434,"May 27, 2018",Colorado,Aurora,15373 E 6th Ave,1,3,0,0,0,,39.7262436,-104.8091096
1124777,"May 25, 2018",Ohio,Cincinnati,1000 block of Ross Avenue,0,4,0,0,1,,3.9112994,-845750073.9999999
1122728,"May 20, 2018",Indiana,Anderson,1604 Madison Ave,0,4,0,0,0,,40.0998282,-85.6915677
1121111,"May 20, 2018",Mississippi,Hazlehurst,513 Monticello St,1,7,0,0,2,,31.8507208,-90.3879211
1118785,"May 18, 2018",Texas,Santa Fe,16000 Hwy 6,10,13,0,0,1,,29.3932651,-95.1439214
1116705,"May 16, 2018",Texas,Ponder,610 Lone Star Park Ln,4,1,1,0,0,,3.3178475,-972856092.0
1115110,"May 14, 2018",Maryland,Baltimore,2020 Etting St,0,4,0,0,0,,39.3074008,-76.6364315
1114725,"May 13, 2018",California,Los Angeles,365 W Manchester Avenue,2,2,0,0,1,,33.9602978,-118.2799327
1115051,"May 13, 2018",California,Stockton,2436 Belleview St,3,2,0,0,0,,37.9284281,-121.2617573
1114402,"May 13, 2018",Mississippi,Byhalia,French Rd and Berta Rd,0,4,0,0,1,,34.8557868,-89.6531653
1114276,"May 12, 2018",Nebraska,Omaha,3201 Decatur St,0,6,0,0,0,,4.1275372,-959599014.0
1113538,"May 12, 2018",New Jersey,Paulsboro,275 W Buck St,0,4,0,0,0,,39.8298165,-75.2469693
1113737,"May 11, 2018",Missouri,Saint Louis,4800 block of Farlin Ave,0,4,0,0,0,,38.6768271,-0.0902438
1112948,"May 11, 2018",Oklahoma,Talihina,2nd St and Dallas St,0,4,1,0,0,,34.7497206,-95.0457245
1111950,"May 9, 2018",Missouri,Saint Louis,5200 block of Minerva Avenue,0,4,0,0,0,,3.8661442,-902685560.0
1111649,"May 9, 2018",Nebraska,Omaha,Sahler St and N 48th St,0,4,0,0,0,,412968804.0000001,-959855021.0
1110399,"May 7, 2018",California,San Diego,15th St and J St,0,5,0,0,0,,32.7094294,-117.1504001
1108856,"May 6, 2018",Oklahoma,Stillwater,2020 East Lakeview Road,0,4,0,0,0,,3.6146026,-9.7036727
1109322,"May 6, 2018",Tennessee,Memphis,499 N Watkins St,2,4,0,0,1,,35.1512251,-90.0129997
1108879,"May 5, 2018",Georgia,Columbus,4944 Sentry Street,0,5,0,0,1,,32.4451753,-84.9090624
1110773,"May 4, 2018",North Carolina,Henderson,519 Hilliard St,0,4,0,0,0,,36.3168122,-78.3974619
1109928,"May 4, 2018",Illinois,Chicago Heights,200 block of E 23rd St,0,4,0,0,0,,41.4941294,-876288843.9999999
1106451,"May 2, 2018",Illinois,Chicago,3500 block of W Grenshaw St,1,4,0,0,2,,4.1867505,-877131503.9999999
1106432,"May 2, 2018",New York,Brooklyn,333 Bristol St,1,4,0,0,0,,40.6633026,-739108926.9999999
1106557,"May 2, 2018",Minnesota,Minneapolis,2400 block of Ogema Place,0,4,0,1,2,,4.4956643,-93.2443668
1105061,"May 1, 2018",Louisiana,New Orleans,3200 block of Saint Claude Ave,0,5,0,0,0,,29.9670315,-90.0423599
1103454,"April 30, 2018",Florida,Pompano Beach,4251 N Dixie Hwy,0,4,0,0,0,,26.2833525,-80.1117392
1103465,"April 30, 2018",District of Columbia,Washington,3600 block of New York Ave NE,0,4,0,0,0,,0.3891703,-76.9550355
1103423,"April 29, 2018",Tennessee,Wartburg,519 South Kingston St,0,4,0,0,1,,0.0036099,-845920690.9999999
1102808,"April 29, 2018",Washington,Seattle (Skyway),12603 Renton Ave S,2,2,0,0,0,,47.4910425,-12.2240149
1103045,"April 29, 2018",North Carolina,Monroe,1500 block of Massey St,1,3,0,0,1,,34.9889091,-80.5342209
1102900,"April 29, 2018",Florida,West Palm Beach,1969 S Military Trail,1,3,0,0,1,,26.6483128,-8.0112544
1102559,"April 28, 2018",North Carolina,Maxton,Modest Rd,0,5,0,0,0,,34.8142098,-79.3079965
1100691,"April 25, 2018",Arkansas,Pine Bluff,300 block of West 24th Street,0,4,0,0,0,,34.2052022,-920050470.0
1100852,"April 25, 2018",Missouri,Saint Louis,1151 Northdale Dr,3,1,0,0,1,,38.7871673,-902022500.0
1099516,"April 24, 2018",Michigan,Flint,2200 block of Ave A,0,4,0,0,0,,43.0362888,-836975047.9999999
1096826,"April 22, 2018",Tennessee,Antioch,3571 Murfreesboro Pike,4,3,0,0,1,,36.0505606,-866155261.9999999
1097700,"April 22, 2018",Louisiana,New Orleans,1900 block of St Roch Ave,2,4,0,0,1,,29.9769087,-900533272.9999999
1096232,"April 21, 2018",Pennsylvania,Philadelphia,1800 block of W Diamond St,2,2,0,0,1,,39.9853691,-75.1631697
1096388,"April 20, 2018",California,San Francisco,3rd Street and Quesada Ave,1,5,0,0,0,,37.7331932,-122.3912071
1095043,"April 18, 2018",North Carolina,Asheville,73 Hansel Ave,3,3,1,0,0,,355916378.9999999,-825836003.0000001
1092279,"April 15, 2018",Louisiana,Shreveport,6956 Jewella Ave,0,6,0,0,0,,32.4434754,-93.7982474
1088778,"April 9, 2018",California,Vallejo,201 Maine St,0,4,0,0,0,,38.0976207,-122.2569936
1087153,"April 8, 2018",North Carolina,Hickory,247 1st Ave NW,1,3,0,0,3,,35.7330408,-81.3413595
1087021,"April 8, 2018",Florida,Miami,1300 block of NW 63rd Terrace,2,2,0,0,0,,25.8336238,-80.2187668
1086773,"April 6, 2018",Florida,Jacksonville,6100 block of Transylvania Ave,0,4,0,0,0,,302490086.9999999,-81.7412725
1086966,"April 6, 2018",Virginia,Virginia Beach,5800 block of Pickering St,1,3,0,0,0,,36.8586667,-76.1779347
1084847,"April 4, 2018",Louisiana,New Orleans,3300 Garden Oaks Drive,2,2,0,0,0,,29.9218289,-90.0220088
1083552,"April 2, 2018",Texas,Houston,8500 block of Redcliff Rd,1,3,0,0,0,,29.9040699,-9.5522408
1082835,"April 1, 2018",Michigan,Saginaw,600 block of Yale St,0,5,0,0,0,,43.4191787,-83.9818929
1083011,"April 1, 2018",Alabama,Mobile,3556 Halls Mill Rd,1,4,0,0,3,,30.6387358,-88.1228878
1082273,"March 31, 2018",New Jersey,Asbury Park,Atlantic Ave and Monmouth Ave,0,5,0,0,0,,40.2164585,-74.0187327
1080234,"March 29, 2018",Texas,Plano,7401 Alma Dr,1,3,0,0,1,,33.0776251,-967119727.0
1080442,"March 29, 2018",New Jersey,Camden,Kaighn Ave and Haddon Ave,0,4,0,0,0,,39.9321008,-751027237.9999999
1077180,"March 24, 2018",Utah,Salt Lake City (West Valley City),3180 South 5600 West,0,4,0,0,0,,40.7017383,-112.0256068
1074886,"March 21, 2018",California,San Francisco,949 Geneva Ave,0,5,1,0,0,,37.7162671,-122.4403103
1071427,"March 17, 2018",Kentucky,Louisville,2928 W Kentucky St,0,7,0,0,1,,38.2436367,-85.8024343
1071381,"March 17, 2018",Illinois,Harvey,16700 S Halsted St,0,4,0,0,0,,41.5867771,-87.6371717
1078612,"March 13, 2018",Florida,Macclenny,South Blvd,0,4,0,0,1,,30.2779977,-82.1133356
1068615,"March 12, 2018",California,Modesto,2000 block of Robertson Rd,0,4,0,0,0,,3.7613032,-121.0234798
1067061,"March 11, 2018",Indiana,South Bend,800 block of E Dayton St,0,6,0,0,2,,41.6558243,-86.2392419
1067264,"March 11, 2018",Illinois,Champaign,700 block of N Hickory St,1,3,0,0,0,,40.1223688,-88.2421992
1067296,"March 11, 2018",Michigan,Saginaw,Cumberland Ave and Hess St,1,4,0,0,0,,4.3400357,-0.0839323
1066594,"March 9, 2018",North Carolina,Wadesboro,1300 E Caswell St,3,1,0,0,1,,34.9626681,-80.0531649
1064514,"March 7, 2018",Alabama,Hurtsboro,531 Main Street,2,2,0,0,1,,32.2404561,-85.4147459
1062466,"March 4, 2018",Illinois,Rockford,426 Howard Ave,1,4,0,0,1,,42.2725146,-89.1224871
1061748,"March 3, 2018",New York,Brooklyn,Kings Highway and Utica Avenue,1,3,0,0,0,,4.0634077,-73.9285007
1062123,"March 3, 2018",Florida,Miami,1300 Block of NW 62nd Ln,0,4,0,0,0,,25.8327185,-0.8021901
1059559,"February 27, 2018",Connecticut,Bridgeport,1306 Stratford Ave,0,4,0,0,0,,41.1785532,-73.1647334
1057518,"February 26, 2018",Michigan,Detroit,22700 Fenkell Ave,4,0,1,0,0,,42.4004881,-83.2659884
1056240,"February 23, 2018",Florida,Palm Beach Gardens (Riviera Beach),W 23rd St,1,3,0,0,0,,26.7817338,-80.0734293
1052372,"February 18, 2018",Texas,San Antonio,2893 Cinema Ridge,0,5,0,0,0,,29.4632584,-986203814.0
1052035,"February 17, 2018",Kansas,Kansas City,1615 Minnesota,1,7,0,0,0,,39.1153052,-94.6477539
1051407,"February 17, 2018",Tennessee,Memphis,3188 N Watkins Ave,0,5,0,0,0,,35.2126922,-90.0031267
1051291,"February 16, 2018",Oklahoma,Oklahoma City,1700 block of SW 15,1,3,0,0,2,,35.4494661,-97.5440677
1049217,"February 14, 2018",Florida,Pompano Beach (Parkland),5901 Pine Island Rd,17,17,0,0,1,,2.6304503,-802694570.0000002
1049024,"February 13, 2018",Louisiana,New Orleans,5400 block of Andry St,2,3,0,0,2,,29.9665194,-90.0169488
1047761,"February 11, 2018",Michigan,Detroit,19432 Lamont St,3,3,1,0,1,,42.4377754,-83.0548048
1046961,"February 10, 2018",Kentucky,Paintsville,413 Mill St,4,0,1,0,0,,37.8162317,-82.8106329
1044234,"February 7, 2018",Florida,Lake Worth (Lantana),I-95 and W Lantana Rd,2,3,1,0,0,,26.5867357,-8.0052207
1043447,"February 5, 2018",Colorado,Colorado Springs,4225 Galley Rd,1,4,1,0,0,,38.8464867,-0.1047501
1042280,"February 3, 2018",Ohio,Cleveland (Garfield Heights),11321 Broadway Ave,1,5,0,0,0,,41.4335842,-81.6050149
1040815,"January 31, 2018",Missouri,Saint Louis,Goodfellow Blvd and Dr Martin Luther King Dr,0,4,0,0,0,,38.6720721,-902793898.0
1037529,"January 28, 2018",Pennsylvania,Melcroft,1301 Indian Creek Valley Rd,4,0,1,0,0,,40.0518596,-79.3896268
1037515,"January 28, 2018",Indiana,Indianapolis,1313 N Sherman Dr,2,2,0,1,1,,39.7851443,-861018481.9999999
1038429,"January 28, 2018",Pennsylvania,Reading,123 S 3rd St,4,0,0,0,1,,40.3330593,-75.9316764
1037438,"January 27, 2018",Kentucky,Bowling Green,645 Pearl Street,0,4,0,0,0,,37.0104805,-864508518.9999999
1037541,"January 27, 2018",California,Los Angeles,243 East 119th St,0,5,0,0,0,,33.9249037,-118.2702563
1035803,"January 25, 2018",District of Columbia,Washington,1600 block of Kenilworth Ave NE,0,4,0,0,0,,38.9113016,-76.9353481
1033262,"January 23, 2018",Kentucky,Benton,416 High School Rd,2,14,0,0,1,,36.9128027,-88.3327633
1034205,"January 23, 2018",Pennsylvania,Philadelphia,N 24th St and Ridge Ave,0,4,0,0,0,,39.9816659,-75.1738988
1032393,"January 21, 2018",Florida,Orlando,3101 Willow Bend Blvd,0,4,0,0,2,,2.8582257,-81.4441609
1031851,"January 21, 2018",Illinois,Chicago,3200 W Division St,0,4,0,0,0,,41.9028587,-87.7069767
1029095,"January 17, 2018",District of Columbia,Washington,2000 block of 16th St SE,1,3,0,0,1,,388653283.0000001,-76.9821825
1042072,"January 15, 2018",Florida,Alachua,14223 NW 156th Pl,0,5,0,0,2,,2.9798494,-8.2497143
1026804,"January 14, 2018",Alabama,Eutaw,809 Mesopotamia St,1,4,0,0,0,,32.8503517,-87.9023914
1027013,"January 14, 2018",Alabama,Madison,101 Westchester Dr,0,4,0,0,1,,3.4684409,-86.7665254
1025673,"January 12, 2018",Tennessee,Nashville,2614 Jenkins Ct,3,2,0,0,1,,36.1820122,-86.8204302
1025272,"January 11, 2018",Missouri,Saint Robert (St Robert),St Robert Outer Road and Houston Road,2,2,0,0,1,,3.7831855,-92.1035309
1022067,"January 7, 2018",Alabama,Union Springs,US-29,1,5,0,0,0,,32.1385469,-8.5713471
1022055,"January 7, 2018",Florida,Plantation,5225 W Broward Blvd,0,4,0,0,0,,26.1219053,-80.2188382
1021788,"January 5, 2018",Mississippi,Hattiesburg,6168 US 49,0,6,0,0,1,,31.3269492,-89.3285509
1020574,"January 4, 2018",Arkansas,Brinkley,615 W 6th St,1,3,0,0,1,,34.9037107,-91.2000424
1018295,"January 1, 2018",Alabama,Huntsville,2025 Sparkman Dr NW,1,3,0,0,0,,34.7627935,-86.5945376
1582816,"December 29, 2019",Illinois,Danville,1803 block of Westview Ave,0,5,0,0,0,,40.1559932,-87.6146968
1582197,"December 29, 2019",New York,Buffalo,50 block of Henrietta Ave,1,3,0,0,0,,42.9564186,-788999286.9999999
1583444,"December 29, 2019",California,Ceres,800 block of Allacante Dr,0,5,0,0,0,,37.5907868,-120.9831814
1581590,"December 27, 2019",California,Modesto,1900 block of Vernon Ave,1,3,0,0,0,,37.6143978,-121.0272923
1581103,"December 27, 2019",Texas,Houston,500 block of Smart St,2,7,0,0,4,,29.8843557,-95.4057297
1581476,"December 27, 2019",Georgia,Kennesaw,1575 Ridenour Pkwy NW,0,4,0,0,0,,33.9913245,-84.5885521
1580308,"December 26, 2019",Florida,Saint Petersburg,4300 6th St S,0,5,0,0,0,,27.7295985,-826391228.9999999
1579889,"December 25, 2019",California,Oakland,2100 block of 34th Ave,0,4,0,0,0,,37.7838143,-122.2193704
1579970,"December 25, 2019",Iowa,Coralville,954 Boston Way,1,3,0,0,2,,41.6863713,-91.6015919
1579856,"December 25, 2019",Virginia,Richmond,1800 E Main St,1,3,0,0,0,,37.5329804,-774274018.9999999
1579266,"December 24, 2019",Louisiana,New Orleans,6400 block of General Meyer Ave,0,4,0,0,0,,2.9924103,-899846556.9999999
1594317,"December 24, 2019",Illinois,Joliet,1200 block of Cutter Ave,0,5,0,0,0,,41.5463532,-0.8805336
1579220,"December 24, 2019",North Carolina,High Point,1226 Montlieu Ave,0,6,0,0,0,,3.5979211,-7.9979822
1577577,"December 22, 2019",Maryland,Baltimore,225 Park Ave,0,7,0,0,0,,39.2925653,-766179521.9999999
1577688,"December 22, 2019",Minnesota,Minneapolis (Spring Lake Park),8407 Plaza Blvd NE,1,7,0,0,0,,45.1224397,-932343115.0
1577518,"December 22, 2019",Illinois,Chicago,5700 block of S May St,0,12,0,1,2,,4.1790408,-8.7653915
1578711,"December 21, 2019",Louisiana,Edgard,2555 LA-18,0,4,0,0,1,,30.0449509,-9.0566214
1577046,"December 20, 2019",Mississippi,Waynesboro,Turner St,1,6,0,0,1,,31.6706383,-88.6459689
1577438,"December 20, 2019",Alabama,Tuskegee,2900 block of Davison St,2,2,0,0,0,,32.3994182,-857202061.9999999
1575175,"December 18, 2019",Texas,San Antonio,2418 SW Military Dr,0,4,0,0,4,,29.3547088,-98.5323435
1573754,"December 17, 2019",Montana,Great Falls,1701 10th Ave S,3,1,1,0,0,,474944433.9999999,-111.2780256
1572275,"December 15, 2019",Georgia,Columbus,600 block of 32nd St,1,4,0,0,0,,32.4940719,-84.9851066
1573471,"December 14, 2019",California,Ivanhoe,15700 block of Paradise Ave,0,4,0,0,0,,36.3820772,-119.2221414
1571348,"December 12, 2019",Missouri,Saint Louis (Moline Acres),9900 block of Lewis and Clark Blvd,1,3,0,0,1,,38.7469282,-90.2397137
1568230,"December 10, 2019",New Jersey,Jersey City,223 Martin Luther King Dr,4,3,2,0,0,,40.7070672,-74.0837047
1567932,"December 8, 2019",Texas,Desoto,200 block of W Wintergreen Rd,2,3,0,0,0,,32.6185799,-96.8583359
1567231,"December 8, 2019",Louisiana,New Orleans,3801 Washington Ave,1,4,0,0,0,,29.9489138,-9.0099046
1565216,"December 6, 2019",Florida,Pensacola,280 Taylor Rd,3,8,1,0,0,,30.3553578,-87.2884112
1564524,"December 4, 2019",Alabama,Montgomery,500 Eastdale Rd S,2,2,0,0,0,,32.3731415,-862034602.9999999
1562685,"December 1, 2019",Michigan,Kalamazoo,6300 block of Proctor St,1,3,0,0,1,,42.2853321,-0.8550616
1562043,"December 1, 2019",Louisiana,Cotton Valley,116 Hawthorne Loop,2,3,0,0,1,,32.8132531,-934300139.0
1561966,"December 1, 2019",Louisiana,New Orleans,2000 block of N Dorgenois St,2,2,0,0,0,,29.9823104,-90.0649742
1561813,"December 1, 2019",Illinois,Aurora,700 block of S 5th St,1,4,0,0,0,,41.7521458,-8.8310628
1561734,"December 1, 2019",Louisiana,New Orleans,700 block of Canal St,0,11,0,1,2,,2.9953033,-900693556.0000001
1561398,"November 30, 2019",Arkansas,Hensley,6500 block of E Sardis Rd,0,5,0,0,1,,345440646.0000001,-92.3551414
1560645,"November 29, 2019",Texas,Amarillo,2650 Dumas Dr,0,7,0,0,0,,35.2418901,-101.8302841
1559257,"November 27, 2019",New York,Bronx,E 153rd St and Courtlandt Ave,0,5,0,0,1,,408193762.9999999,-73.9182821
1558067,"November 25, 2019",Florida,Brownsville,NW 29th Ave and 44th St,2,2,0,0,2,,25.8152069,-80.2425062
1557006,"November 24, 2019",Alabama,Birmingham,7 15th St W,1,4,0,0,0,,33.4996517,-868609525.9999999
1556633,"November 24, 2019",California,Los Angeles,100 block of E 11th St,0,6,0,0,0,,34.0390855,-118.2581521
1556984,"November 24, 2019",Louisiana,Cottonport,3846 LA-29,2,2,0,0,1,,30.9914766,-9.2080912
1555879,"November 23, 2019",California,Los Angeles,833 S Spring St,0,4,0,0,1,,34.0425292,-118.2546953
1556002,"November 23, 2019",Louisiana,Tallulah,Depot St,1,6,0,0,1,,3.2408048,-91.1882611
1554807,"November 21, 2019",Washington,Everett,120 West Casino Rd,0,4,0,0,1,,0.4792015,-122.2353271
1555135,"November 21, 2019",California,Long Beach,1100 block of 10th St,0,5,0,0,0,,33.7788199,-118.1788889
1554446,"November 20, 2019",California,Richmond,20th St and Roosevelt Ave,0,4,0,0,0,,37.9392976,-122.3419643
1552068,"November 18, 2019",New Jersey,Newark,139 S 8th St,1,4,0,0,0,,40.7455292,-74.1963567
1551531,"November 17, 2019",California,Fresno,5361 E Lamona Ave,4,6,0,0,4,,36.7609163,-119.7156482
1551162,"November 17, 2019",Ohio,Cleveland,7100 block of Lawn Ave,0,4,0,0,0,,41.4761682,-81.7337446
1550546,"November 16, 2019",California,San Diego,2152 Flintridge Dr,5,0,1,0,0,,32.6776098,-117.0690992
1548689,"November 14, 2019",California,Santa Clarita,21900 Centurion Way,2,3,1,0,0,,34.4422368,-118.5174813
1547021,"November 11, 2019",Florida,Belle Glade,SW 7th St,0,4,0,0,0,,26.6803706,-80.6760943
1546983,"November 11, 2019",Colorado,Aurora,384 S Ironton St,0,6,0,0,1,,39.7092413,-104.8634401
1546102,"November 10, 2019",Missouri,Kansas City,4704 Independence Ave,0,4,0,0,0,,39.1056856,-945270301.0
1546038,"November 10, 2019",Tennessee,Memphis,2080 E. Brooks Rd,1,4,0,0,0,,35.0611336,-89.9944113
1546155,"November 10, 2019",Arkansas,Little Rock,3000 block of W 12th St,0,4,0,0,0,,34.7401776,-923070914.0
1545955,"November 9, 2019",Michigan,Detroit,3800 block of E McNichols Rd,0,4,0,0,0,,42.4184189,-83.0629289
1545152,"November 9, 2019",North Carolina,Charlotte,2700 block of Lytham Dr,2,2,0,0,1,,35.1120291,-80.8634172
1546508,"November 9, 2019",Georgia,Vidalia,Wiggins St,0,4,0,0,2,,32.2279475,-8.2408407
1543835,"November 7, 2019",Georgia,Conyers,1800 block of Green St,1,3,1,0,0,,33.6844542,-839866189.9999999
1541774,"November 4, 2019",Texas,Houston,5000 block of Northridge Dr,1,3,0,1,0,,29.6714423,-95.3484953
1540863,"November 3, 2019",Ohio,Toledo,600 block of Magnolia St,0,4,0,0,0,,41.6618239,-83.5214369
1540841,"November 3, 2019",Texas,Nacogdoches,Sandyland Cir and CR 823,1,3,0,0,1,,3.1654174,-947326386.0000002
1540280,"November 2, 2019",Louisiana,Baton Rouge,137 Taylor St,0,4,0,0,0,,30.4260801,-91.1809433
1540240,"November 2, 2019",Michigan,Detroit,7000 block of E. Kirby,1,4,0,0,0,,42.3760529,-83.0224346
1539572,"November 1, 2019",Arizona,Tolleson,2434 S 86th Ln,0,5,0,0,0,,33.4248992,-112.2465528
1539557,"November 1, 2019",Texas,San Angelo,1616 S Chadbourne St,0,4,0,0,2,,31.4440552,-100.4334661
1539347,"October 31, 2019",California,Orinda,114 Lucille Way,5,3,0,0,0,,37.8734462,-122.1834296
1537992,"October 30, 2019",Pennsylvania,Philadelphia,5026 Walton Ave,4,0,0,0,1,,39.9491456,-75.2241463
1537044,"October 29, 2019",Maryland,Baltimore,4700 block of Liberty Heights Ave,1,3,0,0,0,,39.3316745,-76.6957389
1537672,"October 29, 2019",California,Long Beach,2709 E 7th St,3,9,0,0,11,,33.7755256,-118.1597533
1536787,"October 28, 2019",Maryland,Baltimore,4160 Pimlico Rd,1,3,0,0,0,,393372386.0000001,-766630955.9999999
1536706,"October 27, 2019",Michigan,Detroit,East Outer Dr and Helen St,0,4,0,0,0,,42.4411794,-83.0318322
1535629,"October 27, 2019",Michigan,Lansing,Balfour Dr and W Miller Rd,1,4,0,0,0,,42.6692109,-84.5762821
1535478,"October 26, 2019",Texas,Greenville,2275 US-380,2,6,0,0,0,,331362637.0000001,-961763316.0
1534704,"October 24, 2019",Oklahoma,Oklahoma City,1900 block of NW 12th St,2,2,0,0,0,,35.4813871,-975435271.0
1533166,"October 22, 2019",Oklahoma,Oklahoma City (Midwest City),7020 E Green Ave,1,3,0,0,0,,35.4495065,-97.3967019
1531326,"October 21, 2019",South Carolina,Sumter,29 Wesmark Blvd,0,4,0,0,1,,33.9523525,-80.3756516
1530965,"October 20, 2019",Texas,Port Arthur,1100 block of Vicksburg Ave,1,3,0,0,0,,29.8866772,-93.9317559
1530407,"October 19, 2019",Pennsylvania,Duquesne,600 block of Priscilla Ave,0,4,0,0,0,,40.3682131,-79.8495425
1530276,"October 19, 2019",Texas,El Paso,3812 Truman Ave,1,4,0,0,1,,31.8188724,-10.6447012
1527528,"October 15, 2019",Ohio,Columbus,1600 block of Manchester Ave,0,4,0,0,0,,40.0220989,-82.9686053
1525999,"October 13, 2019",Pennsylvania,Philadelphia,W Clearfield St and N 8th St,0,6,0,0,0,,39.9987934,-751437919.0000001
1526952,"October 13, 2019",Ohio,Akron,Main St,0,4,0,0,0,,41.0709625,-81.5243958
1525062,"October 12, 2019",New York,Brooklyn,75 Utica Ave,3,3,1,0,0,,40.6763851,-73.9301985
1525476,"October 12, 2019",Illinois,Chicago,6733 W Irving Park Rd,5,0,0,0,1,,41.9548816,-87.7516283
1525408,"October 12, 2019",Pennsylvania,Philadelphia,700 block of W Russell St,1,3,0,0,0,,4.0003591,-7.5141539
1525628,"October 12, 2019",Maryland,Baltimore,800 block of W Lexington St,1,3,0,0,0,,3.9291247,-76.6307695
1525265,"October 12, 2019",Michigan,Eastpointe,15163 E 10 Mile Rd,1,5,0,0,1,,42.4798297,-82.9644762
1523606,"October 10, 2019",Florida,Tampa,5410 N Falkenburg Rd,2,2,0,0,0,,27.9957813,-82.3353752
1524264,"October 10, 2019",Pennsylvania,Philadelphia,900 block of S 5th St,0,5,0,0,0,,39.9372944,-7.5151966
1522979,"October 9, 2019",Massachusetts,Lowell,149 Ennell Street,0,5,0,0,0,,42.6574699,-71.3092286
1523204,"October 9, 2019",Maryland,Baltimore,1600 block of W North Ave,1,3,0,0,0,,39.3103158,-76.6431805
1521226,"October 7, 2019",Massachusetts,Abington,135 Centre Ave,4,0,1,0,0,,42.1066876,-70.9385365
1520425,"October 6, 2019",Indiana,Evansville,1127 Chestnut St,0,5,0,0,1,,37.9731667,-875602220.9999999
1520499,"October 6, 2019",Colorado,Denver,7100 block of Ruth Way,0,4,0,0,0,,39.8257736,-105.0130289
1520330,"October 6, 2019",Kansas,Kansas City,1013 Central Ave,4,5,0,0,2,,39.1007999,-94.6360862
1520547,"October 5, 2019",Missouri,Saint Louis,10035 Crown Point Dr,0,5,0,0,0,,38.7508249,-90.2608123
1519090,"October 3, 2019",North Carolina,Roxboro,700 South Foushee St,1,3,0,0,0,,36.3833467,-78.9847808
1518859,"October 3, 2019",Missouri,Marshall,S Olson Ave,1,3,0,0,1,,39.1084679,-93.1935543
1517804,"October 1, 2019",Missouri,Saint Louis,Leonor K. Sullivan Blvd and Poplar St,0,4,0,0,0,,38.6210692,-9.0191766
1515312,"September 29, 2019",Illinois,Round Lake (Round Lake Park),500 block of Fairlawn Ave,1,3,0,0,0,,423572190.9999999,-88.0769297
1515242,"September 29, 2019",Wisconsin,Milwaukee,1500 block of N 29th St,0,4,0,0,0,,43.0500672,-8.7949991
1515128,"September 29, 2019",Florida,Jacksonville,2200 block of Clemente Dr,0,4,0,0,0,,30.3246984,-81.6880177
1517360,"September 29, 2019",Kansas,Claflin,1500 block of NE 100th Rd,0,4,0,0,0,,38.5074005,-98.4988036
1515327,"September 29, 2019",Texas,Beaumont,4100 block of Highland Ave,4,0,0,0,1,,30.0472821,-94.0854633
1511999,"September 24, 2019",Illinois,Chicago,2000 block of South Hoyne Ave,1,3,0,0,0,,41.8549039,-876783772.0000001
1510411,"September 23, 2019",Indiana,Gary,1600 block of Connecticut St,2,2,0,0,1,,4.1586842,-8.7334783
1509721,"September 22, 2019",Missouri,Kansas City,2111 Television Plaza,0,5,0,0,0,,39.0419692,-94.5926089
1509411,"September 21, 2019",Louisiana,New Orleans,Poland Ave and St. Claude Ave,0,4,0,0,0,,29.9648352,-90.0314001
1508804,"September 21, 2019",South Carolina,Lancaster,1399 Old Charlotte Rd,2,8,0,0,1,,34.7418813,-80.7782188
1512486,"September 21, 2019",Ohio,Cleveland,3616 East 144th St,4,0,0,0,1,,41.4611899,-81.5815732
1509510,"September 21, 2019",Indiana,Indianapolis,101 W Maryland St,0,6,0,0,0,,39.7655527,-8.6160219
1508859,"September 20, 2019",Louisiana,New Orleans,Canal Blvd and City Park Ave,1,5,0,0,1,,29.9820817,-901106639.0
1507939,"September 19, 2019",District of Columbia,Washington,1300 block of Columbia Rd NW,1,5,0,0,0,,38.9274351,-77.0306145
1507156,"September 18, 2019",Illinois,Chicago,4200 block of W Madison St,3,1,0,0,0,,41.8809868,-877309210.9999999
1507092,"September 18, 2019",California,Wilmington,800 block of Bayview Ave,2,2,0,0,0,,33.7797201,-118.2697854
1505354,"September 16, 2019",Wyoming,Cheyenne,3436 E 11th St,2,2,0,0,1,,41.1356782,-104.7661194
1504030,"September 14, 2019",Missouri,Saint Louis,5200 block of Tennessee Ave,1,3,0,0,0,,38.5707956,-90.2506671
1504012,"September 14, 2019",California,Oakland,38th Ave and MacArthur Blvd,1,4,0,0,1,,37.7905763,-122.1977588
1504387,"September 14, 2019",Georgia,Lagrange,1400 block of Elm St,0,4,0,0,1,,33.0178538,-85.0429033
1503192,"September 12, 2019",New Mexico,Albuquerque,1028 Lura Pl SW,4,2,0,0,0,,350640205.0000001,-106.6842008
1501350,"September 10, 2019",Illinois,Chicago,2200 block of W Maypole Ave,0,4,0,0,0,,41.8841147,-876818170.9999999
1499460,"September 8, 2019",South Carolina,Sumter,1083 Broad St,2,2,0,0,3,,33.9507538,-80.3761735
1500098,"September 8, 2019",Louisiana,Alexandria,2900 block of Cypress St,1,3,0,0,1,,31.2856508,-92.4439014
1499300,"September 7, 2019",North Carolina,Whiteville,Brittany Ln,3,1,0,0,2,,34.2481902,-78.6850442
1497180,"September 4, 2019",Florida,Jacksonville,400 W 62nd St,0,4,0,0,0,,303842645.9999999,-81.6589894
1497702,"September 4, 2019",Louisiana,Marrero,3044 Sorbonne Dr,2,2,0,0,2,,29.8508707,-90.1192349
1494697,"September 2, 2019",North Carolina,Greensboro,5528 W Market St,2,2,0,0,0,,36.0771192,-798900520.9999999
1495141,"September 2, 2019",Illinois,Chicago,6200 block of S King Dr,0,4,0,0,0,,41.7819848,-87.6159995
1495192,"September 2, 2019",Alabama,Elkmont,25019 Ridge Road,5,0,0,0,1,,34.9211151,-869698203.9999999
1494113,"September 1, 2019",Connecticut,Hartford,80 Edgewood St,1,3,0,0,3,,41.7796099,-72.6911868
1494669,"September 1, 2019",North Carolina,Rocky Mount,521 Country Club Road,0,4,0,0,0,,35.9665833,-77.8255913
1494548,"September 1, 2019",Alabama,Valley,502 Boulevard,0,7,0,0,1,,32.7911969,-85.1871199
1493374,"September 1, 2019",Ohio,Toledo,3257 Stickney Ave,0,4,0,0,0,,41.6827136,-83.5271169
1492778,"August 31, 2019",North Carolina,Charlotte,10035 Dabney Dr,1,3,0,0,0,,0.3531339,-807179767.0000001
1492377,"August 31, 2019",South Carolina,Moncks Corner,336 Maplewood Rd,0,4,0,0,0,,3.3156254,-80.0383634
1492441,"August 31, 2019",Texas,Odessa,8250 TX 191,7,23,1,0,0,,31.9246262,-102.2846595
1492264,"August 31, 2019",Pennsylvania,Philadelphia,4600 block of 4th St,2,2,0,0,0,,40.0208834,-75.1320104
1493429,"August 31, 2019",Maryland,Baltimore,900 block of N Monroe St,0,4,0,0,0,,39.2991074,-76.6476522
1492297,"August 31, 2019",Maryland,Frederick,600 block of N Market St,0,4,0,0,3,,394217423.0000001,-774096608.9999999
1493038,"August 31, 2019",Illinois,Chicago,7100 block of S Paulina St,2,3,0,0,0,,41.7648873,-87.6662489
1491495,"August 30, 2019",Maryland,Baltimore,1600 block of E 29th St,1,3,0,0,0,,39.3249316,-7.6592913
1492087,"August 30, 2019",Alabama,Mobile,1621 Virginia St,0,9,0,0,1,,30.6726132,-880766594.9999999
1490466,"August 29, 2019",Maryland,Baltimore,2500 block of E Monument St,1,3,0,0,0,,39.2990019,-7.6582112
1487729,"August 25, 2019",New Mexico,Hobbs,1700 block of E Bond St,3,4,0,0,1,,32.7036974,-103.1162685
1487573,"August 25, 2019",Illinois,Chicago,8200 block of S Maryland Ave,1,3,0,0,0,,417456016.9999999,-87.6041113
1487356,"August 24, 2019",Maryland,Temple Hills (Camp Springs),6200 block of Maxwell Dr,0,7,0,0,0,,38.8173635,-76.8982963
1487224,"August 24, 2019",Massachusetts,Lynn,Warren Street,1,3,0,0,3,,42.4612882,-70.9601042
1486232,"August 23, 2019",Texas,Houston,4900 block of Southwind St,2,2,1,0,1,,29.6779794,-95.3503175
1489373,"August 23, 2019",Georgia,Dublin,200 Riverview Park Dr,0,4,0,0,1,,325172282.0000001,-828972170.9999999
1486675,"August 23, 2019",Missouri,Saint Louis,1122 Union Blvd,1,3,0,0,0,,38.6578296,-902722073.0
1485340,"August 22, 2019",South Carolina,Columbia,851 Bush River Rd,2,2,0,0,1,,34.0304399,-81.1003416
1485548,"August 22, 2019",California,Los Angeles,300 block of West Fifth St,0,4,0,0,0,,34.0480568,-118.2510087
1484335,"August 20, 2019",Georgia,Atlanta,111 James P Brawley Dr SW,0,4,0,0,2,,33.7515371,-84.4135506
1482199,"August 18, 2019",Missouri,Kansas City,770 W 47th St,0,4,0,0,0,,39.0429588,-94.5956861
1481989,"August 17, 2019",Texas,Houston,12500 block of Mylla St,0,6,0,0,0,,29.7625933,-952154794.0
1480326,"August 15, 2019",Alabama,Montgomery,847 N University Dr,2,3,0,0,2,,32.3656317,-86.2974065
1479894,"August 15, 2019",Pennsylvania,Philadelphia,1400 block of W Conlyn St,0,5,0,0,0,,40.0419727,-75.1440851
1478869,"August 14, 2019",Pennsylvania,Philadelphia,3716 N 15th St,0,6,0,0,1,,40.0100353,-751529726.9999999
1479395,"August 13, 2019",Washington,Tacoma,E 38th St and E Roosevelt Ave,2,3,0,0,0,,47.2230912,-122.3988316
1478480,"August 12, 2019",Mississippi,Greenwood,200 Young St,0,4,0,0,1,,33.5191121,-901740632.0
1475924,"August 11, 2019",Illinois,Chicago,3500 block of W Lake St,0,6,0,0,0,,41.8849802,-877136946.9999999
1475361,"August 10, 2019",Virginia,Richmond,6346 Midlothian Turnpike,0,4,0,0,0,,37.5044366,-77.5138084
1476271,"August 10, 2019",California,San Francisco,1100 Fillmore St,0,4,0,0,0,,377798583.9999999,-122.4317264
1475208,"August 9, 2019",Illinois,Chicago,7300 block of S Artesian Ave,0,4,0,0,0,,417608934.9999999,-876846738.9999999
1472641,"August 7, 2019",Missouri,Saint Louis,4900 block of Plover Ave,3,1,0,0,0,,38.6951401,-902563637.0
1469344,"August 5, 2019",New York,Brooklyn,216 Buffalo Ave,0,4,0,0,0,,406717419.9999999,-739255240.9999999
1527721,"August 4, 2019",Louisiana,Lake Charles,110 Pryce St,0,4,0,0,5,,30.2343763,-0.9321768
1468190,"August 4, 2019",Illinois,Chicago,1800 S Kildare Ave,1,7,0,0,0,,41.8569385,-87.7325752
1468799,"August 4, 2019",Tennessee,Memphis,443 E Shelby Dr,1,3,0,0,0,,35.0204491,-900492156.9999999
1468091,"August 4, 2019",Illinois,Chicago,2900 block of W Roosevelt Rd,0,7,0,0,0,,41.8667567,-876985905.0000001
1467828,"August 4, 2019",Ohio,Dayton,419 E 5th St,9,17,1,0,0,,39.7574041,-84.1843796
1466705,"August 3, 2019",Texas,El Paso,7101 Gateway Blvd,23,23,0,0,1,,31.7771762,-106.3843811
1467157,"August 2, 2019",Virginia,Suffolk,200 block of N Broad St,1,3,1,0,0,,36.7315724,-76.5931368
1462317,"July 30, 2019",Ohio,Columbus,1280 E Long St,0,5,0,0,0,,399689920.0000001,-8.2967171
1460630,"July 28, 2019",Pennsylvania,Philadelphia,2600 block of Carroll St,1,5,0,0,0,,39.9175758,-75.2336047
1460448,"July 28, 2019",California,Gilroy,7050 Miller Ave,3,17,1,0,0,,36.9962264,-121.5853281
1461352,"July 28, 2019",Wisconsin,Chippewa Falls,16964 54th Ave,4,2,1,0,0,,44.9206607,-913278379.0
1459941,"July 28, 2019",District of Columbia,Washington,637 T St NW,0,4,0,0,1,,38.9156966,-77.0213891
1460726,"July 28, 2019",Illinois,Chicago,3938 W Roosevelt Rd,0,4,0,0,0,,41.8664206,-87.7247075
1459389,"July 27, 2019",Kansas,Wichita,505 N Rock Rd,1,3,0,0,1,,37.6960492,-97.2469258
1459718,"July 27, 2019",New York,Brooklyn,1555 Linden Blvd,1,11,0,0,1,,406564811.9999999,-739028218.9999999
1459201,"July 26, 2019",Washington,Kennewick,E 10th Ave,1,3,0,0,0,,46.1981743,-119.0991893
1457165,"July 25, 2019",California,Canoga Park,21901 Roscoe Boulevard,4,2,0,0,1,,3.4220124,-118.6047055
1453327,"July 21, 2019",Illinois,Chicago,3900 block of Roosevelt Rd,0,4,0,0,0,,41.8664502,-8.7722873
1453884,"July 21, 2019",District of Columbia,Washington,2300 block of 15th St NE,0,4,0,0,0,,38.9219143,-76.9837647
1452654,"July 20, 2019",Pennsylvania,Clairton,501 Waddell Ave,0,4,0,0,0,,40.2943944,-79.8862177
1452617,"July 20, 2019",Illinois,Chicago,2401 N Lake Shore Dr,0,7,0,0,0,,41.9270754,-87.6306663
1450767,"July 18, 2019",Illinois,Chicago,3427 W Fulton Blvd,1,3,0,0,0,,418860667.0000001,-87.7122636
1450124,"July 17, 2019",Texas,Lubbock,N Elder Ave and E Colgate St,1,3,0,0,3,,33.6024732,-101.8029804
1449602,"July 16, 2019",Texas,San Antonio,6989 San Pedro Ave,0,4,0,0,1,,29.5076073,-98.4998754
1448578,"July 15, 2019",Georgia,Atlanta,1572 Hardee St NE,0,4,0,0,0,,33.7555946,-84.3366827
1447456,"July 14, 2019",Illinois,Chicago,4600 block of W Erie St,0,4,0,0,0,,41.8925395,-87.7414118
1446611,"July 13, 2019",Illinois,Chicago,7900 block of S Loomis Blvd,1,4,0,0,0,,417504342.9999999,-87.6585988
1447057,"July 13, 2019",Pennsylvania,Philadelphia,5433 Lansdowne Ave,0,7,0,0,0,,39.9773526,-75.2313077
1445066,"July 11, 2019",Texas,Houston,5901 Royal Palms St,0,4,0,0,0,,29.6977302,-953314050.0
1441967,"July 8, 2019",District of Columbia,Washington,3900 Martin Luther King Jr Ave SW,2,2,0,0,0,,3.8832444,-770087874.0000002
1441565,"July 7, 2019",Michigan,Flint,Clio Rd and Myrtle St,0,6,0,0,0,,43.0503962,-837326861.9999999
1441613,"July 7, 2019",Missouri,Saint Louis,N Tucker Blvd and Convention Plaza,0,5,0,0,0,,38.6331962,-90.1960873
1441396,"July 7, 2019",Illinois,Chicago,5600 block of S Paulina St,0,4,0,0,0,,41.7920645,-87.6672825
1441296,"July 7, 2019",Illinois,Chicago,600 block of W 61st Pl,0,4,0,0,0,,4.1783262,-8.7639763
1441317,"July 7, 2019",New Mexico,Albuquerque,211 Gold Ave SW,0,4,0,0,0,,35.0835857,-106.6499332
1441427,"July 6, 2019",California,San Jose,3036 Quinto Way,0,4,0,0,0,,37.2680245,-121.9141819
1441721,"July 6, 2019",Missouri,Saint Louis,1921 Chambers Rd,5,0,0,0,1,,38.7496112,-90.2639887
1440510,"July 5, 2019",Massachusetts,Boston,Maple St,0,6,0,0,0,,0.0422908,-71.1568816
1440879,"July 5, 2019",Nevada,Reno,600 block of Spokane St,1,3,0,2,3,,3.9534903,-11.9800418
1439593,"July 5, 2019",Illinois,Chicago,1600 block of E 67th St,0,5,0,0,0,,41.7733524,-87.5850901
1440257,"July 5, 2019",New York,Brooklyn,Elton St and Belmont Ave,0,4,0,0,0,,40.6724815,-73.8830758
1440765,"July 4, 2019",Illinois,Rockford,1100 block of Preston St,0,4,0,0,0,,42.2714753,-89.1063238
1439737,"July 4, 2019",California,Los Angeles,1900 block of Adair St,0,4,0,0,0,,34.0280142,-118.2582858
1438971,"July 4, 2019",Illinois,Chicago,800 block of N Homan Ave,1,3,0,0,1,,41.8955156,-877114448.9999999
1439765,"July 4, 2019",California,Fresno,4700 block of E Hamilton Ave,1,3,0,0,0,,36.7245752,-119.7409002
1439042,"July 3, 2019",Texas,Katy,5507 Everhart Manor Ln,1,3,1,0,0,,29.7177694,-9.5796973
1438602,"July 2, 2019",Missouri,Saint Louis (Wellston),6250 Page Ave,0,4,0,0,0,,38.6714134,-902936080.0
1437094,"July 1, 2019",Maryland,Baltimore,1200 block of N Luzerne Ave,0,4,0,0,0,,39.3049179,-76.5814786
1435804,"June 30, 2019",California,Oakland,3000 block of Brookdale Ave,0,4,0,0,0,,37.7924237,-122.2155321
1436545,"June 30, 2019",California,Yucaipa,12700 block of California St,0,5,0,0,0,,34.0228929,-11.7039234
1436254,"June 30, 2019",Texas,Dallas,3535 Munger Ave,2,2,0,0,0,,32.7980365,-96.7897912
1435578,"June 30, 2019",New York,Bay Shore,Farragut Ave,0,6,0,0,0,,4.0746988,-73.2610992
1435041,"June 29, 2019",Connecticut,Hartford,Judson St and Martin St,0,4,0,0,0,,41.7893425,-72.6799544
1435297,"June 29, 2019",Louisiana,Gray,2700 block of W Park Ave,0,4,0,0,0,,29.7234255,-90.7995926
1434931,"June 29, 2019",Illinois,Chicago,2400 block of W Jackson Blvd,0,5,0,0,0,,41.8776696,-87.6865761
1435028,"June 29, 2019",Louisiana,Baton Rouge,7132 Florida Blvd,0,7,0,0,1,,30.4511343,-911157045.0
1434882,"June 28, 2019",New Jersey,Paterson,50 block of Jefferson St,0,4,0,0,0,,40.9256128,-74.1711345
1434602,"June 28, 2019",Connecticut,Hamden,937 Choate Ave,0,5,0,0,0,,414219570.0000001,-72.9375712
1434971,"June 28, 2019",Georgia,Atlanta,Ira St and Bass St SW,0,7,0,0,0,,33.7356504,-84.3999698
1434893,"June 28, 2019",New Jersey,Jersey City,167 Armstrong Ave,0,4,0,0,0,,40.7027342,-74.0873695
1435217,"June 28, 2019",Minnesota,Saint Paul,909 Desoto St,0,5,0,0,0,,44.9686583,-93.0814772
1432989,"June 27, 2019",Georgia,Atlanta,600 block of Parkway Dr,0,7,0,0,0,,33.7708803,-84.3730704
1433857,"June 26, 2019",Wisconsin,Milwaukee,2800 block of N 34th St,0,4,0,0,0,,43.0698833,-87.9559238
1432930,"June 26, 2019",Ohio,Akron,900 block of Rowe St,1,3,0,0,5,,41.0539403,-815020543.0000001
1429475,"June 23, 2019",California,La Jolla,7500 block of Draper Ave,1,3,0,0,2,,32.8396745,-117.2761302
1429810,"June 23, 2019",California,San Jose,568 Habbitts Court,4,0,1,0,0,,37.3010716,-121.8417386
1429047,"June 23, 2019",Indiana,South Bend,1150 E Mishawaka Ave,1,10,0,0,1,,41.6663988,-86.2330296
1429480,"June 23, 2019",Ohio,Columbus,1767 Genessee Ave,0,5,0,0,0,,40.0187718,-82.9634019
1429338,"June 23, 2019",South Carolina,Abbeville,1108 Cambridge St,3,1,0,0,1,,34.1883941,-823626472.9999999
1429399,"June 22, 2019",Virginia,Hampton,1st St and E Pembroke Ave,0,4,0,0,1,,37.0404966,-76.2917672
1429022,"June 22, 2019",Pennsylvania,Philadelphia,2400 block of Moore St,0,4,0,0,0,,39.9300722,-75.1853043
1428595,"June 22, 2019",Maryland,Baltimore,800 block of N Port St,1,4,0,0,0,,39.3002061,-76.5832337
1428788,"June 21, 2019",Michigan,Saginaw,1506 N Charles St,1,3,0,0,0,,43.4296369,-83.9677083
1427483,"June 21, 2019",Illinois,Chicago,6300 block of S King Dr,0,4,0,0,0,,41.7792315,-87.6160233
1428047,"June 21, 2019",California,Santa Maria,519  West Taylor St,4,0,1,0,0,,34.9752965,-120.4407046
1428229,"June 21, 2019",California,Richmond,700 block of 14th St,0,5,0,0,0,,37.9421232,-122.3564318
1426537,"June 20, 2019",Pennsylvania,Allentown,343 Hamilton St,0,10,0,0,2,,40.6050215,-75.4629193
1425193,"June 18, 2019",New Jersey,Newark,700 block of Dr Martin Luther King Jr Blvd,1,4,0,0,0,,40.7283187,-741815623.9999999
1425161,"June 17, 2019",Texas,San Antonio,E Market St and Tower of the Americas Way,0,4,0,0,0,,29.4213971,-98.4809971
1424957,"June 17, 2019",Tennessee,Memphis,2872 Coach Dr,0,5,0,0,0,,35.2042932,-89.9250556
1423697,"June 16, 2019",Pennsylvania,Philadelphia,6900 block of Reedbird Pl,1,5,0,0,0,,39.9143584,-75.2309264
1423330,"June 16, 2019",Kentucky,Louisville,Dixie Highway and Ormsby Ave,1,6,0,0,0,,38.2354488,-85.7875737
1423435,"June 16, 2019",Iowa,Des Moines,1200 block of Sampson St,0,6,0,0,0,,41.6008497,-93.5927031
1422981,"June 15, 2019",Louisiana,Shreveport,2500 block of Hollywood Ave,0,4,0,0,0,,32.4570365,-937775598.0
1420933,"June 12, 2019",North Carolina,Charlotte,305 N Graham St,1,3,0,0,2,,3.5232551,-80.8444845
1419305,"June 11, 2019",Colorado,Aurora,12500 block of E Kansas Pl,0,4,0,0,0,,39.6946693,-104.8425879
1420432,"June 11, 2019",Georgia,Savannah,6900 Block of Damascus Rd,2,2,0,0,1,,32.0045075,-81.0727337
1418533,"June 9, 2019",Ohio,Cleveland,17218 Tarkington Ave,1,3,0,0,0,,4.1431398,-8.1562472
1418548,"June 9, 2019",New York,Buffalo,2081 Niagara St,0,4,0,0,0,,4.2941147,-789053742.9999999
1418457,"June 9, 2019",Tennessee,Henning,265 N Main St,1,3,0,0,0,,3.5673603,-8.9572743
1418180,"June 8, 2019",Washington,White Swan,5151 Medicine Valley Rd,5,2,0,0,2,,464259330.9999999,-120.8173318
1417570,"June 8, 2019",Illinois,Chicago,3500 block of W North Ave,0,4,0,0,0,,41.9102576,-87.7141475
1417716,"June 7, 2019",Texas,Austin,8220 TX-71,0,5,0,0,1,,30.2475924,-97.8863259
1416374,"June 6, 2019",Illinois,Chicago,2500 block of N Lake Shore Dr,1,3,0,0,0,,41.9403139,-8.7639842
1415399,"June 5, 2019",California,Santa Rosa,828 W 9th Street,0,4,0,0,3,,38.4408223,-122.7347242
1412419,"June 1, 2019",South Carolina,Allendale,473 Main St S,0,5,0,0,0,,33.0059004,-81.3101052
1411598,"June 1, 2019",Illinois,Chicago,300 block of East Chicago Ave,0,4,0,0,0,,4.1897099,-876181084.9999999
1411408,"June 1, 2019",Virginia,Portsmouth,1100 block of Mt Vernon Ave,1,3,0,0,1,,3.6836407,-763359823.9999999
1412243,"June 1, 2019",Illinois,Chicago,5600 block of West Madison St,0,4,0,0,0,,41.8807263,-87.7650676
1411963,"June 1, 2019",Georgia,Atlanta,12 Broad Street,0,4,0,1,0,,33.7553354,-84.3897971
1412430,"June 1, 2019",Georgia,Macon,Suzanne Dr and Robinson Dr,2,4,0,0,2,,32.8423155,-83.6916818
1410442,"May 31, 2019",Virginia,Virginia Beach,2405 Courthouse Drive,12,4,1,0,0,,36.7510134,-760574168.9999999
1411661,"May 31, 2019",California,West Covina,306 N Hollow Ave,1,3,0,0,1,,34.0754806,-11.7936319
1410329,"May 30, 2019",Illinois,Robbins,14000 block of Grace Ave,0,5,0,0,0,,41.6383103,-87.7058335
1408289,"May 29, 2019",Texas,Cleveland,26311 TX-321,2,2,1,0,0,,30.3255657,-95.0500946
1409255,"May 29, 2019",Louisiana,Reserve,300 block of Homewood Place,1,3,0,0,2,,30.0686124,-90.5450374
1407941,"May 27, 2019",Missouri,Saint Louis,5900 block of Goodfellow Blvd,2,2,0,0,0,,38.7134144,-902548026.0
1406330,"May 27, 2019",District of Columbia,Washington,1200 block of Sumner Rd SE,0,5,0,0,0,,388611043.9999999,-769972246.9999999
1407189,"May 27, 2019",New Jersey,Trenton,100 block of Walnut St,1,5,0,0,0,,40.2209711,-74.7489382
1405445,"May 26, 2019",District of Columbia,Washington,3509 Wheeler Rd SE,1,3,0,0,0,,388392696.0000001,-769941197.9999999
1405749,"May 26, 2019",Virginia,La Crosse,800 block of Alvis Road,0,5,0,0,3,,36.6091459,-7.8027849
1406070,"May 26, 2019",California,Stockton,600 block of E Oak St,1,3,0,0,0,,37.9598108,-121.2849029
1404417,"May 25, 2019",New Jersey,Trenton,225 Brunswick Ave,0,9,0,0,0,,40.2281316,-7.4761325
1404580,"May 25, 2019",Michigan,Detroit,3400 block of Devonshire,3,2,0,0,1,,42.3901645,-82.9344002
1405196,"May 25, 2019",Virginia,Chesapeake,Holly Cove Dr and Schooner Trail,1,9,0,0,0,,367998706.0000001,-0.7639959
1405317,"May 25, 2019",Maryland,Baltimore,500 block of N Belnord Ave,0,4,0,0,0,,39.2971871,-76.5788145
1405221,"May 25, 2019",Oklahoma,Oklahoma City,N Kelley Ave and NE 26th St,0,5,0,0,0,,35.4968757,-97.4944388
1400095,"May 20, 2019",Oklahoma,Tulsa,8118 E 16th St,2,2,0,0,1,,36.1383811,-958855228.0
1400146,"May 20, 2019",Louisiana,Alexandria,1900 block of Bacon Street,1,4,0,0,1,,31.2863466,-92.4558352
1400561,"May 20, 2019",Ohio,Columbus,2424 Sullivant Ave,0,4,0,0,0,,39.9456147,-830634779.9999999
1399820,"May 19, 2019",Oregon,Portland,226 SE Madison St,0,5,0,0,0,,45.5127183,-122.6631109
1399017,"May 18, 2019",Mississippi,Cascilla,700 Leverette Ln,0,4,1,0,0,,33.8848664,-90.1201993
1398553,"May 18, 2019",Alabama,Atmore,100 Martin Luther King Avenue,1,8,0,0,2,,31.0319254,-874791085.9999999
1398593,"May 18, 2019",California,Long Beach,1616 West Pacific Coast Highway,1,4,0,0,0,,33.7896205,-118.2142617
1398584,"May 18, 2019",Iowa,Cedar Rapids,70 Kirkwood Ct SW,2,2,0,0,1,,41.9216635,-91.6554073
1400934,"May 18, 2019",Nebraska,Omaha,2825 Y St,0,4,0,0,0,,41.1974141,-95.9558886
1399346,"May 18, 2019",North Carolina,Winston Salem (Winston-salem),4252 Cody Drive,2,4,0,0,0,,36.1501776,-80.2511289
1398538,"May 18, 2019",Indiana,Muncie,2410 W. Euclid Ave,1,6,0,0,1,,40.2073129,-85.4148007
1398876,"May 17, 2019",California,Sacramento,7326 Stockton Blvd,1,3,0,0,0,,38.4908073,-121.4276385
1397521,"May 16, 2019",Ohio,Cleveland,9500 Cardwell Ave,0,4,0,0,0,,41.4347701,-816174032.9999999
1396491,"May 15, 2019",Louisiana,Saint Rose,100 block of St. Rose Ave,0,4,0,0,1,,29.9458555,-9.0316785
1395560,"May 14, 2019",California,Los Angeles,1248 W 47th St,0,4,0,0,0,,34.0003565,-118.2970601
1393960,"May 13, 2019",Louisiana,New Orleans,2100 block of 4th St,0,4,0,0,1,,29.9355651,-90.0882297
1394330,"May 13, 2019",Missouri,Saint Louis,4047 Shreve Ave,4,1,0,0,0,,38.6773932,-90.2434426
1392923,"May 11, 2019",Pennsylvania,Effort,Toll Rd and Bayberry Rd,0,4,0,0,1,,40.9813323,-754740166.9999999
1391971,"May 10, 2019",Pennsylvania,Philadelphia,1900 block of N Croskey St,0,5,0,0,0,,39.9836209,-75.1712445
1392313,"May 10, 2019",Missouri,Saint Louis,4000 block of Ashland Ave,0,6,0,0,0,,38.6626594,-902265485.0
1390764,"May 8, 2019",Indiana,Indianapolis,Roache St and Rader St,0,4,0,0,0,,39.8046292,-86.1780773
1389220,"May 7, 2019",Colorado,Littleton (Highlands Ranch),8773 S Ridgeline Blvd,1,8,0,0,2,,39.5558704,-104.9973614
1386962,"May 5, 2019",New Jersey,North Bergen,2033 45th Street,1,3,0,1,1,,40.7846615,-74.0352563
1387170,"May 5, 2019",California,Oceano,1001 Cabrillo Hwy,0,6,0,0,1,,35.1124943,-120.6255867
1386510,"May 4, 2019",Missouri,Saint Louis,Union Blvd and Northland Ave,1,4,0,0,0,,38.6713543,-90.2638016
1386929,"May 4, 2019",Indiana,Indianapolis,101 W Maryland St,0,4,0,0,0,,39.7655527,-8.6160219
1387245,"May 4, 2019",California,Stockton,5105 Holiday Dr,1,4,0,0,0,,38.0012191,-121.2972424
1386575,"May 4, 2019",Delaware,Wilmington,W 27th St and Tatnall St,0,4,0,0,0,,39.7557918,-755356604.9999999
1386481,"May 3, 2019",Texas,Dallas,5400 Cedar Springs Rd,1,3,0,0,0,,3.2823073,-9.6828403
1386085,"May 3, 2019",Maryland,Baltimore,1900 block of Ramsay St,0,5,0,0,0,,39.2832991,-76.6471598
1385642,"May 3, 2019",Maryland,Baltimore,2500 block of E Biddle St,0,4,0,0,3,,39.3049256,-765824995.9999999
1384553,"May 1, 2019",Massachusetts,Boston,32 Windermere Rd,1,3,0,0,0,,42.3138531,-71.0626171
1383752,"April 30, 2019",North Carolina,Charlotte,9214 South Library Ln,2,4,0,0,1,,3.5305966,-8.0730937
1381857,"April 28, 2019",Tennessee,Nashville,1407 Dr DB Todd Jr Blvd,0,7,0,0,0,,36.1719254,-868079310.9999999
1382099,"April 28, 2019",Alabama,Birmingham,514 19th St Ensley,0,4,0,0,0,,33.5129606,-86.8961116
1382711,"April 28, 2019",Ohio,West Chester,4637 Wyndtree Dr,4,0,0,0,1,,39.3506968,-844677983.9999999
1381979,"April 28, 2019",Maryland,Baltimore,2544 Edmondson Ave,1,7,0,0,0,,39.2949038,-766577485.9999999
1381771,"April 27, 2019",Mississippi,Jackson,700 block of Monterey St,1,3,0,0,0,,32.2763824,-902271656.0
1381273,"April 27, 2019",California,Poway,16934 Chabad Way,1,3,0,0,1,,33.0191553,-117.0532021
1381734,"April 27, 2019",California,Los Angeles,700 N San Fernando Rd,0,6,0,0,0,,34.0895482,-118.2263631
1377519,"April 21, 2019",Pennsylvania,Philadelphia,1500 block of South 31st St,0,4,0,0,0,,39.9352603,-751957080.9999999
1376873,"April 20, 2019",Tennessee,Memphis,761 Chestnut Ave,0,6,0,0,0,,35.1020488,-9.0037286
1376883,"April 19, 2019",Kansas,Wichita,1628 S George Washington Blvd,0,4,0,0,1,,37.6690174,-97.3045638
1375235,"April 18, 2019",Kentucky,Louisville,4000 block of Bells Ln,0,4,0,0,0,,3.8222716,-85.8223211
1373557,"April 16, 2019",Maryland,Germantown,18700 block of Curry Powder Ln,1,3,0,0,0,,39.1623196,-77.2646817
